ISO-10303-21;
HEADER;
FILE_DESCRIPTION(('KiCad electronic assembly'),'2;1');
FILE_NAME('Racing_Hub.step','2026-06-11T22:42:06',('Pcbnew'),('Kicad'),
  'Open CASCADE STEP processor 7.9','KiCad to STEP converter','Unknown'
  );
FILE_SCHEMA(('AUTOMOTIVE_DESIGN { 1 0 10303 214 1 1 1 1 }'));
ENDSEC;
DATA;
#1 = APPLICATION_PROTOCOL_DEFINITION('international standard',
  'automotive_design',2000,#2);
#2 = APPLICATION_CONTEXT(
  'core data for automotive mechanical design processes');
#3 = SHAPE_DEFINITION_REPRESENTATION(#4,#10);
#4 = PRODUCT_DEFINITION_SHAPE('','',#5);
#5 = PRODUCT_DEFINITION('design','',#6,#9);
#6 = PRODUCT_DEFINITION_FORMATION('','',#7);
#7 = PRODUCT('Racing_Hub 1','Racing_Hub 1','',(#8));
#8 = PRODUCT_CONTEXT('',#2,'mechanical');
#9 = PRODUCT_DEFINITION_CONTEXT('part definition',#2,'design');
#10 = SHAPE_REPRESENTATION('',(#11,#15,#19,#23,#27,#31),#35);
#11 = AXIS2_PLACEMENT_3D('',#12,#13,#14);
#12 = CARTESIAN_POINT('',(0.,0.,0.));
#13 = DIRECTION('',(0.,0.,1.));
#14 = DIRECTION('',(1.,0.,-0.));
#15 = AXIS2_PLACEMENT_3D('',#16,#17,#18);
#16 = CARTESIAN_POINT('',(13.,-20.,12.595));
#17 = DIRECTION('',(-1.,1.110223024625E-16,1.110223024625E-16));
#18 = DIRECTION('',(1.110223024625E-16,1.,0.));
#19 = AXIS2_PLACEMENT_3D('',#20,#21,#22);
#20 = CARTESIAN_POINT('',(0.,0.,0.));
#21 = DIRECTION('',(0.,0.,1.));
#22 = DIRECTION('',(1.,0.,-0.));
#23 = AXIS2_PLACEMENT_3D('',#24,#25,#26);
#24 = CARTESIAN_POINT('',(0.,0.,0.));
#25 = DIRECTION('',(0.,0.,1.));
#26 = DIRECTION('',(1.,0.,-0.));
#27 = AXIS2_PLACEMENT_3D('',#28,#29,#30);
#28 = CARTESIAN_POINT('',(0.,0.,0.));
#29 = DIRECTION('',(0.,0.,1.));
#30 = DIRECTION('',(1.,0.,-0.));
#31 = AXIS2_PLACEMENT_3D('',#32,#33,#34);
#32 = CARTESIAN_POINT('',(0.,0.,0.));
#33 = DIRECTION('',(0.,0.,1.));
#34 = DIRECTION('',(1.,0.,-0.));
#35 = ( GEOMETRIC_REPRESENTATION_CONTEXT(3) 
GLOBAL_UNCERTAINTY_ASSIGNED_CONTEXT((#39)) GLOBAL_UNIT_ASSIGNED_CONTEXT(
(#36,#37,#38)) REPRESENTATION_CONTEXT('Context #1',
  '3D Context with UNIT and UNCERTAINTY') );
#36 = ( LENGTH_UNIT() NAMED_UNIT(*) SI_UNIT(.MILLI.,.METRE.) );
#37 = ( NAMED_UNIT(*) PLANE_ANGLE_UNIT() SI_UNIT($,.RADIAN.) );
#38 = ( NAMED_UNIT(*) SI_UNIT($,.STERADIAN.) SOLID_ANGLE_UNIT() );
#39 = UNCERTAINTY_MEASURE_WITH_UNIT(LENGTH_MEASURE(1.E-07),#36,
  'distance_accuracy_value','confusion accuracy');
#40 = PRODUCT_RELATED_PRODUCT_CATEGORY('part',$,(#7));
#41 = SHAPE_DEFINITION_REPRESENTATION(#42,#48);
#42 = PRODUCT_DEFINITION_SHAPE('','',#43);
#43 = PRODUCT_DEFINITION('design','',#44,#47);
#44 = PRODUCT_DEFINITION_FORMATION('','',#45);
#45 = PRODUCT('LED_1088','LED_1088','',(#46));
#46 = PRODUCT_CONTEXT('',#2,'mechanical');
#47 = PRODUCT_DEFINITION_CONTEXT('part definition',#2,'design');
#48 = SHAPE_REPRESENTATION('',(#11,#49,#53,#57,#61,#65,#69,#73,#77,#81,
    #85,#89,#93,#97,#101,#105,#109,#113,#117,#121),#125);
#49 = AXIS2_PLACEMENT_3D('',#50,#51,#52);
#50 = CARTESIAN_POINT('',(-15.37448893194,-1.985446269744,20.3535146371)
  );
#51 = DIRECTION('',(0.,0.,1.));
#52 = DIRECTION('',(1.,0.,0.));
#53 = AXIS2_PLACEMENT_3D('',#54,#55,#56);
#54 = CARTESIAN_POINT('',(-12.32405739499,-1.985446269744,
    12.831524354269));
#55 = DIRECTION('',(0.,0.,1.));
#56 = DIRECTION('',(1.,0.,0.));
#57 = AXIS2_PLACEMENT_3D('',#58,#59,#60);
#58 = CARTESIAN_POINT('',(-20.54886367299,-0.485446269744,
    11.390481549694));
#59 = DIRECTION('',(0.,0.,1.));
#60 = DIRECTION('',(1.,0.,0.));
#61 = AXIS2_PLACEMENT_3D('',#62,#63,#64);
#62 = CARTESIAN_POINT('',(-20.54886367299,-0.485446269744,-12.6095184503
    ));
#63 = DIRECTION('',(0.,0.,1.));
#64 = DIRECTION('',(1.,0.,0.));
#65 = AXIS2_PLACEMENT_3D('',#66,#67,#68);
#66 = CARTESIAN_POINT('',(-18.00886367299,-0.485446269744,
    11.390481549694));
#67 = DIRECTION('',(0.,0.,1.));
#68 = DIRECTION('',(1.,0.,0.));
#69 = AXIS2_PLACEMENT_3D('',#70,#71,#72);
#70 = CARTESIAN_POINT('',(-18.00886367299,-0.485446269744,-12.6095184503
    ));
#71 = DIRECTION('',(0.,0.,1.));
#72 = DIRECTION('',(1.,0.,0.));
#73 = AXIS2_PLACEMENT_3D('',#74,#75,#76);
#74 = CARTESIAN_POINT('',(-15.46886367299,-0.485446269744,
    11.390481549694));
#75 = DIRECTION('',(0.,0.,1.));
#76 = DIRECTION('',(1.,0.,0.));
#77 = AXIS2_PLACEMENT_3D('',#78,#79,#80);
#78 = CARTESIAN_POINT('',(-15.46886367299,-0.485446269744,-12.6095184503
    ));
#79 = DIRECTION('',(0.,0.,1.));
#80 = DIRECTION('',(1.,0.,0.));
#81 = AXIS2_PLACEMENT_3D('',#82,#83,#84);
#82 = CARTESIAN_POINT('',(-12.92886367299,-0.485446269744,
    11.390481549694));
#83 = DIRECTION('',(0.,0.,1.));
#84 = DIRECTION('',(1.,0.,0.));
#85 = AXIS2_PLACEMENT_3D('',#86,#87,#88);
#86 = CARTESIAN_POINT('',(-12.92886367299,-0.485446269744,-12.6095184503
    ));
#87 = DIRECTION('',(0.,0.,1.));
#88 = DIRECTION('',(1.,0.,0.));
#89 = AXIS2_PLACEMENT_3D('',#90,#91,#92);
#90 = CARTESIAN_POINT('',(-10.38886367299,-0.485446269744,
    11.390481549694));
#91 = DIRECTION('',(0.,0.,1.));
#92 = DIRECTION('',(1.,0.,0.));
#93 = AXIS2_PLACEMENT_3D('',#94,#95,#96);
#94 = CARTESIAN_POINT('',(-10.38886367299,-0.485446269744,-12.6095184503
    ));
#95 = DIRECTION('',(0.,0.,1.));
#96 = DIRECTION('',(1.,0.,0.));
#97 = AXIS2_PLACEMENT_3D('',#98,#99,#100);
#98 = CARTESIAN_POINT('',(-7.848863672993,-0.485446269744,
    11.390481549694));
#99 = DIRECTION('',(0.,0.,1.));
#100 = DIRECTION('',(1.,0.,0.));
#101 = AXIS2_PLACEMENT_3D('',#102,#103,#104);
#102 = CARTESIAN_POINT('',(-7.848863672993,-0.485446269744,
    -12.6095184503));
#103 = DIRECTION('',(0.,0.,1.));
#104 = DIRECTION('',(1.,0.,0.));
#105 = AXIS2_PLACEMENT_3D('',#106,#107,#108);
#106 = CARTESIAN_POINT('',(-5.308863672993,-0.485446269744,
    11.390481549694));
#107 = DIRECTION('',(0.,0.,1.));
#108 = DIRECTION('',(1.,0.,0.));
#109 = AXIS2_PLACEMENT_3D('',#110,#111,#112);
#110 = CARTESIAN_POINT('',(-5.308863672993,-0.485446269744,
    -12.6095184503));
#111 = DIRECTION('',(0.,0.,1.));
#112 = DIRECTION('',(1.,0.,0.));
#113 = AXIS2_PLACEMENT_3D('',#114,#115,#116);
#114 = CARTESIAN_POINT('',(-2.768863672993,-0.485446269744,
    11.390481549694));
#115 = DIRECTION('',(0.,0.,1.));
#116 = DIRECTION('',(1.,0.,0.));
#117 = AXIS2_PLACEMENT_3D('',#118,#119,#120);
#118 = CARTESIAN_POINT('',(-2.768863672993,-0.485446269744,
    -12.6095184503));
#119 = DIRECTION('',(0.,0.,1.));
#120 = DIRECTION('',(1.,0.,0.));
#121 = AXIS2_PLACEMENT_3D('',#122,#123,#124);
#122 = CARTESIAN_POINT('',(-12.32405739499,-0.485446269744,
    12.831524354269));
#123 = DIRECTION('',(-0.,1.,0.));
#124 = DIRECTION('',(1.,0.,0.));
#125 = ( GEOMETRIC_REPRESENTATION_CONTEXT(3) 
GLOBAL_UNCERTAINTY_ASSIGNED_CONTEXT((#129)) GLOBAL_UNIT_ASSIGNED_CONTEXT
((#126,#127,#128)) REPRESENTATION_CONTEXT('Context #1',
  '3D Context with UNIT and UNCERTAINTY') );
#126 = ( LENGTH_UNIT() NAMED_UNIT(*) SI_UNIT(.MILLI.,.METRE.) );
#127 = ( NAMED_UNIT(*) PLANE_ANGLE_UNIT() SI_UNIT($,.RADIAN.) );
#128 = ( NAMED_UNIT(*) SI_UNIT($,.STERADIAN.) SOLID_ANGLE_UNIT() );
#129 = UNCERTAINTY_MEASURE_WITH_UNIT(LENGTH_MEASURE(1.E-07),#126,
  'distance_accuracy_value','confusion accuracy');
#130 = CONTEXT_DEPENDENT_SHAPE_REPRESENTATION(#131,#133);
#131 = ( REPRESENTATION_RELATIONSHIP('','',#48,#10) 
REPRESENTATION_RELATIONSHIP_WITH_TRANSFORMATION(#132) 
SHAPE_REPRESENTATION_RELATIONSHIP() );
#132 = ITEM_DEFINED_TRANSFORMATION('','',#11,#15);
#133 = PRODUCT_DEFINITION_SHAPE('Placement','Placement of an item',#134
  );
#134 = NEXT_ASSEMBLY_USAGE_OCCURRENCE('20','U3','',#5,#43,$);
#135 = PRODUCT_RELATED_PRODUCT_CATEGORY('part',$,(#45));
#136 = SHAPE_DEFINITION_REPRESENTATION(#137,#143);
#137 = PRODUCT_DEFINITION_SHAPE('','',#138);
#138 = PRODUCT_DEFINITION('design','',#139,#142);
#139 = PRODUCT_DEFINITION_FORMATION('','',#140);
#140 = PRODUCT('1088-led_array','1088-led_array','',(#141));
#141 = PRODUCT_CONTEXT('',#2,'mechanical');
#142 = PRODUCT_DEFINITION_CONTEXT('part definition',#2,'design');
#143 = SHAPE_REPRESENTATION('',(#11,#144,#232,#320,#408,#496,#584,#672,
    #760,#848,#936,#1024,#1112,#1200,#1288,#1376,#1464,#1552,#1640,#1728
    ,#1816,#1904,#1992,#2080,#2168,#2256,#2344,#2432,#2520,#2608,#2696,
    #2784,#2872,#2960,#3048,#3136,#3224,#3312,#3400,#3488,#3576,#3664,
    #3752,#3840,#3928,#4016,#4104,#4192,#4280,#4368,#4456,#4544,#4632,
    #4720,#4808,#4896,#4984,#5072,#5160,#5248,#5336,#5424,#5512,#5600,
    #5688),#5776);
#144 = MANIFOLD_SOLID_BREP('',#145);
#145 = CLOSED_SHELL('',(#146,#188,#212,#222));
#146 = ADVANCED_FACE('',(#147),#183,.T.);
#147 = FACE_BOUND('',#148,.T.);
#148 = EDGE_LOOP('',(#149,#160,#168,#177));
#149 = ORIENTED_EDGE('',*,*,#150,.F.);
#150 = EDGE_CURVE('',#151,#153,#155,.T.);
#151 = VERTEX_POINT('',#152);
#152 = CARTESIAN_POINT('',(5.050431536947,2.,-8.021990282832));
#153 = VERTEX_POINT('',#154);
#154 = CARTESIAN_POINT('',(5.050431536947,2.,-11.02199028283));
#155 = CIRCLE('',#156,1.5);
#156 = AXIS2_PLACEMENT_3D('',#157,#158,#159);
#157 = CARTESIAN_POINT('',(5.050431536947,2.,-9.521990282832));
#158 = DIRECTION('',(0.,1.,0.));
#159 = DIRECTION('',(0.,-0.,1.));
#160 = ORIENTED_EDGE('',*,*,#161,.T.);
#161 = EDGE_CURVE('',#151,#162,#164,.T.);
#162 = VERTEX_POINT('',#163);
#163 = CARTESIAN_POINT('',(5.050431536947,0.,-8.021990282832));
#164 = LINE('',#165,#166);
#165 = CARTESIAN_POINT('',(5.050431536947,2.,-8.021990282832));
#166 = VECTOR('',#167,1.);
#167 = DIRECTION('',(-0.,-1.,-0.));
#168 = ORIENTED_EDGE('',*,*,#169,.T.);
#169 = EDGE_CURVE('',#162,#170,#172,.T.);
#170 = VERTEX_POINT('',#171);
#171 = CARTESIAN_POINT('',(5.050431536947,0.,-11.02199028283));
#172 = CIRCLE('',#173,1.5);
#173 = AXIS2_PLACEMENT_3D('',#174,#175,#176);
#174 = CARTESIAN_POINT('',(5.050431536947,0.,-9.521990282832));
#175 = DIRECTION('',(0.,1.,0.));
#176 = DIRECTION('',(0.,-0.,1.));
#177 = ORIENTED_EDGE('',*,*,#178,.F.);
#178 = EDGE_CURVE('',#153,#170,#179,.T.);
#179 = LINE('',#180,#181);
#180 = CARTESIAN_POINT('',(5.050431536947,2.,-11.02199028283));
#181 = VECTOR('',#182,1.);
#182 = DIRECTION('',(-0.,-1.,-0.));
#183 = CYLINDRICAL_SURFACE('',#184,1.5);
#184 = AXIS2_PLACEMENT_3D('',#185,#186,#187);
#185 = CARTESIAN_POINT('',(5.050431536947,2.,-9.521990282832));
#186 = DIRECTION('',(-0.,-1.,-0.));
#187 = DIRECTION('',(0.,0.,-1.));
#188 = ADVANCED_FACE('',(#189),#207,.T.);
#189 = FACE_BOUND('',#190,.T.);
#190 = EDGE_LOOP('',(#191,#192,#199,#200));
#191 = ORIENTED_EDGE('',*,*,#161,.F.);
#192 = ORIENTED_EDGE('',*,*,#193,.F.);
#193 = EDGE_CURVE('',#153,#151,#194,.T.);
#194 = CIRCLE('',#195,1.5);
#195 = AXIS2_PLACEMENT_3D('',#196,#197,#198);
#196 = CARTESIAN_POINT('',(5.050431536947,2.,-9.521990282832));
#197 = DIRECTION('',(0.,1.,0.));
#198 = DIRECTION('',(0.,-0.,1.));
#199 = ORIENTED_EDGE('',*,*,#178,.T.);
#200 = ORIENTED_EDGE('',*,*,#201,.T.);
#201 = EDGE_CURVE('',#170,#162,#202,.T.);
#202 = CIRCLE('',#203,1.5);
#203 = AXIS2_PLACEMENT_3D('',#204,#205,#206);
#204 = CARTESIAN_POINT('',(5.050431536947,0.,-9.521990282832));
#205 = DIRECTION('',(0.,1.,0.));
#206 = DIRECTION('',(0.,-0.,1.));
#207 = CYLINDRICAL_SURFACE('',#208,1.5);
#208 = AXIS2_PLACEMENT_3D('',#209,#210,#211);
#209 = CARTESIAN_POINT('',(5.050431536947,2.,-9.521990282832));
#210 = DIRECTION('',(-0.,-1.,-0.));
#211 = DIRECTION('',(0.,0.,-1.));
#212 = ADVANCED_FACE('',(#213),#217,.T.);
#213 = FACE_BOUND('',#214,.T.);
#214 = EDGE_LOOP('',(#215,#216));
#215 = ORIENTED_EDGE('',*,*,#193,.T.);
#216 = ORIENTED_EDGE('',*,*,#150,.T.);
#217 = PLANE('',#218);
#218 = AXIS2_PLACEMENT_3D('',#219,#220,#221);
#219 = CARTESIAN_POINT('',(5.050431536947,2.,-9.521990282832));
#220 = DIRECTION('',(0.,1.,0.));
#221 = DIRECTION('',(0.,-0.,1.));
#222 = ADVANCED_FACE('',(#223),#227,.F.);
#223 = FACE_BOUND('',#224,.T.);
#224 = EDGE_LOOP('',(#225,#226));
#225 = ORIENTED_EDGE('',*,*,#201,.F.);
#226 = ORIENTED_EDGE('',*,*,#169,.F.);
#227 = PLANE('',#228);
#228 = AXIS2_PLACEMENT_3D('',#229,#230,#231);
#229 = CARTESIAN_POINT('',(5.050431536947,0.,-9.521990282832));
#230 = DIRECTION('',(0.,1.,0.));
#231 = DIRECTION('',(0.,-0.,1.));
#232 = MANIFOLD_SOLID_BREP('',#233);
#233 = CLOSED_SHELL('',(#234,#276,#300,#310));
#234 = ADVANCED_FACE('',(#235),#271,.T.);
#235 = FACE_BOUND('',#236,.T.);
#236 = EDGE_LOOP('',(#237,#248,#256,#265));
#237 = ORIENTED_EDGE('',*,*,#238,.F.);
#238 = EDGE_CURVE('',#239,#241,#243,.T.);
#239 = VERTEX_POINT('',#240);
#240 = CARTESIAN_POINT('',(9.050431536947,2.,-8.021990282832));
#241 = VERTEX_POINT('',#242);
#242 = CARTESIAN_POINT('',(9.050431536947,2.,-11.02199028283));
#243 = CIRCLE('',#244,1.5);
#244 = AXIS2_PLACEMENT_3D('',#245,#246,#247);
#245 = CARTESIAN_POINT('',(9.050431536947,2.,-9.521990282832));
#246 = DIRECTION('',(0.,1.,0.));
#247 = DIRECTION('',(0.,-0.,1.));
#248 = ORIENTED_EDGE('',*,*,#249,.T.);
#249 = EDGE_CURVE('',#239,#250,#252,.T.);
#250 = VERTEX_POINT('',#251);
#251 = CARTESIAN_POINT('',(9.050431536947,0.,-8.021990282832));
#252 = LINE('',#253,#254);
#253 = CARTESIAN_POINT('',(9.050431536947,2.,-8.021990282832));
#254 = VECTOR('',#255,1.);
#255 = DIRECTION('',(-0.,-1.,-0.));
#256 = ORIENTED_EDGE('',*,*,#257,.T.);
#257 = EDGE_CURVE('',#250,#258,#260,.T.);
#258 = VERTEX_POINT('',#259);
#259 = CARTESIAN_POINT('',(9.050431536947,0.,-11.02199028283));
#260 = CIRCLE('',#261,1.5);
#261 = AXIS2_PLACEMENT_3D('',#262,#263,#264);
#262 = CARTESIAN_POINT('',(9.050431536947,0.,-9.521990282832));
#263 = DIRECTION('',(0.,1.,0.));
#264 = DIRECTION('',(0.,-0.,1.));
#265 = ORIENTED_EDGE('',*,*,#266,.F.);
#266 = EDGE_CURVE('',#241,#258,#267,.T.);
#267 = LINE('',#268,#269);
#268 = CARTESIAN_POINT('',(9.050431536947,2.,-11.02199028283));
#269 = VECTOR('',#270,1.);
#270 = DIRECTION('',(-0.,-1.,-0.));
#271 = CYLINDRICAL_SURFACE('',#272,1.5);
#272 = AXIS2_PLACEMENT_3D('',#273,#274,#275);
#273 = CARTESIAN_POINT('',(9.050431536947,2.,-9.521990282832));
#274 = DIRECTION('',(-0.,-1.,-0.));
#275 = DIRECTION('',(0.,0.,-1.));
#276 = ADVANCED_FACE('',(#277),#295,.T.);
#277 = FACE_BOUND('',#278,.T.);
#278 = EDGE_LOOP('',(#279,#280,#287,#288));
#279 = ORIENTED_EDGE('',*,*,#249,.F.);
#280 = ORIENTED_EDGE('',*,*,#281,.F.);
#281 = EDGE_CURVE('',#241,#239,#282,.T.);
#282 = CIRCLE('',#283,1.5);
#283 = AXIS2_PLACEMENT_3D('',#284,#285,#286);
#284 = CARTESIAN_POINT('',(9.050431536947,2.,-9.521990282832));
#285 = DIRECTION('',(0.,1.,0.));
#286 = DIRECTION('',(0.,-0.,1.));
#287 = ORIENTED_EDGE('',*,*,#266,.T.);
#288 = ORIENTED_EDGE('',*,*,#289,.T.);
#289 = EDGE_CURVE('',#258,#250,#290,.T.);
#290 = CIRCLE('',#291,1.5);
#291 = AXIS2_PLACEMENT_3D('',#292,#293,#294);
#292 = CARTESIAN_POINT('',(9.050431536947,0.,-9.521990282832));
#293 = DIRECTION('',(0.,1.,0.));
#294 = DIRECTION('',(0.,-0.,1.));
#295 = CYLINDRICAL_SURFACE('',#296,1.5);
#296 = AXIS2_PLACEMENT_3D('',#297,#298,#299);
#297 = CARTESIAN_POINT('',(9.050431536947,2.,-9.521990282832));
#298 = DIRECTION('',(-0.,-1.,-0.));
#299 = DIRECTION('',(0.,0.,-1.));
#300 = ADVANCED_FACE('',(#301),#305,.T.);
#301 = FACE_BOUND('',#302,.T.);
#302 = EDGE_LOOP('',(#303,#304));
#303 = ORIENTED_EDGE('',*,*,#281,.T.);
#304 = ORIENTED_EDGE('',*,*,#238,.T.);
#305 = PLANE('',#306);
#306 = AXIS2_PLACEMENT_3D('',#307,#308,#309);
#307 = CARTESIAN_POINT('',(9.050431536947,2.,-9.521990282832));
#308 = DIRECTION('',(0.,1.,0.));
#309 = DIRECTION('',(0.,-0.,1.));
#310 = ADVANCED_FACE('',(#311),#315,.F.);
#311 = FACE_BOUND('',#312,.T.);
#312 = EDGE_LOOP('',(#313,#314));
#313 = ORIENTED_EDGE('',*,*,#289,.F.);
#314 = ORIENTED_EDGE('',*,*,#257,.F.);
#315 = PLANE('',#316);
#316 = AXIS2_PLACEMENT_3D('',#317,#318,#319);
#317 = CARTESIAN_POINT('',(9.050431536947,0.,-9.521990282832));
#318 = DIRECTION('',(0.,1.,0.));
#319 = DIRECTION('',(0.,-0.,1.));
#320 = MANIFOLD_SOLID_BREP('',#321);
#321 = CLOSED_SHELL('',(#322,#364,#388,#398));
#322 = ADVANCED_FACE('',(#323),#359,.T.);
#323 = FACE_BOUND('',#324,.T.);
#324 = EDGE_LOOP('',(#325,#336,#344,#353));
#325 = ORIENTED_EDGE('',*,*,#326,.F.);
#326 = EDGE_CURVE('',#327,#329,#331,.T.);
#327 = VERTEX_POINT('',#328);
#328 = CARTESIAN_POINT('',(13.050431536947,2.,-8.021990282832));
#329 = VERTEX_POINT('',#330);
#330 = CARTESIAN_POINT('',(13.050431536947,2.,-11.02199028283));
#331 = CIRCLE('',#332,1.5);
#332 = AXIS2_PLACEMENT_3D('',#333,#334,#335);
#333 = CARTESIAN_POINT('',(13.050431536947,2.,-9.521990282832));
#334 = DIRECTION('',(0.,1.,0.));
#335 = DIRECTION('',(0.,-0.,1.));
#336 = ORIENTED_EDGE('',*,*,#337,.T.);
#337 = EDGE_CURVE('',#327,#338,#340,.T.);
#338 = VERTEX_POINT('',#339);
#339 = CARTESIAN_POINT('',(13.050431536947,0.,-8.021990282832));
#340 = LINE('',#341,#342);
#341 = CARTESIAN_POINT('',(13.050431536947,2.,-8.021990282832));
#342 = VECTOR('',#343,1.);
#343 = DIRECTION('',(-0.,-1.,-0.));
#344 = ORIENTED_EDGE('',*,*,#345,.T.);
#345 = EDGE_CURVE('',#338,#346,#348,.T.);
#346 = VERTEX_POINT('',#347);
#347 = CARTESIAN_POINT('',(13.050431536947,0.,-11.02199028283));
#348 = CIRCLE('',#349,1.5);
#349 = AXIS2_PLACEMENT_3D('',#350,#351,#352);
#350 = CARTESIAN_POINT('',(13.050431536947,0.,-9.521990282832));
#351 = DIRECTION('',(0.,1.,0.));
#352 = DIRECTION('',(0.,-0.,1.));
#353 = ORIENTED_EDGE('',*,*,#354,.F.);
#354 = EDGE_CURVE('',#329,#346,#355,.T.);
#355 = LINE('',#356,#357);
#356 = CARTESIAN_POINT('',(13.050431536947,2.,-11.02199028283));
#357 = VECTOR('',#358,1.);
#358 = DIRECTION('',(-0.,-1.,-0.));
#359 = CYLINDRICAL_SURFACE('',#360,1.5);
#360 = AXIS2_PLACEMENT_3D('',#361,#362,#363);
#361 = CARTESIAN_POINT('',(13.050431536947,2.,-9.521990282832));
#362 = DIRECTION('',(-0.,-1.,-0.));
#363 = DIRECTION('',(0.,0.,-1.));
#364 = ADVANCED_FACE('',(#365),#383,.T.);
#365 = FACE_BOUND('',#366,.T.);
#366 = EDGE_LOOP('',(#367,#368,#375,#376));
#367 = ORIENTED_EDGE('',*,*,#337,.F.);
#368 = ORIENTED_EDGE('',*,*,#369,.F.);
#369 = EDGE_CURVE('',#329,#327,#370,.T.);
#370 = CIRCLE('',#371,1.5);
#371 = AXIS2_PLACEMENT_3D('',#372,#373,#374);
#372 = CARTESIAN_POINT('',(13.050431536947,2.,-9.521990282832));
#373 = DIRECTION('',(0.,1.,0.));
#374 = DIRECTION('',(0.,-0.,1.));
#375 = ORIENTED_EDGE('',*,*,#354,.T.);
#376 = ORIENTED_EDGE('',*,*,#377,.T.);
#377 = EDGE_CURVE('',#346,#338,#378,.T.);
#378 = CIRCLE('',#379,1.5);
#379 = AXIS2_PLACEMENT_3D('',#380,#381,#382);
#380 = CARTESIAN_POINT('',(13.050431536947,0.,-9.521990282832));
#381 = DIRECTION('',(0.,1.,0.));
#382 = DIRECTION('',(0.,-0.,1.));
#383 = CYLINDRICAL_SURFACE('',#384,1.5);
#384 = AXIS2_PLACEMENT_3D('',#385,#386,#387);
#385 = CARTESIAN_POINT('',(13.050431536947,2.,-9.521990282832));
#386 = DIRECTION('',(-0.,-1.,-0.));
#387 = DIRECTION('',(0.,0.,-1.));
#388 = ADVANCED_FACE('',(#389),#393,.T.);
#389 = FACE_BOUND('',#390,.T.);
#390 = EDGE_LOOP('',(#391,#392));
#391 = ORIENTED_EDGE('',*,*,#369,.T.);
#392 = ORIENTED_EDGE('',*,*,#326,.T.);
#393 = PLANE('',#394);
#394 = AXIS2_PLACEMENT_3D('',#395,#396,#397);
#395 = CARTESIAN_POINT('',(13.050431536947,2.,-9.521990282832));
#396 = DIRECTION('',(0.,1.,0.));
#397 = DIRECTION('',(0.,-0.,1.));
#398 = ADVANCED_FACE('',(#399),#403,.F.);
#399 = FACE_BOUND('',#400,.T.);
#400 = EDGE_LOOP('',(#401,#402));
#401 = ORIENTED_EDGE('',*,*,#377,.F.);
#402 = ORIENTED_EDGE('',*,*,#345,.F.);
#403 = PLANE('',#404);
#404 = AXIS2_PLACEMENT_3D('',#405,#406,#407);
#405 = CARTESIAN_POINT('',(13.050431536947,0.,-9.521990282832));
#406 = DIRECTION('',(0.,1.,0.));
#407 = DIRECTION('',(0.,-0.,1.));
#408 = MANIFOLD_SOLID_BREP('',#409);
#409 = CLOSED_SHELL('',(#410,#452,#476,#486));
#410 = ADVANCED_FACE('',(#411),#447,.T.);
#411 = FACE_BOUND('',#412,.T.);
#412 = EDGE_LOOP('',(#413,#424,#432,#441));
#413 = ORIENTED_EDGE('',*,*,#414,.F.);
#414 = EDGE_CURVE('',#415,#417,#419,.T.);
#415 = VERTEX_POINT('',#416);
#416 = CARTESIAN_POINT('',(17.050431536947,2.,-8.021990282832));
#417 = VERTEX_POINT('',#418);
#418 = CARTESIAN_POINT('',(17.050431536947,2.,-11.02199028283));
#419 = CIRCLE('',#420,1.5);
#420 = AXIS2_PLACEMENT_3D('',#421,#422,#423);
#421 = CARTESIAN_POINT('',(17.050431536947,2.,-9.521990282832));
#422 = DIRECTION('',(0.,1.,0.));
#423 = DIRECTION('',(0.,-0.,1.));
#424 = ORIENTED_EDGE('',*,*,#425,.T.);
#425 = EDGE_CURVE('',#415,#426,#428,.T.);
#426 = VERTEX_POINT('',#427);
#427 = CARTESIAN_POINT('',(17.050431536947,0.,-8.021990282832));
#428 = LINE('',#429,#430);
#429 = CARTESIAN_POINT('',(17.050431536947,2.,-8.021990282832));
#430 = VECTOR('',#431,1.);
#431 = DIRECTION('',(-0.,-1.,-0.));
#432 = ORIENTED_EDGE('',*,*,#433,.T.);
#433 = EDGE_CURVE('',#426,#434,#436,.T.);
#434 = VERTEX_POINT('',#435);
#435 = CARTESIAN_POINT('',(17.050431536947,0.,-11.02199028283));
#436 = CIRCLE('',#437,1.5);
#437 = AXIS2_PLACEMENT_3D('',#438,#439,#440);
#438 = CARTESIAN_POINT('',(17.050431536947,0.,-9.521990282832));
#439 = DIRECTION('',(0.,1.,0.));
#440 = DIRECTION('',(0.,-0.,1.));
#441 = ORIENTED_EDGE('',*,*,#442,.F.);
#442 = EDGE_CURVE('',#417,#434,#443,.T.);
#443 = LINE('',#444,#445);
#444 = CARTESIAN_POINT('',(17.050431536947,2.,-11.02199028283));
#445 = VECTOR('',#446,1.);
#446 = DIRECTION('',(-0.,-1.,-0.));
#447 = CYLINDRICAL_SURFACE('',#448,1.5);
#448 = AXIS2_PLACEMENT_3D('',#449,#450,#451);
#449 = CARTESIAN_POINT('',(17.050431536947,2.,-9.521990282832));
#450 = DIRECTION('',(-0.,-1.,-0.));
#451 = DIRECTION('',(0.,0.,-1.));
#452 = ADVANCED_FACE('',(#453),#471,.T.);
#453 = FACE_BOUND('',#454,.T.);
#454 = EDGE_LOOP('',(#455,#456,#463,#464));
#455 = ORIENTED_EDGE('',*,*,#425,.F.);
#456 = ORIENTED_EDGE('',*,*,#457,.F.);
#457 = EDGE_CURVE('',#417,#415,#458,.T.);
#458 = CIRCLE('',#459,1.5);
#459 = AXIS2_PLACEMENT_3D('',#460,#461,#462);
#460 = CARTESIAN_POINT('',(17.050431536947,2.,-9.521990282832));
#461 = DIRECTION('',(0.,1.,0.));
#462 = DIRECTION('',(0.,-0.,1.));
#463 = ORIENTED_EDGE('',*,*,#442,.T.);
#464 = ORIENTED_EDGE('',*,*,#465,.T.);
#465 = EDGE_CURVE('',#434,#426,#466,.T.);
#466 = CIRCLE('',#467,1.5);
#467 = AXIS2_PLACEMENT_3D('',#468,#469,#470);
#468 = CARTESIAN_POINT('',(17.050431536947,0.,-9.521990282832));
#469 = DIRECTION('',(0.,1.,0.));
#470 = DIRECTION('',(0.,-0.,1.));
#471 = CYLINDRICAL_SURFACE('',#472,1.5);
#472 = AXIS2_PLACEMENT_3D('',#473,#474,#475);
#473 = CARTESIAN_POINT('',(17.050431536947,2.,-9.521990282832));
#474 = DIRECTION('',(-0.,-1.,-0.));
#475 = DIRECTION('',(0.,0.,-1.));
#476 = ADVANCED_FACE('',(#477),#481,.T.);
#477 = FACE_BOUND('',#478,.T.);
#478 = EDGE_LOOP('',(#479,#480));
#479 = ORIENTED_EDGE('',*,*,#457,.T.);
#480 = ORIENTED_EDGE('',*,*,#414,.T.);
#481 = PLANE('',#482);
#482 = AXIS2_PLACEMENT_3D('',#483,#484,#485);
#483 = CARTESIAN_POINT('',(17.050431536947,2.,-9.521990282832));
#484 = DIRECTION('',(0.,1.,0.));
#485 = DIRECTION('',(0.,-0.,1.));
#486 = ADVANCED_FACE('',(#487),#491,.F.);
#487 = FACE_BOUND('',#488,.T.);
#488 = EDGE_LOOP('',(#489,#490));
#489 = ORIENTED_EDGE('',*,*,#465,.F.);
#490 = ORIENTED_EDGE('',*,*,#433,.F.);
#491 = PLANE('',#492);
#492 = AXIS2_PLACEMENT_3D('',#493,#494,#495);
#493 = CARTESIAN_POINT('',(17.050431536947,0.,-9.521990282832));
#494 = DIRECTION('',(0.,1.,0.));
#495 = DIRECTION('',(0.,-0.,1.));
#496 = MANIFOLD_SOLID_BREP('',#497);
#497 = CLOSED_SHELL('',(#498,#540,#564,#574));
#498 = ADVANCED_FACE('',(#499),#535,.T.);
#499 = FACE_BOUND('',#500,.T.);
#500 = EDGE_LOOP('',(#501,#512,#520,#529));
#501 = ORIENTED_EDGE('',*,*,#502,.F.);
#502 = EDGE_CURVE('',#503,#505,#507,.T.);
#503 = VERTEX_POINT('',#504);
#504 = CARTESIAN_POINT('',(21.050431536947,2.,-8.021990282832));
#505 = VERTEX_POINT('',#506);
#506 = CARTESIAN_POINT('',(21.050431536947,2.,-11.02199028283));
#507 = CIRCLE('',#508,1.5);
#508 = AXIS2_PLACEMENT_3D('',#509,#510,#511);
#509 = CARTESIAN_POINT('',(21.050431536947,2.,-9.521990282832));
#510 = DIRECTION('',(0.,1.,0.));
#511 = DIRECTION('',(0.,-0.,1.));
#512 = ORIENTED_EDGE('',*,*,#513,.T.);
#513 = EDGE_CURVE('',#503,#514,#516,.T.);
#514 = VERTEX_POINT('',#515);
#515 = CARTESIAN_POINT('',(21.050431536947,0.,-8.021990282832));
#516 = LINE('',#517,#518);
#517 = CARTESIAN_POINT('',(21.050431536947,2.,-8.021990282832));
#518 = VECTOR('',#519,1.);
#519 = DIRECTION('',(-0.,-1.,-0.));
#520 = ORIENTED_EDGE('',*,*,#521,.T.);
#521 = EDGE_CURVE('',#514,#522,#524,.T.);
#522 = VERTEX_POINT('',#523);
#523 = CARTESIAN_POINT('',(21.050431536947,0.,-11.02199028283));
#524 = CIRCLE('',#525,1.5);
#525 = AXIS2_PLACEMENT_3D('',#526,#527,#528);
#526 = CARTESIAN_POINT('',(21.050431536947,0.,-9.521990282832));
#527 = DIRECTION('',(0.,1.,0.));
#528 = DIRECTION('',(0.,-0.,1.));
#529 = ORIENTED_EDGE('',*,*,#530,.F.);
#530 = EDGE_CURVE('',#505,#522,#531,.T.);
#531 = LINE('',#532,#533);
#532 = CARTESIAN_POINT('',(21.050431536947,2.,-11.02199028283));
#533 = VECTOR('',#534,1.);
#534 = DIRECTION('',(-0.,-1.,-0.));
#535 = CYLINDRICAL_SURFACE('',#536,1.5);
#536 = AXIS2_PLACEMENT_3D('',#537,#538,#539);
#537 = CARTESIAN_POINT('',(21.050431536947,2.,-9.521990282832));
#538 = DIRECTION('',(-0.,-1.,-0.));
#539 = DIRECTION('',(0.,0.,-1.));
#540 = ADVANCED_FACE('',(#541),#559,.T.);
#541 = FACE_BOUND('',#542,.T.);
#542 = EDGE_LOOP('',(#543,#544,#551,#552));
#543 = ORIENTED_EDGE('',*,*,#513,.F.);
#544 = ORIENTED_EDGE('',*,*,#545,.F.);
#545 = EDGE_CURVE('',#505,#503,#546,.T.);
#546 = CIRCLE('',#547,1.5);
#547 = AXIS2_PLACEMENT_3D('',#548,#549,#550);
#548 = CARTESIAN_POINT('',(21.050431536947,2.,-9.521990282832));
#549 = DIRECTION('',(0.,1.,0.));
#550 = DIRECTION('',(0.,-0.,1.));
#551 = ORIENTED_EDGE('',*,*,#530,.T.);
#552 = ORIENTED_EDGE('',*,*,#553,.T.);
#553 = EDGE_CURVE('',#522,#514,#554,.T.);
#554 = CIRCLE('',#555,1.5);
#555 = AXIS2_PLACEMENT_3D('',#556,#557,#558);
#556 = CARTESIAN_POINT('',(21.050431536947,0.,-9.521990282832));
#557 = DIRECTION('',(0.,1.,0.));
#558 = DIRECTION('',(0.,-0.,1.));
#559 = CYLINDRICAL_SURFACE('',#560,1.5);
#560 = AXIS2_PLACEMENT_3D('',#561,#562,#563);
#561 = CARTESIAN_POINT('',(21.050431536947,2.,-9.521990282832));
#562 = DIRECTION('',(-0.,-1.,-0.));
#563 = DIRECTION('',(0.,0.,-1.));
#564 = ADVANCED_FACE('',(#565),#569,.T.);
#565 = FACE_BOUND('',#566,.T.);
#566 = EDGE_LOOP('',(#567,#568));
#567 = ORIENTED_EDGE('',*,*,#545,.T.);
#568 = ORIENTED_EDGE('',*,*,#502,.T.);
#569 = PLANE('',#570);
#570 = AXIS2_PLACEMENT_3D('',#571,#572,#573);
#571 = CARTESIAN_POINT('',(21.050431536947,2.,-9.521990282832));
#572 = DIRECTION('',(0.,1.,0.));
#573 = DIRECTION('',(0.,-0.,1.));
#574 = ADVANCED_FACE('',(#575),#579,.F.);
#575 = FACE_BOUND('',#576,.T.);
#576 = EDGE_LOOP('',(#577,#578));
#577 = ORIENTED_EDGE('',*,*,#553,.F.);
#578 = ORIENTED_EDGE('',*,*,#521,.F.);
#579 = PLANE('',#580);
#580 = AXIS2_PLACEMENT_3D('',#581,#582,#583);
#581 = CARTESIAN_POINT('',(21.050431536947,0.,-9.521990282832));
#582 = DIRECTION('',(0.,1.,0.));
#583 = DIRECTION('',(0.,-0.,1.));
#584 = MANIFOLD_SOLID_BREP('',#585);
#585 = CLOSED_SHELL('',(#586,#628,#652,#662));
#586 = ADVANCED_FACE('',(#587),#623,.T.);
#587 = FACE_BOUND('',#588,.T.);
#588 = EDGE_LOOP('',(#589,#600,#608,#617));
#589 = ORIENTED_EDGE('',*,*,#590,.F.);
#590 = EDGE_CURVE('',#591,#593,#595,.T.);
#591 = VERTEX_POINT('',#592);
#592 = CARTESIAN_POINT('',(25.050431536947,2.,-8.021990282832));
#593 = VERTEX_POINT('',#594);
#594 = CARTESIAN_POINT('',(25.050431536947,2.,-11.02199028283));
#595 = CIRCLE('',#596,1.5);
#596 = AXIS2_PLACEMENT_3D('',#597,#598,#599);
#597 = CARTESIAN_POINT('',(25.050431536947,2.,-9.521990282832));
#598 = DIRECTION('',(0.,1.,0.));
#599 = DIRECTION('',(0.,-0.,1.));
#600 = ORIENTED_EDGE('',*,*,#601,.T.);
#601 = EDGE_CURVE('',#591,#602,#604,.T.);
#602 = VERTEX_POINT('',#603);
#603 = CARTESIAN_POINT('',(25.050431536947,0.,-8.021990282832));
#604 = LINE('',#605,#606);
#605 = CARTESIAN_POINT('',(25.050431536947,2.,-8.021990282832));
#606 = VECTOR('',#607,1.);
#607 = DIRECTION('',(-0.,-1.,-0.));
#608 = ORIENTED_EDGE('',*,*,#609,.T.);
#609 = EDGE_CURVE('',#602,#610,#612,.T.);
#610 = VERTEX_POINT('',#611);
#611 = CARTESIAN_POINT('',(25.050431536947,0.,-11.02199028283));
#612 = CIRCLE('',#613,1.5);
#613 = AXIS2_PLACEMENT_3D('',#614,#615,#616);
#614 = CARTESIAN_POINT('',(25.050431536947,0.,-9.521990282832));
#615 = DIRECTION('',(0.,1.,0.));
#616 = DIRECTION('',(0.,-0.,1.));
#617 = ORIENTED_EDGE('',*,*,#618,.F.);
#618 = EDGE_CURVE('',#593,#610,#619,.T.);
#619 = LINE('',#620,#621);
#620 = CARTESIAN_POINT('',(25.050431536947,2.,-11.02199028283));
#621 = VECTOR('',#622,1.);
#622 = DIRECTION('',(-0.,-1.,-0.));
#623 = CYLINDRICAL_SURFACE('',#624,1.5);
#624 = AXIS2_PLACEMENT_3D('',#625,#626,#627);
#625 = CARTESIAN_POINT('',(25.050431536947,2.,-9.521990282832));
#626 = DIRECTION('',(-0.,-1.,-0.));
#627 = DIRECTION('',(0.,0.,-1.));
#628 = ADVANCED_FACE('',(#629),#647,.T.);
#629 = FACE_BOUND('',#630,.T.);
#630 = EDGE_LOOP('',(#631,#632,#639,#640));
#631 = ORIENTED_EDGE('',*,*,#601,.F.);
#632 = ORIENTED_EDGE('',*,*,#633,.F.);
#633 = EDGE_CURVE('',#593,#591,#634,.T.);
#634 = CIRCLE('',#635,1.5);
#635 = AXIS2_PLACEMENT_3D('',#636,#637,#638);
#636 = CARTESIAN_POINT('',(25.050431536947,2.,-9.521990282832));
#637 = DIRECTION('',(0.,1.,0.));
#638 = DIRECTION('',(0.,-0.,1.));
#639 = ORIENTED_EDGE('',*,*,#618,.T.);
#640 = ORIENTED_EDGE('',*,*,#641,.T.);
#641 = EDGE_CURVE('',#610,#602,#642,.T.);
#642 = CIRCLE('',#643,1.5);
#643 = AXIS2_PLACEMENT_3D('',#644,#645,#646);
#644 = CARTESIAN_POINT('',(25.050431536947,0.,-9.521990282832));
#645 = DIRECTION('',(0.,1.,0.));
#646 = DIRECTION('',(0.,-0.,1.));
#647 = CYLINDRICAL_SURFACE('',#648,1.5);
#648 = AXIS2_PLACEMENT_3D('',#649,#650,#651);
#649 = CARTESIAN_POINT('',(25.050431536947,2.,-9.521990282832));
#650 = DIRECTION('',(-0.,-1.,-0.));
#651 = DIRECTION('',(0.,0.,-1.));
#652 = ADVANCED_FACE('',(#653),#657,.T.);
#653 = FACE_BOUND('',#654,.T.);
#654 = EDGE_LOOP('',(#655,#656));
#655 = ORIENTED_EDGE('',*,*,#633,.T.);
#656 = ORIENTED_EDGE('',*,*,#590,.T.);
#657 = PLANE('',#658);
#658 = AXIS2_PLACEMENT_3D('',#659,#660,#661);
#659 = CARTESIAN_POINT('',(25.050431536947,2.,-9.521990282832));
#660 = DIRECTION('',(0.,1.,0.));
#661 = DIRECTION('',(0.,-0.,1.));
#662 = ADVANCED_FACE('',(#663),#667,.F.);
#663 = FACE_BOUND('',#664,.T.);
#664 = EDGE_LOOP('',(#665,#666));
#665 = ORIENTED_EDGE('',*,*,#641,.F.);
#666 = ORIENTED_EDGE('',*,*,#609,.F.);
#667 = PLANE('',#668);
#668 = AXIS2_PLACEMENT_3D('',#669,#670,#671);
#669 = CARTESIAN_POINT('',(25.050431536947,0.,-9.521990282832));
#670 = DIRECTION('',(0.,1.,0.));
#671 = DIRECTION('',(0.,-0.,1.));
#672 = MANIFOLD_SOLID_BREP('',#673);
#673 = CLOSED_SHELL('',(#674,#716,#740,#750));
#674 = ADVANCED_FACE('',(#675),#711,.T.);
#675 = FACE_BOUND('',#676,.T.);
#676 = EDGE_LOOP('',(#677,#688,#696,#705));
#677 = ORIENTED_EDGE('',*,*,#678,.F.);
#678 = EDGE_CURVE('',#679,#681,#683,.T.);
#679 = VERTEX_POINT('',#680);
#680 = CARTESIAN_POINT('',(29.050431536947,2.,-8.021990282832));
#681 = VERTEX_POINT('',#682);
#682 = CARTESIAN_POINT('',(29.050431536947,2.,-11.02199028283));
#683 = CIRCLE('',#684,1.5);
#684 = AXIS2_PLACEMENT_3D('',#685,#686,#687);
#685 = CARTESIAN_POINT('',(29.050431536947,2.,-9.521990282832));
#686 = DIRECTION('',(0.,1.,0.));
#687 = DIRECTION('',(0.,-0.,1.));
#688 = ORIENTED_EDGE('',*,*,#689,.T.);
#689 = EDGE_CURVE('',#679,#690,#692,.T.);
#690 = VERTEX_POINT('',#691);
#691 = CARTESIAN_POINT('',(29.050431536947,0.,-8.021990282832));
#692 = LINE('',#693,#694);
#693 = CARTESIAN_POINT('',(29.050431536947,2.,-8.021990282832));
#694 = VECTOR('',#695,1.);
#695 = DIRECTION('',(-0.,-1.,-0.));
#696 = ORIENTED_EDGE('',*,*,#697,.T.);
#697 = EDGE_CURVE('',#690,#698,#700,.T.);
#698 = VERTEX_POINT('',#699);
#699 = CARTESIAN_POINT('',(29.050431536947,0.,-11.02199028283));
#700 = CIRCLE('',#701,1.5);
#701 = AXIS2_PLACEMENT_3D('',#702,#703,#704);
#702 = CARTESIAN_POINT('',(29.050431536947,0.,-9.521990282832));
#703 = DIRECTION('',(0.,1.,0.));
#704 = DIRECTION('',(0.,-0.,1.));
#705 = ORIENTED_EDGE('',*,*,#706,.F.);
#706 = EDGE_CURVE('',#681,#698,#707,.T.);
#707 = LINE('',#708,#709);
#708 = CARTESIAN_POINT('',(29.050431536947,2.,-11.02199028283));
#709 = VECTOR('',#710,1.);
#710 = DIRECTION('',(-0.,-1.,-0.));
#711 = CYLINDRICAL_SURFACE('',#712,1.5);
#712 = AXIS2_PLACEMENT_3D('',#713,#714,#715);
#713 = CARTESIAN_POINT('',(29.050431536947,2.,-9.521990282832));
#714 = DIRECTION('',(-0.,-1.,-0.));
#715 = DIRECTION('',(0.,0.,-1.));
#716 = ADVANCED_FACE('',(#717),#735,.T.);
#717 = FACE_BOUND('',#718,.T.);
#718 = EDGE_LOOP('',(#719,#720,#727,#728));
#719 = ORIENTED_EDGE('',*,*,#689,.F.);
#720 = ORIENTED_EDGE('',*,*,#721,.F.);
#721 = EDGE_CURVE('',#681,#679,#722,.T.);
#722 = CIRCLE('',#723,1.5);
#723 = AXIS2_PLACEMENT_3D('',#724,#725,#726);
#724 = CARTESIAN_POINT('',(29.050431536947,2.,-9.521990282832));
#725 = DIRECTION('',(0.,1.,0.));
#726 = DIRECTION('',(0.,-0.,1.));
#727 = ORIENTED_EDGE('',*,*,#706,.T.);
#728 = ORIENTED_EDGE('',*,*,#729,.T.);
#729 = EDGE_CURVE('',#698,#690,#730,.T.);
#730 = CIRCLE('',#731,1.5);
#731 = AXIS2_PLACEMENT_3D('',#732,#733,#734);
#732 = CARTESIAN_POINT('',(29.050431536947,0.,-9.521990282832));
#733 = DIRECTION('',(0.,1.,0.));
#734 = DIRECTION('',(0.,-0.,1.));
#735 = CYLINDRICAL_SURFACE('',#736,1.5);
#736 = AXIS2_PLACEMENT_3D('',#737,#738,#739);
#737 = CARTESIAN_POINT('',(29.050431536947,2.,-9.521990282832));
#738 = DIRECTION('',(-0.,-1.,-0.));
#739 = DIRECTION('',(0.,0.,-1.));
#740 = ADVANCED_FACE('',(#741),#745,.T.);
#741 = FACE_BOUND('',#742,.T.);
#742 = EDGE_LOOP('',(#743,#744));
#743 = ORIENTED_EDGE('',*,*,#721,.T.);
#744 = ORIENTED_EDGE('',*,*,#678,.T.);
#745 = PLANE('',#746);
#746 = AXIS2_PLACEMENT_3D('',#747,#748,#749);
#747 = CARTESIAN_POINT('',(29.050431536947,2.,-9.521990282832));
#748 = DIRECTION('',(0.,1.,0.));
#749 = DIRECTION('',(0.,-0.,1.));
#750 = ADVANCED_FACE('',(#751),#755,.F.);
#751 = FACE_BOUND('',#752,.T.);
#752 = EDGE_LOOP('',(#753,#754));
#753 = ORIENTED_EDGE('',*,*,#729,.F.);
#754 = ORIENTED_EDGE('',*,*,#697,.F.);
#755 = PLANE('',#756);
#756 = AXIS2_PLACEMENT_3D('',#757,#758,#759);
#757 = CARTESIAN_POINT('',(29.050431536947,0.,-9.521990282832));
#758 = DIRECTION('',(0.,1.,0.));
#759 = DIRECTION('',(0.,-0.,1.));
#760 = MANIFOLD_SOLID_BREP('',#761);
#761 = CLOSED_SHELL('',(#762,#804,#828,#838));
#762 = ADVANCED_FACE('',(#763),#799,.T.);
#763 = FACE_BOUND('',#764,.T.);
#764 = EDGE_LOOP('',(#765,#776,#784,#793));
#765 = ORIENTED_EDGE('',*,*,#766,.F.);
#766 = EDGE_CURVE('',#767,#769,#771,.T.);
#767 = VERTEX_POINT('',#768);
#768 = CARTESIAN_POINT('',(33.050431536947,2.,-8.021990282832));
#769 = VERTEX_POINT('',#770);
#770 = CARTESIAN_POINT('',(33.050431536947,2.,-11.02199028283));
#771 = CIRCLE('',#772,1.5);
#772 = AXIS2_PLACEMENT_3D('',#773,#774,#775);
#773 = CARTESIAN_POINT('',(33.050431536947,2.,-9.521990282832));
#774 = DIRECTION('',(0.,1.,0.));
#775 = DIRECTION('',(0.,-0.,1.));
#776 = ORIENTED_EDGE('',*,*,#777,.T.);
#777 = EDGE_CURVE('',#767,#778,#780,.T.);
#778 = VERTEX_POINT('',#779);
#779 = CARTESIAN_POINT('',(33.050431536947,0.,-8.021990282832));
#780 = LINE('',#781,#782);
#781 = CARTESIAN_POINT('',(33.050431536947,2.,-8.021990282832));
#782 = VECTOR('',#783,1.);
#783 = DIRECTION('',(-0.,-1.,-0.));
#784 = ORIENTED_EDGE('',*,*,#785,.T.);
#785 = EDGE_CURVE('',#778,#786,#788,.T.);
#786 = VERTEX_POINT('',#787);
#787 = CARTESIAN_POINT('',(33.050431536947,0.,-11.02199028283));
#788 = CIRCLE('',#789,1.5);
#789 = AXIS2_PLACEMENT_3D('',#790,#791,#792);
#790 = CARTESIAN_POINT('',(33.050431536947,0.,-9.521990282832));
#791 = DIRECTION('',(0.,1.,0.));
#792 = DIRECTION('',(0.,-0.,1.));
#793 = ORIENTED_EDGE('',*,*,#794,.F.);
#794 = EDGE_CURVE('',#769,#786,#795,.T.);
#795 = LINE('',#796,#797);
#796 = CARTESIAN_POINT('',(33.050431536947,2.,-11.02199028283));
#797 = VECTOR('',#798,1.);
#798 = DIRECTION('',(-0.,-1.,-0.));
#799 = CYLINDRICAL_SURFACE('',#800,1.5);
#800 = AXIS2_PLACEMENT_3D('',#801,#802,#803);
#801 = CARTESIAN_POINT('',(33.050431536947,2.,-9.521990282832));
#802 = DIRECTION('',(-0.,-1.,-0.));
#803 = DIRECTION('',(0.,0.,-1.));
#804 = ADVANCED_FACE('',(#805),#823,.T.);
#805 = FACE_BOUND('',#806,.T.);
#806 = EDGE_LOOP('',(#807,#808,#815,#816));
#807 = ORIENTED_EDGE('',*,*,#777,.F.);
#808 = ORIENTED_EDGE('',*,*,#809,.F.);
#809 = EDGE_CURVE('',#769,#767,#810,.T.);
#810 = CIRCLE('',#811,1.5);
#811 = AXIS2_PLACEMENT_3D('',#812,#813,#814);
#812 = CARTESIAN_POINT('',(33.050431536947,2.,-9.521990282832));
#813 = DIRECTION('',(0.,1.,0.));
#814 = DIRECTION('',(0.,-0.,1.));
#815 = ORIENTED_EDGE('',*,*,#794,.T.);
#816 = ORIENTED_EDGE('',*,*,#817,.T.);
#817 = EDGE_CURVE('',#786,#778,#818,.T.);
#818 = CIRCLE('',#819,1.5);
#819 = AXIS2_PLACEMENT_3D('',#820,#821,#822);
#820 = CARTESIAN_POINT('',(33.050431536947,0.,-9.521990282832));
#821 = DIRECTION('',(0.,1.,0.));
#822 = DIRECTION('',(0.,-0.,1.));
#823 = CYLINDRICAL_SURFACE('',#824,1.5);
#824 = AXIS2_PLACEMENT_3D('',#825,#826,#827);
#825 = CARTESIAN_POINT('',(33.050431536947,2.,-9.521990282832));
#826 = DIRECTION('',(-0.,-1.,-0.));
#827 = DIRECTION('',(0.,0.,-1.));
#828 = ADVANCED_FACE('',(#829),#833,.T.);
#829 = FACE_BOUND('',#830,.T.);
#830 = EDGE_LOOP('',(#831,#832));
#831 = ORIENTED_EDGE('',*,*,#809,.T.);
#832 = ORIENTED_EDGE('',*,*,#766,.T.);
#833 = PLANE('',#834);
#834 = AXIS2_PLACEMENT_3D('',#835,#836,#837);
#835 = CARTESIAN_POINT('',(33.050431536947,2.,-9.521990282832));
#836 = DIRECTION('',(0.,1.,0.));
#837 = DIRECTION('',(0.,-0.,1.));
#838 = ADVANCED_FACE('',(#839),#843,.F.);
#839 = FACE_BOUND('',#840,.T.);
#840 = EDGE_LOOP('',(#841,#842));
#841 = ORIENTED_EDGE('',*,*,#817,.F.);
#842 = ORIENTED_EDGE('',*,*,#785,.F.);
#843 = PLANE('',#844);
#844 = AXIS2_PLACEMENT_3D('',#845,#846,#847);
#845 = CARTESIAN_POINT('',(33.050431536947,0.,-9.521990282832));
#846 = DIRECTION('',(0.,1.,0.));
#847 = DIRECTION('',(0.,-0.,1.));
#848 = MANIFOLD_SOLID_BREP('',#849);
#849 = CLOSED_SHELL('',(#850,#892,#916,#926));
#850 = ADVANCED_FACE('',(#851),#887,.T.);
#851 = FACE_BOUND('',#852,.T.);
#852 = EDGE_LOOP('',(#853,#864,#872,#881));
#853 = ORIENTED_EDGE('',*,*,#854,.F.);
#854 = EDGE_CURVE('',#855,#857,#859,.T.);
#855 = VERTEX_POINT('',#856);
#856 = CARTESIAN_POINT('',(9.050431536947,2.,-12.02199028283));
#857 = VERTEX_POINT('',#858);
#858 = CARTESIAN_POINT('',(9.050431536947,2.,-15.02199028283));
#859 = CIRCLE('',#860,1.5);
#860 = AXIS2_PLACEMENT_3D('',#861,#862,#863);
#861 = CARTESIAN_POINT('',(9.050431536947,2.,-13.52199028283));
#862 = DIRECTION('',(0.,1.,0.));
#863 = DIRECTION('',(0.,-0.,1.));
#864 = ORIENTED_EDGE('',*,*,#865,.T.);
#865 = EDGE_CURVE('',#855,#866,#868,.T.);
#866 = VERTEX_POINT('',#867);
#867 = CARTESIAN_POINT('',(9.050431536947,0.,-12.02199028283));
#868 = LINE('',#869,#870);
#869 = CARTESIAN_POINT('',(9.050431536947,2.,-12.02199028283));
#870 = VECTOR('',#871,1.);
#871 = DIRECTION('',(-0.,-1.,-0.));
#872 = ORIENTED_EDGE('',*,*,#873,.T.);
#873 = EDGE_CURVE('',#866,#874,#876,.T.);
#874 = VERTEX_POINT('',#875);
#875 = CARTESIAN_POINT('',(9.050431536947,0.,-15.02199028283));
#876 = CIRCLE('',#877,1.5);
#877 = AXIS2_PLACEMENT_3D('',#878,#879,#880);
#878 = CARTESIAN_POINT('',(9.050431536947,0.,-13.52199028283));
#879 = DIRECTION('',(0.,1.,0.));
#880 = DIRECTION('',(0.,-0.,1.));
#881 = ORIENTED_EDGE('',*,*,#882,.F.);
#882 = EDGE_CURVE('',#857,#874,#883,.T.);
#883 = LINE('',#884,#885);
#884 = CARTESIAN_POINT('',(9.050431536947,2.,-15.02199028283));
#885 = VECTOR('',#886,1.);
#886 = DIRECTION('',(-0.,-1.,-0.));
#887 = CYLINDRICAL_SURFACE('',#888,1.5);
#888 = AXIS2_PLACEMENT_3D('',#889,#890,#891);
#889 = CARTESIAN_POINT('',(9.050431536947,2.,-13.52199028283));
#890 = DIRECTION('',(-0.,-1.,-0.));
#891 = DIRECTION('',(0.,0.,-1.));
#892 = ADVANCED_FACE('',(#893),#911,.T.);
#893 = FACE_BOUND('',#894,.T.);
#894 = EDGE_LOOP('',(#895,#896,#903,#904));
#895 = ORIENTED_EDGE('',*,*,#865,.F.);
#896 = ORIENTED_EDGE('',*,*,#897,.F.);
#897 = EDGE_CURVE('',#857,#855,#898,.T.);
#898 = CIRCLE('',#899,1.5);
#899 = AXIS2_PLACEMENT_3D('',#900,#901,#902);
#900 = CARTESIAN_POINT('',(9.050431536947,2.,-13.52199028283));
#901 = DIRECTION('',(0.,1.,0.));
#902 = DIRECTION('',(0.,-0.,1.));
#903 = ORIENTED_EDGE('',*,*,#882,.T.);
#904 = ORIENTED_EDGE('',*,*,#905,.T.);
#905 = EDGE_CURVE('',#874,#866,#906,.T.);
#906 = CIRCLE('',#907,1.5);
#907 = AXIS2_PLACEMENT_3D('',#908,#909,#910);
#908 = CARTESIAN_POINT('',(9.050431536947,0.,-13.52199028283));
#909 = DIRECTION('',(0.,1.,0.));
#910 = DIRECTION('',(0.,-0.,1.));
#911 = CYLINDRICAL_SURFACE('',#912,1.5);
#912 = AXIS2_PLACEMENT_3D('',#913,#914,#915);
#913 = CARTESIAN_POINT('',(9.050431536947,2.,-13.52199028283));
#914 = DIRECTION('',(-0.,-1.,-0.));
#915 = DIRECTION('',(0.,0.,-1.));
#916 = ADVANCED_FACE('',(#917),#921,.T.);
#917 = FACE_BOUND('',#918,.T.);
#918 = EDGE_LOOP('',(#919,#920));
#919 = ORIENTED_EDGE('',*,*,#897,.T.);
#920 = ORIENTED_EDGE('',*,*,#854,.T.);
#921 = PLANE('',#922);
#922 = AXIS2_PLACEMENT_3D('',#923,#924,#925);
#923 = CARTESIAN_POINT('',(9.050431536947,2.,-13.52199028283));
#924 = DIRECTION('',(0.,1.,0.));
#925 = DIRECTION('',(0.,-0.,1.));
#926 = ADVANCED_FACE('',(#927),#931,.F.);
#927 = FACE_BOUND('',#928,.T.);
#928 = EDGE_LOOP('',(#929,#930));
#929 = ORIENTED_EDGE('',*,*,#905,.F.);
#930 = ORIENTED_EDGE('',*,*,#873,.F.);
#931 = PLANE('',#932);
#932 = AXIS2_PLACEMENT_3D('',#933,#934,#935);
#933 = CARTESIAN_POINT('',(9.050431536947,0.,-13.52199028283));
#934 = DIRECTION('',(0.,1.,0.));
#935 = DIRECTION('',(0.,-0.,1.));
#936 = MANIFOLD_SOLID_BREP('',#937);
#937 = CLOSED_SHELL('',(#938,#980,#1004,#1014));
#938 = ADVANCED_FACE('',(#939),#975,.T.);
#939 = FACE_BOUND('',#940,.T.);
#940 = EDGE_LOOP('',(#941,#952,#960,#969));
#941 = ORIENTED_EDGE('',*,*,#942,.F.);
#942 = EDGE_CURVE('',#943,#945,#947,.T.);
#943 = VERTEX_POINT('',#944);
#944 = CARTESIAN_POINT('',(13.050431536947,2.,-12.02199028283));
#945 = VERTEX_POINT('',#946);
#946 = CARTESIAN_POINT('',(13.050431536947,2.,-15.02199028283));
#947 = CIRCLE('',#948,1.5);
#948 = AXIS2_PLACEMENT_3D('',#949,#950,#951);
#949 = CARTESIAN_POINT('',(13.050431536947,2.,-13.52199028283));
#950 = DIRECTION('',(0.,1.,0.));
#951 = DIRECTION('',(0.,-0.,1.));
#952 = ORIENTED_EDGE('',*,*,#953,.T.);
#953 = EDGE_CURVE('',#943,#954,#956,.T.);
#954 = VERTEX_POINT('',#955);
#955 = CARTESIAN_POINT('',(13.050431536947,0.,-12.02199028283));
#956 = LINE('',#957,#958);
#957 = CARTESIAN_POINT('',(13.050431536947,2.,-12.02199028283));
#958 = VECTOR('',#959,1.);
#959 = DIRECTION('',(-0.,-1.,-0.));
#960 = ORIENTED_EDGE('',*,*,#961,.T.);
#961 = EDGE_CURVE('',#954,#962,#964,.T.);
#962 = VERTEX_POINT('',#963);
#963 = CARTESIAN_POINT('',(13.050431536947,0.,-15.02199028283));
#964 = CIRCLE('',#965,1.5);
#965 = AXIS2_PLACEMENT_3D('',#966,#967,#968);
#966 = CARTESIAN_POINT('',(13.050431536947,0.,-13.52199028283));
#967 = DIRECTION('',(0.,1.,0.));
#968 = DIRECTION('',(0.,-0.,1.));
#969 = ORIENTED_EDGE('',*,*,#970,.F.);
#970 = EDGE_CURVE('',#945,#962,#971,.T.);
#971 = LINE('',#972,#973);
#972 = CARTESIAN_POINT('',(13.050431536947,2.,-15.02199028283));
#973 = VECTOR('',#974,1.);
#974 = DIRECTION('',(-0.,-1.,-0.));
#975 = CYLINDRICAL_SURFACE('',#976,1.5);
#976 = AXIS2_PLACEMENT_3D('',#977,#978,#979);
#977 = CARTESIAN_POINT('',(13.050431536947,2.,-13.52199028283));
#978 = DIRECTION('',(-0.,-1.,-0.));
#979 = DIRECTION('',(0.,0.,-1.));
#980 = ADVANCED_FACE('',(#981),#999,.T.);
#981 = FACE_BOUND('',#982,.T.);
#982 = EDGE_LOOP('',(#983,#984,#991,#992));
#983 = ORIENTED_EDGE('',*,*,#953,.F.);
#984 = ORIENTED_EDGE('',*,*,#985,.F.);
#985 = EDGE_CURVE('',#945,#943,#986,.T.);
#986 = CIRCLE('',#987,1.5);
#987 = AXIS2_PLACEMENT_3D('',#988,#989,#990);
#988 = CARTESIAN_POINT('',(13.050431536947,2.,-13.52199028283));
#989 = DIRECTION('',(0.,1.,0.));
#990 = DIRECTION('',(0.,-0.,1.));
#991 = ORIENTED_EDGE('',*,*,#970,.T.);
#992 = ORIENTED_EDGE('',*,*,#993,.T.);
#993 = EDGE_CURVE('',#962,#954,#994,.T.);
#994 = CIRCLE('',#995,1.5);
#995 = AXIS2_PLACEMENT_3D('',#996,#997,#998);
#996 = CARTESIAN_POINT('',(13.050431536947,0.,-13.52199028283));
#997 = DIRECTION('',(0.,1.,0.));
#998 = DIRECTION('',(0.,-0.,1.));
#999 = CYLINDRICAL_SURFACE('',#1000,1.5);
#1000 = AXIS2_PLACEMENT_3D('',#1001,#1002,#1003);
#1001 = CARTESIAN_POINT('',(13.050431536947,2.,-13.52199028283));
#1002 = DIRECTION('',(-0.,-1.,-0.));
#1003 = DIRECTION('',(0.,0.,-1.));
#1004 = ADVANCED_FACE('',(#1005),#1009,.T.);
#1005 = FACE_BOUND('',#1006,.T.);
#1006 = EDGE_LOOP('',(#1007,#1008));
#1007 = ORIENTED_EDGE('',*,*,#985,.T.);
#1008 = ORIENTED_EDGE('',*,*,#942,.T.);
#1009 = PLANE('',#1010);
#1010 = AXIS2_PLACEMENT_3D('',#1011,#1012,#1013);
#1011 = CARTESIAN_POINT('',(13.050431536947,2.,-13.52199028283));
#1012 = DIRECTION('',(0.,1.,0.));
#1013 = DIRECTION('',(0.,-0.,1.));
#1014 = ADVANCED_FACE('',(#1015),#1019,.F.);
#1015 = FACE_BOUND('',#1016,.T.);
#1016 = EDGE_LOOP('',(#1017,#1018));
#1017 = ORIENTED_EDGE('',*,*,#993,.F.);
#1018 = ORIENTED_EDGE('',*,*,#961,.F.);
#1019 = PLANE('',#1020);
#1020 = AXIS2_PLACEMENT_3D('',#1021,#1022,#1023);
#1021 = CARTESIAN_POINT('',(13.050431536947,0.,-13.52199028283));
#1022 = DIRECTION('',(0.,1.,0.));
#1023 = DIRECTION('',(0.,-0.,1.));
#1024 = MANIFOLD_SOLID_BREP('',#1025);
#1025 = CLOSED_SHELL('',(#1026,#1068,#1092,#1102));
#1026 = ADVANCED_FACE('',(#1027),#1063,.T.);
#1027 = FACE_BOUND('',#1028,.T.);
#1028 = EDGE_LOOP('',(#1029,#1040,#1048,#1057));
#1029 = ORIENTED_EDGE('',*,*,#1030,.F.);
#1030 = EDGE_CURVE('',#1031,#1033,#1035,.T.);
#1031 = VERTEX_POINT('',#1032);
#1032 = CARTESIAN_POINT('',(17.050431536947,2.,-12.02199028283));
#1033 = VERTEX_POINT('',#1034);
#1034 = CARTESIAN_POINT('',(17.050431536947,2.,-15.02199028283));
#1035 = CIRCLE('',#1036,1.5);
#1036 = AXIS2_PLACEMENT_3D('',#1037,#1038,#1039);
#1037 = CARTESIAN_POINT('',(17.050431536947,2.,-13.52199028283));
#1038 = DIRECTION('',(0.,1.,0.));
#1039 = DIRECTION('',(0.,-0.,1.));
#1040 = ORIENTED_EDGE('',*,*,#1041,.T.);
#1041 = EDGE_CURVE('',#1031,#1042,#1044,.T.);
#1042 = VERTEX_POINT('',#1043);
#1043 = CARTESIAN_POINT('',(17.050431536947,0.,-12.02199028283));
#1044 = LINE('',#1045,#1046);
#1045 = CARTESIAN_POINT('',(17.050431536947,2.,-12.02199028283));
#1046 = VECTOR('',#1047,1.);
#1047 = DIRECTION('',(-0.,-1.,-0.));
#1048 = ORIENTED_EDGE('',*,*,#1049,.T.);
#1049 = EDGE_CURVE('',#1042,#1050,#1052,.T.);
#1050 = VERTEX_POINT('',#1051);
#1051 = CARTESIAN_POINT('',(17.050431536947,0.,-15.02199028283));
#1052 = CIRCLE('',#1053,1.5);
#1053 = AXIS2_PLACEMENT_3D('',#1054,#1055,#1056);
#1054 = CARTESIAN_POINT('',(17.050431536947,0.,-13.52199028283));
#1055 = DIRECTION('',(0.,1.,0.));
#1056 = DIRECTION('',(0.,-0.,1.));
#1057 = ORIENTED_EDGE('',*,*,#1058,.F.);
#1058 = EDGE_CURVE('',#1033,#1050,#1059,.T.);
#1059 = LINE('',#1060,#1061);
#1060 = CARTESIAN_POINT('',(17.050431536947,2.,-15.02199028283));
#1061 = VECTOR('',#1062,1.);
#1062 = DIRECTION('',(-0.,-1.,-0.));
#1063 = CYLINDRICAL_SURFACE('',#1064,1.5);
#1064 = AXIS2_PLACEMENT_3D('',#1065,#1066,#1067);
#1065 = CARTESIAN_POINT('',(17.050431536947,2.,-13.52199028283));
#1066 = DIRECTION('',(-0.,-1.,-0.));
#1067 = DIRECTION('',(0.,0.,-1.));
#1068 = ADVANCED_FACE('',(#1069),#1087,.T.);
#1069 = FACE_BOUND('',#1070,.T.);
#1070 = EDGE_LOOP('',(#1071,#1072,#1079,#1080));
#1071 = ORIENTED_EDGE('',*,*,#1041,.F.);
#1072 = ORIENTED_EDGE('',*,*,#1073,.F.);
#1073 = EDGE_CURVE('',#1033,#1031,#1074,.T.);
#1074 = CIRCLE('',#1075,1.5);
#1075 = AXIS2_PLACEMENT_3D('',#1076,#1077,#1078);
#1076 = CARTESIAN_POINT('',(17.050431536947,2.,-13.52199028283));
#1077 = DIRECTION('',(0.,1.,0.));
#1078 = DIRECTION('',(0.,-0.,1.));
#1079 = ORIENTED_EDGE('',*,*,#1058,.T.);
#1080 = ORIENTED_EDGE('',*,*,#1081,.T.);
#1081 = EDGE_CURVE('',#1050,#1042,#1082,.T.);
#1082 = CIRCLE('',#1083,1.5);
#1083 = AXIS2_PLACEMENT_3D('',#1084,#1085,#1086);
#1084 = CARTESIAN_POINT('',(17.050431536947,0.,-13.52199028283));
#1085 = DIRECTION('',(0.,1.,0.));
#1086 = DIRECTION('',(0.,-0.,1.));
#1087 = CYLINDRICAL_SURFACE('',#1088,1.5);
#1088 = AXIS2_PLACEMENT_3D('',#1089,#1090,#1091);
#1089 = CARTESIAN_POINT('',(17.050431536947,2.,-13.52199028283));
#1090 = DIRECTION('',(-0.,-1.,-0.));
#1091 = DIRECTION('',(0.,0.,-1.));
#1092 = ADVANCED_FACE('',(#1093),#1097,.T.);
#1093 = FACE_BOUND('',#1094,.T.);
#1094 = EDGE_LOOP('',(#1095,#1096));
#1095 = ORIENTED_EDGE('',*,*,#1073,.T.);
#1096 = ORIENTED_EDGE('',*,*,#1030,.T.);
#1097 = PLANE('',#1098);
#1098 = AXIS2_PLACEMENT_3D('',#1099,#1100,#1101);
#1099 = CARTESIAN_POINT('',(17.050431536947,2.,-13.52199028283));
#1100 = DIRECTION('',(0.,1.,0.));
#1101 = DIRECTION('',(0.,-0.,1.));
#1102 = ADVANCED_FACE('',(#1103),#1107,.F.);
#1103 = FACE_BOUND('',#1104,.T.);
#1104 = EDGE_LOOP('',(#1105,#1106));
#1105 = ORIENTED_EDGE('',*,*,#1081,.F.);
#1106 = ORIENTED_EDGE('',*,*,#1049,.F.);
#1107 = PLANE('',#1108);
#1108 = AXIS2_PLACEMENT_3D('',#1109,#1110,#1111);
#1109 = CARTESIAN_POINT('',(17.050431536947,0.,-13.52199028283));
#1110 = DIRECTION('',(0.,1.,0.));
#1111 = DIRECTION('',(0.,-0.,1.));
#1112 = MANIFOLD_SOLID_BREP('',#1113);
#1113 = CLOSED_SHELL('',(#1114,#1156,#1180,#1190));
#1114 = ADVANCED_FACE('',(#1115),#1151,.T.);
#1115 = FACE_BOUND('',#1116,.T.);
#1116 = EDGE_LOOP('',(#1117,#1128,#1136,#1145));
#1117 = ORIENTED_EDGE('',*,*,#1118,.F.);
#1118 = EDGE_CURVE('',#1119,#1121,#1123,.T.);
#1119 = VERTEX_POINT('',#1120);
#1120 = CARTESIAN_POINT('',(21.050431536947,2.,-12.02199028283));
#1121 = VERTEX_POINT('',#1122);
#1122 = CARTESIAN_POINT('',(21.050431536947,2.,-15.02199028283));
#1123 = CIRCLE('',#1124,1.5);
#1124 = AXIS2_PLACEMENT_3D('',#1125,#1126,#1127);
#1125 = CARTESIAN_POINT('',(21.050431536947,2.,-13.52199028283));
#1126 = DIRECTION('',(0.,1.,0.));
#1127 = DIRECTION('',(0.,-0.,1.));
#1128 = ORIENTED_EDGE('',*,*,#1129,.T.);
#1129 = EDGE_CURVE('',#1119,#1130,#1132,.T.);
#1130 = VERTEX_POINT('',#1131);
#1131 = CARTESIAN_POINT('',(21.050431536947,0.,-12.02199028283));
#1132 = LINE('',#1133,#1134);
#1133 = CARTESIAN_POINT('',(21.050431536947,2.,-12.02199028283));
#1134 = VECTOR('',#1135,1.);
#1135 = DIRECTION('',(-0.,-1.,-0.));
#1136 = ORIENTED_EDGE('',*,*,#1137,.T.);
#1137 = EDGE_CURVE('',#1130,#1138,#1140,.T.);
#1138 = VERTEX_POINT('',#1139);
#1139 = CARTESIAN_POINT('',(21.050431536947,0.,-15.02199028283));
#1140 = CIRCLE('',#1141,1.5);
#1141 = AXIS2_PLACEMENT_3D('',#1142,#1143,#1144);
#1142 = CARTESIAN_POINT('',(21.050431536947,0.,-13.52199028283));
#1143 = DIRECTION('',(0.,1.,0.));
#1144 = DIRECTION('',(0.,-0.,1.));
#1145 = ORIENTED_EDGE('',*,*,#1146,.F.);
#1146 = EDGE_CURVE('',#1121,#1138,#1147,.T.);
#1147 = LINE('',#1148,#1149);
#1148 = CARTESIAN_POINT('',(21.050431536947,2.,-15.02199028283));
#1149 = VECTOR('',#1150,1.);
#1150 = DIRECTION('',(-0.,-1.,-0.));
#1151 = CYLINDRICAL_SURFACE('',#1152,1.5);
#1152 = AXIS2_PLACEMENT_3D('',#1153,#1154,#1155);
#1153 = CARTESIAN_POINT('',(21.050431536947,2.,-13.52199028283));
#1154 = DIRECTION('',(-0.,-1.,-0.));
#1155 = DIRECTION('',(0.,0.,-1.));
#1156 = ADVANCED_FACE('',(#1157),#1175,.T.);
#1157 = FACE_BOUND('',#1158,.T.);
#1158 = EDGE_LOOP('',(#1159,#1160,#1167,#1168));
#1159 = ORIENTED_EDGE('',*,*,#1129,.F.);
#1160 = ORIENTED_EDGE('',*,*,#1161,.F.);
#1161 = EDGE_CURVE('',#1121,#1119,#1162,.T.);
#1162 = CIRCLE('',#1163,1.5);
#1163 = AXIS2_PLACEMENT_3D('',#1164,#1165,#1166);
#1164 = CARTESIAN_POINT('',(21.050431536947,2.,-13.52199028283));
#1165 = DIRECTION('',(0.,1.,0.));
#1166 = DIRECTION('',(0.,-0.,1.));
#1167 = ORIENTED_EDGE('',*,*,#1146,.T.);
#1168 = ORIENTED_EDGE('',*,*,#1169,.T.);
#1169 = EDGE_CURVE('',#1138,#1130,#1170,.T.);
#1170 = CIRCLE('',#1171,1.5);
#1171 = AXIS2_PLACEMENT_3D('',#1172,#1173,#1174);
#1172 = CARTESIAN_POINT('',(21.050431536947,0.,-13.52199028283));
#1173 = DIRECTION('',(0.,1.,0.));
#1174 = DIRECTION('',(0.,-0.,1.));
#1175 = CYLINDRICAL_SURFACE('',#1176,1.5);
#1176 = AXIS2_PLACEMENT_3D('',#1177,#1178,#1179);
#1177 = CARTESIAN_POINT('',(21.050431536947,2.,-13.52199028283));
#1178 = DIRECTION('',(-0.,-1.,-0.));
#1179 = DIRECTION('',(0.,0.,-1.));
#1180 = ADVANCED_FACE('',(#1181),#1185,.T.);
#1181 = FACE_BOUND('',#1182,.T.);
#1182 = EDGE_LOOP('',(#1183,#1184));
#1183 = ORIENTED_EDGE('',*,*,#1161,.T.);
#1184 = ORIENTED_EDGE('',*,*,#1118,.T.);
#1185 = PLANE('',#1186);
#1186 = AXIS2_PLACEMENT_3D('',#1187,#1188,#1189);
#1187 = CARTESIAN_POINT('',(21.050431536947,2.,-13.52199028283));
#1188 = DIRECTION('',(0.,1.,0.));
#1189 = DIRECTION('',(0.,-0.,1.));
#1190 = ADVANCED_FACE('',(#1191),#1195,.F.);
#1191 = FACE_BOUND('',#1192,.T.);
#1192 = EDGE_LOOP('',(#1193,#1194));
#1193 = ORIENTED_EDGE('',*,*,#1169,.F.);
#1194 = ORIENTED_EDGE('',*,*,#1137,.F.);
#1195 = PLANE('',#1196);
#1196 = AXIS2_PLACEMENT_3D('',#1197,#1198,#1199);
#1197 = CARTESIAN_POINT('',(21.050431536947,0.,-13.52199028283));
#1198 = DIRECTION('',(0.,1.,0.));
#1199 = DIRECTION('',(0.,-0.,1.));
#1200 = MANIFOLD_SOLID_BREP('',#1201);
#1201 = CLOSED_SHELL('',(#1202,#1244,#1268,#1278));
#1202 = ADVANCED_FACE('',(#1203),#1239,.T.);
#1203 = FACE_BOUND('',#1204,.T.);
#1204 = EDGE_LOOP('',(#1205,#1216,#1224,#1233));
#1205 = ORIENTED_EDGE('',*,*,#1206,.F.);
#1206 = EDGE_CURVE('',#1207,#1209,#1211,.T.);
#1207 = VERTEX_POINT('',#1208);
#1208 = CARTESIAN_POINT('',(25.050431536947,2.,-12.02199028283));
#1209 = VERTEX_POINT('',#1210);
#1210 = CARTESIAN_POINT('',(25.050431536947,2.,-15.02199028283));
#1211 = CIRCLE('',#1212,1.5);
#1212 = AXIS2_PLACEMENT_3D('',#1213,#1214,#1215);
#1213 = CARTESIAN_POINT('',(25.050431536947,2.,-13.52199028283));
#1214 = DIRECTION('',(0.,1.,0.));
#1215 = DIRECTION('',(0.,-0.,1.));
#1216 = ORIENTED_EDGE('',*,*,#1217,.T.);
#1217 = EDGE_CURVE('',#1207,#1218,#1220,.T.);
#1218 = VERTEX_POINT('',#1219);
#1219 = CARTESIAN_POINT('',(25.050431536947,0.,-12.02199028283));
#1220 = LINE('',#1221,#1222);
#1221 = CARTESIAN_POINT('',(25.050431536947,2.,-12.02199028283));
#1222 = VECTOR('',#1223,1.);
#1223 = DIRECTION('',(-0.,-1.,-0.));
#1224 = ORIENTED_EDGE('',*,*,#1225,.T.);
#1225 = EDGE_CURVE('',#1218,#1226,#1228,.T.);
#1226 = VERTEX_POINT('',#1227);
#1227 = CARTESIAN_POINT('',(25.050431536947,0.,-15.02199028283));
#1228 = CIRCLE('',#1229,1.5);
#1229 = AXIS2_PLACEMENT_3D('',#1230,#1231,#1232);
#1230 = CARTESIAN_POINT('',(25.050431536947,0.,-13.52199028283));
#1231 = DIRECTION('',(0.,1.,0.));
#1232 = DIRECTION('',(0.,-0.,1.));
#1233 = ORIENTED_EDGE('',*,*,#1234,.F.);
#1234 = EDGE_CURVE('',#1209,#1226,#1235,.T.);
#1235 = LINE('',#1236,#1237);
#1236 = CARTESIAN_POINT('',(25.050431536947,2.,-15.02199028283));
#1237 = VECTOR('',#1238,1.);
#1238 = DIRECTION('',(-0.,-1.,-0.));
#1239 = CYLINDRICAL_SURFACE('',#1240,1.5);
#1240 = AXIS2_PLACEMENT_3D('',#1241,#1242,#1243);
#1241 = CARTESIAN_POINT('',(25.050431536947,2.,-13.52199028283));
#1242 = DIRECTION('',(-0.,-1.,-0.));
#1243 = DIRECTION('',(0.,0.,-1.));
#1244 = ADVANCED_FACE('',(#1245),#1263,.T.);
#1245 = FACE_BOUND('',#1246,.T.);
#1246 = EDGE_LOOP('',(#1247,#1248,#1255,#1256));
#1247 = ORIENTED_EDGE('',*,*,#1217,.F.);
#1248 = ORIENTED_EDGE('',*,*,#1249,.F.);
#1249 = EDGE_CURVE('',#1209,#1207,#1250,.T.);
#1250 = CIRCLE('',#1251,1.5);
#1251 = AXIS2_PLACEMENT_3D('',#1252,#1253,#1254);
#1252 = CARTESIAN_POINT('',(25.050431536947,2.,-13.52199028283));
#1253 = DIRECTION('',(0.,1.,0.));
#1254 = DIRECTION('',(0.,-0.,1.));
#1255 = ORIENTED_EDGE('',*,*,#1234,.T.);
#1256 = ORIENTED_EDGE('',*,*,#1257,.T.);
#1257 = EDGE_CURVE('',#1226,#1218,#1258,.T.);
#1258 = CIRCLE('',#1259,1.5);
#1259 = AXIS2_PLACEMENT_3D('',#1260,#1261,#1262);
#1260 = CARTESIAN_POINT('',(25.050431536947,0.,-13.52199028283));
#1261 = DIRECTION('',(0.,1.,0.));
#1262 = DIRECTION('',(0.,-0.,1.));
#1263 = CYLINDRICAL_SURFACE('',#1264,1.5);
#1264 = AXIS2_PLACEMENT_3D('',#1265,#1266,#1267);
#1265 = CARTESIAN_POINT('',(25.050431536947,2.,-13.52199028283));
#1266 = DIRECTION('',(-0.,-1.,-0.));
#1267 = DIRECTION('',(0.,0.,-1.));
#1268 = ADVANCED_FACE('',(#1269),#1273,.T.);
#1269 = FACE_BOUND('',#1270,.T.);
#1270 = EDGE_LOOP('',(#1271,#1272));
#1271 = ORIENTED_EDGE('',*,*,#1249,.T.);
#1272 = ORIENTED_EDGE('',*,*,#1206,.T.);
#1273 = PLANE('',#1274);
#1274 = AXIS2_PLACEMENT_3D('',#1275,#1276,#1277);
#1275 = CARTESIAN_POINT('',(25.050431536947,2.,-13.52199028283));
#1276 = DIRECTION('',(0.,1.,0.));
#1277 = DIRECTION('',(0.,-0.,1.));
#1278 = ADVANCED_FACE('',(#1279),#1283,.F.);
#1279 = FACE_BOUND('',#1280,.T.);
#1280 = EDGE_LOOP('',(#1281,#1282));
#1281 = ORIENTED_EDGE('',*,*,#1257,.F.);
#1282 = ORIENTED_EDGE('',*,*,#1225,.F.);
#1283 = PLANE('',#1284);
#1284 = AXIS2_PLACEMENT_3D('',#1285,#1286,#1287);
#1285 = CARTESIAN_POINT('',(25.050431536947,0.,-13.52199028283));
#1286 = DIRECTION('',(0.,1.,0.));
#1287 = DIRECTION('',(0.,-0.,1.));
#1288 = MANIFOLD_SOLID_BREP('',#1289);
#1289 = CLOSED_SHELL('',(#1290,#1332,#1356,#1366));
#1290 = ADVANCED_FACE('',(#1291),#1327,.T.);
#1291 = FACE_BOUND('',#1292,.T.);
#1292 = EDGE_LOOP('',(#1293,#1304,#1312,#1321));
#1293 = ORIENTED_EDGE('',*,*,#1294,.F.);
#1294 = EDGE_CURVE('',#1295,#1297,#1299,.T.);
#1295 = VERTEX_POINT('',#1296);
#1296 = CARTESIAN_POINT('',(29.050431536947,2.,-12.02199028283));
#1297 = VERTEX_POINT('',#1298);
#1298 = CARTESIAN_POINT('',(29.050431536947,2.,-15.02199028283));
#1299 = CIRCLE('',#1300,1.5);
#1300 = AXIS2_PLACEMENT_3D('',#1301,#1302,#1303);
#1301 = CARTESIAN_POINT('',(29.050431536947,2.,-13.52199028283));
#1302 = DIRECTION('',(0.,1.,0.));
#1303 = DIRECTION('',(0.,-0.,1.));
#1304 = ORIENTED_EDGE('',*,*,#1305,.T.);
#1305 = EDGE_CURVE('',#1295,#1306,#1308,.T.);
#1306 = VERTEX_POINT('',#1307);
#1307 = CARTESIAN_POINT('',(29.050431536947,0.,-12.02199028283));
#1308 = LINE('',#1309,#1310);
#1309 = CARTESIAN_POINT('',(29.050431536947,2.,-12.02199028283));
#1310 = VECTOR('',#1311,1.);
#1311 = DIRECTION('',(-0.,-1.,-0.));
#1312 = ORIENTED_EDGE('',*,*,#1313,.T.);
#1313 = EDGE_CURVE('',#1306,#1314,#1316,.T.);
#1314 = VERTEX_POINT('',#1315);
#1315 = CARTESIAN_POINT('',(29.050431536947,0.,-15.02199028283));
#1316 = CIRCLE('',#1317,1.5);
#1317 = AXIS2_PLACEMENT_3D('',#1318,#1319,#1320);
#1318 = CARTESIAN_POINT('',(29.050431536947,0.,-13.52199028283));
#1319 = DIRECTION('',(0.,1.,0.));
#1320 = DIRECTION('',(0.,-0.,1.));
#1321 = ORIENTED_EDGE('',*,*,#1322,.F.);
#1322 = EDGE_CURVE('',#1297,#1314,#1323,.T.);
#1323 = LINE('',#1324,#1325);
#1324 = CARTESIAN_POINT('',(29.050431536947,2.,-15.02199028283));
#1325 = VECTOR('',#1326,1.);
#1326 = DIRECTION('',(-0.,-1.,-0.));
#1327 = CYLINDRICAL_SURFACE('',#1328,1.5);
#1328 = AXIS2_PLACEMENT_3D('',#1329,#1330,#1331);
#1329 = CARTESIAN_POINT('',(29.050431536947,2.,-13.52199028283));
#1330 = DIRECTION('',(-0.,-1.,-0.));
#1331 = DIRECTION('',(0.,0.,-1.));
#1332 = ADVANCED_FACE('',(#1333),#1351,.T.);
#1333 = FACE_BOUND('',#1334,.T.);
#1334 = EDGE_LOOP('',(#1335,#1336,#1343,#1344));
#1335 = ORIENTED_EDGE('',*,*,#1305,.F.);
#1336 = ORIENTED_EDGE('',*,*,#1337,.F.);
#1337 = EDGE_CURVE('',#1297,#1295,#1338,.T.);
#1338 = CIRCLE('',#1339,1.5);
#1339 = AXIS2_PLACEMENT_3D('',#1340,#1341,#1342);
#1340 = CARTESIAN_POINT('',(29.050431536947,2.,-13.52199028283));
#1341 = DIRECTION('',(0.,1.,0.));
#1342 = DIRECTION('',(0.,-0.,1.));
#1343 = ORIENTED_EDGE('',*,*,#1322,.T.);
#1344 = ORIENTED_EDGE('',*,*,#1345,.T.);
#1345 = EDGE_CURVE('',#1314,#1306,#1346,.T.);
#1346 = CIRCLE('',#1347,1.5);
#1347 = AXIS2_PLACEMENT_3D('',#1348,#1349,#1350);
#1348 = CARTESIAN_POINT('',(29.050431536947,0.,-13.52199028283));
#1349 = DIRECTION('',(0.,1.,0.));
#1350 = DIRECTION('',(0.,-0.,1.));
#1351 = CYLINDRICAL_SURFACE('',#1352,1.5);
#1352 = AXIS2_PLACEMENT_3D('',#1353,#1354,#1355);
#1353 = CARTESIAN_POINT('',(29.050431536947,2.,-13.52199028283));
#1354 = DIRECTION('',(-0.,-1.,-0.));
#1355 = DIRECTION('',(0.,0.,-1.));
#1356 = ADVANCED_FACE('',(#1357),#1361,.T.);
#1357 = FACE_BOUND('',#1358,.T.);
#1358 = EDGE_LOOP('',(#1359,#1360));
#1359 = ORIENTED_EDGE('',*,*,#1337,.T.);
#1360 = ORIENTED_EDGE('',*,*,#1294,.T.);
#1361 = PLANE('',#1362);
#1362 = AXIS2_PLACEMENT_3D('',#1363,#1364,#1365);
#1363 = CARTESIAN_POINT('',(29.050431536947,2.,-13.52199028283));
#1364 = DIRECTION('',(0.,1.,0.));
#1365 = DIRECTION('',(0.,-0.,1.));
#1366 = ADVANCED_FACE('',(#1367),#1371,.F.);
#1367 = FACE_BOUND('',#1368,.T.);
#1368 = EDGE_LOOP('',(#1369,#1370));
#1369 = ORIENTED_EDGE('',*,*,#1345,.F.);
#1370 = ORIENTED_EDGE('',*,*,#1313,.F.);
#1371 = PLANE('',#1372);
#1372 = AXIS2_PLACEMENT_3D('',#1373,#1374,#1375);
#1373 = CARTESIAN_POINT('',(29.050431536947,0.,-13.52199028283));
#1374 = DIRECTION('',(0.,1.,0.));
#1375 = DIRECTION('',(0.,-0.,1.));
#1376 = MANIFOLD_SOLID_BREP('',#1377);
#1377 = CLOSED_SHELL('',(#1378,#1420,#1444,#1454));
#1378 = ADVANCED_FACE('',(#1379),#1415,.T.);
#1379 = FACE_BOUND('',#1380,.T.);
#1380 = EDGE_LOOP('',(#1381,#1392,#1400,#1409));
#1381 = ORIENTED_EDGE('',*,*,#1382,.F.);
#1382 = EDGE_CURVE('',#1383,#1385,#1387,.T.);
#1383 = VERTEX_POINT('',#1384);
#1384 = CARTESIAN_POINT('',(33.050431536947,2.,-12.02199028283));
#1385 = VERTEX_POINT('',#1386);
#1386 = CARTESIAN_POINT('',(33.050431536947,2.,-15.02199028283));
#1387 = CIRCLE('',#1388,1.5);
#1388 = AXIS2_PLACEMENT_3D('',#1389,#1390,#1391);
#1389 = CARTESIAN_POINT('',(33.050431536947,2.,-13.52199028283));
#1390 = DIRECTION('',(0.,1.,0.));
#1391 = DIRECTION('',(0.,-0.,1.));
#1392 = ORIENTED_EDGE('',*,*,#1393,.T.);
#1393 = EDGE_CURVE('',#1383,#1394,#1396,.T.);
#1394 = VERTEX_POINT('',#1395);
#1395 = CARTESIAN_POINT('',(33.050431536947,0.,-12.02199028283));
#1396 = LINE('',#1397,#1398);
#1397 = CARTESIAN_POINT('',(33.050431536947,2.,-12.02199028283));
#1398 = VECTOR('',#1399,1.);
#1399 = DIRECTION('',(-0.,-1.,-0.));
#1400 = ORIENTED_EDGE('',*,*,#1401,.T.);
#1401 = EDGE_CURVE('',#1394,#1402,#1404,.T.);
#1402 = VERTEX_POINT('',#1403);
#1403 = CARTESIAN_POINT('',(33.050431536947,0.,-15.02199028283));
#1404 = CIRCLE('',#1405,1.5);
#1405 = AXIS2_PLACEMENT_3D('',#1406,#1407,#1408);
#1406 = CARTESIAN_POINT('',(33.050431536947,0.,-13.52199028283));
#1407 = DIRECTION('',(0.,1.,0.));
#1408 = DIRECTION('',(0.,-0.,1.));
#1409 = ORIENTED_EDGE('',*,*,#1410,.F.);
#1410 = EDGE_CURVE('',#1385,#1402,#1411,.T.);
#1411 = LINE('',#1412,#1413);
#1412 = CARTESIAN_POINT('',(33.050431536947,2.,-15.02199028283));
#1413 = VECTOR('',#1414,1.);
#1414 = DIRECTION('',(-0.,-1.,-0.));
#1415 = CYLINDRICAL_SURFACE('',#1416,1.5);
#1416 = AXIS2_PLACEMENT_3D('',#1417,#1418,#1419);
#1417 = CARTESIAN_POINT('',(33.050431536947,2.,-13.52199028283));
#1418 = DIRECTION('',(-0.,-1.,-0.));
#1419 = DIRECTION('',(0.,0.,-1.));
#1420 = ADVANCED_FACE('',(#1421),#1439,.T.);
#1421 = FACE_BOUND('',#1422,.T.);
#1422 = EDGE_LOOP('',(#1423,#1424,#1431,#1432));
#1423 = ORIENTED_EDGE('',*,*,#1393,.F.);
#1424 = ORIENTED_EDGE('',*,*,#1425,.F.);
#1425 = EDGE_CURVE('',#1385,#1383,#1426,.T.);
#1426 = CIRCLE('',#1427,1.5);
#1427 = AXIS2_PLACEMENT_3D('',#1428,#1429,#1430);
#1428 = CARTESIAN_POINT('',(33.050431536947,2.,-13.52199028283));
#1429 = DIRECTION('',(0.,1.,0.));
#1430 = DIRECTION('',(0.,-0.,1.));
#1431 = ORIENTED_EDGE('',*,*,#1410,.T.);
#1432 = ORIENTED_EDGE('',*,*,#1433,.T.);
#1433 = EDGE_CURVE('',#1402,#1394,#1434,.T.);
#1434 = CIRCLE('',#1435,1.5);
#1435 = AXIS2_PLACEMENT_3D('',#1436,#1437,#1438);
#1436 = CARTESIAN_POINT('',(33.050431536947,0.,-13.52199028283));
#1437 = DIRECTION('',(0.,1.,0.));
#1438 = DIRECTION('',(0.,-0.,1.));
#1439 = CYLINDRICAL_SURFACE('',#1440,1.5);
#1440 = AXIS2_PLACEMENT_3D('',#1441,#1442,#1443);
#1441 = CARTESIAN_POINT('',(33.050431536947,2.,-13.52199028283));
#1442 = DIRECTION('',(-0.,-1.,-0.));
#1443 = DIRECTION('',(0.,0.,-1.));
#1444 = ADVANCED_FACE('',(#1445),#1449,.T.);
#1445 = FACE_BOUND('',#1446,.T.);
#1446 = EDGE_LOOP('',(#1447,#1448));
#1447 = ORIENTED_EDGE('',*,*,#1425,.T.);
#1448 = ORIENTED_EDGE('',*,*,#1382,.T.);
#1449 = PLANE('',#1450);
#1450 = AXIS2_PLACEMENT_3D('',#1451,#1452,#1453);
#1451 = CARTESIAN_POINT('',(33.050431536947,2.,-13.52199028283));
#1452 = DIRECTION('',(0.,1.,0.));
#1453 = DIRECTION('',(0.,-0.,1.));
#1454 = ADVANCED_FACE('',(#1455),#1459,.F.);
#1455 = FACE_BOUND('',#1456,.T.);
#1456 = EDGE_LOOP('',(#1457,#1458));
#1457 = ORIENTED_EDGE('',*,*,#1433,.F.);
#1458 = ORIENTED_EDGE('',*,*,#1401,.F.);
#1459 = PLANE('',#1460);
#1460 = AXIS2_PLACEMENT_3D('',#1461,#1462,#1463);
#1461 = CARTESIAN_POINT('',(33.050431536947,0.,-13.52199028283));
#1462 = DIRECTION('',(0.,1.,0.));
#1463 = DIRECTION('',(0.,-0.,1.));
#1464 = MANIFOLD_SOLID_BREP('',#1465);
#1465 = CLOSED_SHELL('',(#1466,#1508,#1532,#1542));
#1466 = ADVANCED_FACE('',(#1467),#1503,.T.);
#1467 = FACE_BOUND('',#1468,.T.);
#1468 = EDGE_LOOP('',(#1469,#1480,#1488,#1497));
#1469 = ORIENTED_EDGE('',*,*,#1470,.F.);
#1470 = EDGE_CURVE('',#1471,#1473,#1475,.T.);
#1471 = VERTEX_POINT('',#1472);
#1472 = CARTESIAN_POINT('',(9.050431536947,2.,-16.02199028283));
#1473 = VERTEX_POINT('',#1474);
#1474 = CARTESIAN_POINT('',(9.050431536947,2.,-19.02199028283));
#1475 = CIRCLE('',#1476,1.5);
#1476 = AXIS2_PLACEMENT_3D('',#1477,#1478,#1479);
#1477 = CARTESIAN_POINT('',(9.050431536947,2.,-17.52199028283));
#1478 = DIRECTION('',(0.,1.,0.));
#1479 = DIRECTION('',(0.,-0.,1.));
#1480 = ORIENTED_EDGE('',*,*,#1481,.T.);
#1481 = EDGE_CURVE('',#1471,#1482,#1484,.T.);
#1482 = VERTEX_POINT('',#1483);
#1483 = CARTESIAN_POINT('',(9.050431536947,0.,-16.02199028283));
#1484 = LINE('',#1485,#1486);
#1485 = CARTESIAN_POINT('',(9.050431536947,2.,-16.02199028283));
#1486 = VECTOR('',#1487,1.);
#1487 = DIRECTION('',(-0.,-1.,-0.));
#1488 = ORIENTED_EDGE('',*,*,#1489,.T.);
#1489 = EDGE_CURVE('',#1482,#1490,#1492,.T.);
#1490 = VERTEX_POINT('',#1491);
#1491 = CARTESIAN_POINT('',(9.050431536947,0.,-19.02199028283));
#1492 = CIRCLE('',#1493,1.5);
#1493 = AXIS2_PLACEMENT_3D('',#1494,#1495,#1496);
#1494 = CARTESIAN_POINT('',(9.050431536947,0.,-17.52199028283));
#1495 = DIRECTION('',(0.,1.,0.));
#1496 = DIRECTION('',(0.,-0.,1.));
#1497 = ORIENTED_EDGE('',*,*,#1498,.F.);
#1498 = EDGE_CURVE('',#1473,#1490,#1499,.T.);
#1499 = LINE('',#1500,#1501);
#1500 = CARTESIAN_POINT('',(9.050431536947,2.,-19.02199028283));
#1501 = VECTOR('',#1502,1.);
#1502 = DIRECTION('',(-0.,-1.,-0.));
#1503 = CYLINDRICAL_SURFACE('',#1504,1.5);
#1504 = AXIS2_PLACEMENT_3D('',#1505,#1506,#1507);
#1505 = CARTESIAN_POINT('',(9.050431536947,2.,-17.52199028283));
#1506 = DIRECTION('',(-0.,-1.,-0.));
#1507 = DIRECTION('',(0.,0.,-1.));
#1508 = ADVANCED_FACE('',(#1509),#1527,.T.);
#1509 = FACE_BOUND('',#1510,.T.);
#1510 = EDGE_LOOP('',(#1511,#1512,#1519,#1520));
#1511 = ORIENTED_EDGE('',*,*,#1481,.F.);
#1512 = ORIENTED_EDGE('',*,*,#1513,.F.);
#1513 = EDGE_CURVE('',#1473,#1471,#1514,.T.);
#1514 = CIRCLE('',#1515,1.5);
#1515 = AXIS2_PLACEMENT_3D('',#1516,#1517,#1518);
#1516 = CARTESIAN_POINT('',(9.050431536947,2.,-17.52199028283));
#1517 = DIRECTION('',(0.,1.,0.));
#1518 = DIRECTION('',(0.,-0.,1.));
#1519 = ORIENTED_EDGE('',*,*,#1498,.T.);
#1520 = ORIENTED_EDGE('',*,*,#1521,.T.);
#1521 = EDGE_CURVE('',#1490,#1482,#1522,.T.);
#1522 = CIRCLE('',#1523,1.5);
#1523 = AXIS2_PLACEMENT_3D('',#1524,#1525,#1526);
#1524 = CARTESIAN_POINT('',(9.050431536947,0.,-17.52199028283));
#1525 = DIRECTION('',(0.,1.,0.));
#1526 = DIRECTION('',(0.,-0.,1.));
#1527 = CYLINDRICAL_SURFACE('',#1528,1.5);
#1528 = AXIS2_PLACEMENT_3D('',#1529,#1530,#1531);
#1529 = CARTESIAN_POINT('',(9.050431536947,2.,-17.52199028283));
#1530 = DIRECTION('',(-0.,-1.,-0.));
#1531 = DIRECTION('',(0.,0.,-1.));
#1532 = ADVANCED_FACE('',(#1533),#1537,.T.);
#1533 = FACE_BOUND('',#1534,.T.);
#1534 = EDGE_LOOP('',(#1535,#1536));
#1535 = ORIENTED_EDGE('',*,*,#1513,.T.);
#1536 = ORIENTED_EDGE('',*,*,#1470,.T.);
#1537 = PLANE('',#1538);
#1538 = AXIS2_PLACEMENT_3D('',#1539,#1540,#1541);
#1539 = CARTESIAN_POINT('',(9.050431536947,2.,-17.52199028283));
#1540 = DIRECTION('',(0.,1.,0.));
#1541 = DIRECTION('',(0.,-0.,1.));
#1542 = ADVANCED_FACE('',(#1543),#1547,.F.);
#1543 = FACE_BOUND('',#1544,.T.);
#1544 = EDGE_LOOP('',(#1545,#1546));
#1545 = ORIENTED_EDGE('',*,*,#1521,.F.);
#1546 = ORIENTED_EDGE('',*,*,#1489,.F.);
#1547 = PLANE('',#1548);
#1548 = AXIS2_PLACEMENT_3D('',#1549,#1550,#1551);
#1549 = CARTESIAN_POINT('',(9.050431536947,0.,-17.52199028283));
#1550 = DIRECTION('',(0.,1.,0.));
#1551 = DIRECTION('',(0.,-0.,1.));
#1552 = MANIFOLD_SOLID_BREP('',#1553);
#1553 = CLOSED_SHELL('',(#1554,#1596,#1620,#1630));
#1554 = ADVANCED_FACE('',(#1555),#1591,.T.);
#1555 = FACE_BOUND('',#1556,.T.);
#1556 = EDGE_LOOP('',(#1557,#1568,#1576,#1585));
#1557 = ORIENTED_EDGE('',*,*,#1558,.F.);
#1558 = EDGE_CURVE('',#1559,#1561,#1563,.T.);
#1559 = VERTEX_POINT('',#1560);
#1560 = CARTESIAN_POINT('',(13.050431536947,2.,-16.02199028283));
#1561 = VERTEX_POINT('',#1562);
#1562 = CARTESIAN_POINT('',(13.050431536947,2.,-19.02199028283));
#1563 = CIRCLE('',#1564,1.5);
#1564 = AXIS2_PLACEMENT_3D('',#1565,#1566,#1567);
#1565 = CARTESIAN_POINT('',(13.050431536947,2.,-17.52199028283));
#1566 = DIRECTION('',(0.,1.,0.));
#1567 = DIRECTION('',(0.,-0.,1.));
#1568 = ORIENTED_EDGE('',*,*,#1569,.T.);
#1569 = EDGE_CURVE('',#1559,#1570,#1572,.T.);
#1570 = VERTEX_POINT('',#1571);
#1571 = CARTESIAN_POINT('',(13.050431536947,0.,-16.02199028283));
#1572 = LINE('',#1573,#1574);
#1573 = CARTESIAN_POINT('',(13.050431536947,2.,-16.02199028283));
#1574 = VECTOR('',#1575,1.);
#1575 = DIRECTION('',(-0.,-1.,-0.));
#1576 = ORIENTED_EDGE('',*,*,#1577,.T.);
#1577 = EDGE_CURVE('',#1570,#1578,#1580,.T.);
#1578 = VERTEX_POINT('',#1579);
#1579 = CARTESIAN_POINT('',(13.050431536947,0.,-19.02199028283));
#1580 = CIRCLE('',#1581,1.5);
#1581 = AXIS2_PLACEMENT_3D('',#1582,#1583,#1584);
#1582 = CARTESIAN_POINT('',(13.050431536947,0.,-17.52199028283));
#1583 = DIRECTION('',(0.,1.,0.));
#1584 = DIRECTION('',(0.,-0.,1.));
#1585 = ORIENTED_EDGE('',*,*,#1586,.F.);
#1586 = EDGE_CURVE('',#1561,#1578,#1587,.T.);
#1587 = LINE('',#1588,#1589);
#1588 = CARTESIAN_POINT('',(13.050431536947,2.,-19.02199028283));
#1589 = VECTOR('',#1590,1.);
#1590 = DIRECTION('',(-0.,-1.,-0.));
#1591 = CYLINDRICAL_SURFACE('',#1592,1.5);
#1592 = AXIS2_PLACEMENT_3D('',#1593,#1594,#1595);
#1593 = CARTESIAN_POINT('',(13.050431536947,2.,-17.52199028283));
#1594 = DIRECTION('',(-0.,-1.,-0.));
#1595 = DIRECTION('',(0.,0.,-1.));
#1596 = ADVANCED_FACE('',(#1597),#1615,.T.);
#1597 = FACE_BOUND('',#1598,.T.);
#1598 = EDGE_LOOP('',(#1599,#1600,#1607,#1608));
#1599 = ORIENTED_EDGE('',*,*,#1569,.F.);
#1600 = ORIENTED_EDGE('',*,*,#1601,.F.);
#1601 = EDGE_CURVE('',#1561,#1559,#1602,.T.);
#1602 = CIRCLE('',#1603,1.5);
#1603 = AXIS2_PLACEMENT_3D('',#1604,#1605,#1606);
#1604 = CARTESIAN_POINT('',(13.050431536947,2.,-17.52199028283));
#1605 = DIRECTION('',(0.,1.,0.));
#1606 = DIRECTION('',(0.,-0.,1.));
#1607 = ORIENTED_EDGE('',*,*,#1586,.T.);
#1608 = ORIENTED_EDGE('',*,*,#1609,.T.);
#1609 = EDGE_CURVE('',#1578,#1570,#1610,.T.);
#1610 = CIRCLE('',#1611,1.5);
#1611 = AXIS2_PLACEMENT_3D('',#1612,#1613,#1614);
#1612 = CARTESIAN_POINT('',(13.050431536947,0.,-17.52199028283));
#1613 = DIRECTION('',(0.,1.,0.));
#1614 = DIRECTION('',(0.,-0.,1.));
#1615 = CYLINDRICAL_SURFACE('',#1616,1.5);
#1616 = AXIS2_PLACEMENT_3D('',#1617,#1618,#1619);
#1617 = CARTESIAN_POINT('',(13.050431536947,2.,-17.52199028283));
#1618 = DIRECTION('',(-0.,-1.,-0.));
#1619 = DIRECTION('',(0.,0.,-1.));
#1620 = ADVANCED_FACE('',(#1621),#1625,.T.);
#1621 = FACE_BOUND('',#1622,.T.);
#1622 = EDGE_LOOP('',(#1623,#1624));
#1623 = ORIENTED_EDGE('',*,*,#1601,.T.);
#1624 = ORIENTED_EDGE('',*,*,#1558,.T.);
#1625 = PLANE('',#1626);
#1626 = AXIS2_PLACEMENT_3D('',#1627,#1628,#1629);
#1627 = CARTESIAN_POINT('',(13.050431536947,2.,-17.52199028283));
#1628 = DIRECTION('',(0.,1.,0.));
#1629 = DIRECTION('',(0.,-0.,1.));
#1630 = ADVANCED_FACE('',(#1631),#1635,.F.);
#1631 = FACE_BOUND('',#1632,.T.);
#1632 = EDGE_LOOP('',(#1633,#1634));
#1633 = ORIENTED_EDGE('',*,*,#1609,.F.);
#1634 = ORIENTED_EDGE('',*,*,#1577,.F.);
#1635 = PLANE('',#1636);
#1636 = AXIS2_PLACEMENT_3D('',#1637,#1638,#1639);
#1637 = CARTESIAN_POINT('',(13.050431536947,0.,-17.52199028283));
#1638 = DIRECTION('',(0.,1.,0.));
#1639 = DIRECTION('',(0.,-0.,1.));
#1640 = MANIFOLD_SOLID_BREP('',#1641);
#1641 = CLOSED_SHELL('',(#1642,#1684,#1708,#1718));
#1642 = ADVANCED_FACE('',(#1643),#1679,.T.);
#1643 = FACE_BOUND('',#1644,.T.);
#1644 = EDGE_LOOP('',(#1645,#1656,#1664,#1673));
#1645 = ORIENTED_EDGE('',*,*,#1646,.F.);
#1646 = EDGE_CURVE('',#1647,#1649,#1651,.T.);
#1647 = VERTEX_POINT('',#1648);
#1648 = CARTESIAN_POINT('',(17.050431536947,2.,-16.02199028283));
#1649 = VERTEX_POINT('',#1650);
#1650 = CARTESIAN_POINT('',(17.050431536947,2.,-19.02199028283));
#1651 = CIRCLE('',#1652,1.5);
#1652 = AXIS2_PLACEMENT_3D('',#1653,#1654,#1655);
#1653 = CARTESIAN_POINT('',(17.050431536947,2.,-17.52199028283));
#1654 = DIRECTION('',(0.,1.,0.));
#1655 = DIRECTION('',(0.,-0.,1.));
#1656 = ORIENTED_EDGE('',*,*,#1657,.T.);
#1657 = EDGE_CURVE('',#1647,#1658,#1660,.T.);
#1658 = VERTEX_POINT('',#1659);
#1659 = CARTESIAN_POINT('',(17.050431536947,0.,-16.02199028283));
#1660 = LINE('',#1661,#1662);
#1661 = CARTESIAN_POINT('',(17.050431536947,2.,-16.02199028283));
#1662 = VECTOR('',#1663,1.);
#1663 = DIRECTION('',(-0.,-1.,-0.));
#1664 = ORIENTED_EDGE('',*,*,#1665,.T.);
#1665 = EDGE_CURVE('',#1658,#1666,#1668,.T.);
#1666 = VERTEX_POINT('',#1667);
#1667 = CARTESIAN_POINT('',(17.050431536947,0.,-19.02199028283));
#1668 = CIRCLE('',#1669,1.5);
#1669 = AXIS2_PLACEMENT_3D('',#1670,#1671,#1672);
#1670 = CARTESIAN_POINT('',(17.050431536947,0.,-17.52199028283));
#1671 = DIRECTION('',(0.,1.,0.));
#1672 = DIRECTION('',(0.,-0.,1.));
#1673 = ORIENTED_EDGE('',*,*,#1674,.F.);
#1674 = EDGE_CURVE('',#1649,#1666,#1675,.T.);
#1675 = LINE('',#1676,#1677);
#1676 = CARTESIAN_POINT('',(17.050431536947,2.,-19.02199028283));
#1677 = VECTOR('',#1678,1.);
#1678 = DIRECTION('',(-0.,-1.,-0.));
#1679 = CYLINDRICAL_SURFACE('',#1680,1.5);
#1680 = AXIS2_PLACEMENT_3D('',#1681,#1682,#1683);
#1681 = CARTESIAN_POINT('',(17.050431536947,2.,-17.52199028283));
#1682 = DIRECTION('',(-0.,-1.,-0.));
#1683 = DIRECTION('',(0.,0.,-1.));
#1684 = ADVANCED_FACE('',(#1685),#1703,.T.);
#1685 = FACE_BOUND('',#1686,.T.);
#1686 = EDGE_LOOP('',(#1687,#1688,#1695,#1696));
#1687 = ORIENTED_EDGE('',*,*,#1657,.F.);
#1688 = ORIENTED_EDGE('',*,*,#1689,.F.);
#1689 = EDGE_CURVE('',#1649,#1647,#1690,.T.);
#1690 = CIRCLE('',#1691,1.5);
#1691 = AXIS2_PLACEMENT_3D('',#1692,#1693,#1694);
#1692 = CARTESIAN_POINT('',(17.050431536947,2.,-17.52199028283));
#1693 = DIRECTION('',(0.,1.,0.));
#1694 = DIRECTION('',(0.,-0.,1.));
#1695 = ORIENTED_EDGE('',*,*,#1674,.T.);
#1696 = ORIENTED_EDGE('',*,*,#1697,.T.);
#1697 = EDGE_CURVE('',#1666,#1658,#1698,.T.);
#1698 = CIRCLE('',#1699,1.5);
#1699 = AXIS2_PLACEMENT_3D('',#1700,#1701,#1702);
#1700 = CARTESIAN_POINT('',(17.050431536947,0.,-17.52199028283));
#1701 = DIRECTION('',(0.,1.,0.));
#1702 = DIRECTION('',(0.,-0.,1.));
#1703 = CYLINDRICAL_SURFACE('',#1704,1.5);
#1704 = AXIS2_PLACEMENT_3D('',#1705,#1706,#1707);
#1705 = CARTESIAN_POINT('',(17.050431536947,2.,-17.52199028283));
#1706 = DIRECTION('',(-0.,-1.,-0.));
#1707 = DIRECTION('',(0.,0.,-1.));
#1708 = ADVANCED_FACE('',(#1709),#1713,.T.);
#1709 = FACE_BOUND('',#1710,.T.);
#1710 = EDGE_LOOP('',(#1711,#1712));
#1711 = ORIENTED_EDGE('',*,*,#1689,.T.);
#1712 = ORIENTED_EDGE('',*,*,#1646,.T.);
#1713 = PLANE('',#1714);
#1714 = AXIS2_PLACEMENT_3D('',#1715,#1716,#1717);
#1715 = CARTESIAN_POINT('',(17.050431536947,2.,-17.52199028283));
#1716 = DIRECTION('',(0.,1.,0.));
#1717 = DIRECTION('',(0.,-0.,1.));
#1718 = ADVANCED_FACE('',(#1719),#1723,.F.);
#1719 = FACE_BOUND('',#1720,.T.);
#1720 = EDGE_LOOP('',(#1721,#1722));
#1721 = ORIENTED_EDGE('',*,*,#1697,.F.);
#1722 = ORIENTED_EDGE('',*,*,#1665,.F.);
#1723 = PLANE('',#1724);
#1724 = AXIS2_PLACEMENT_3D('',#1725,#1726,#1727);
#1725 = CARTESIAN_POINT('',(17.050431536947,0.,-17.52199028283));
#1726 = DIRECTION('',(0.,1.,0.));
#1727 = DIRECTION('',(0.,-0.,1.));
#1728 = MANIFOLD_SOLID_BREP('',#1729);
#1729 = CLOSED_SHELL('',(#1730,#1772,#1796,#1806));
#1730 = ADVANCED_FACE('',(#1731),#1767,.T.);
#1731 = FACE_BOUND('',#1732,.T.);
#1732 = EDGE_LOOP('',(#1733,#1744,#1752,#1761));
#1733 = ORIENTED_EDGE('',*,*,#1734,.F.);
#1734 = EDGE_CURVE('',#1735,#1737,#1739,.T.);
#1735 = VERTEX_POINT('',#1736);
#1736 = CARTESIAN_POINT('',(21.050431536947,2.,-16.02199028283));
#1737 = VERTEX_POINT('',#1738);
#1738 = CARTESIAN_POINT('',(21.050431536947,2.,-19.02199028283));
#1739 = CIRCLE('',#1740,1.5);
#1740 = AXIS2_PLACEMENT_3D('',#1741,#1742,#1743);
#1741 = CARTESIAN_POINT('',(21.050431536947,2.,-17.52199028283));
#1742 = DIRECTION('',(0.,1.,0.));
#1743 = DIRECTION('',(0.,-0.,1.));
#1744 = ORIENTED_EDGE('',*,*,#1745,.T.);
#1745 = EDGE_CURVE('',#1735,#1746,#1748,.T.);
#1746 = VERTEX_POINT('',#1747);
#1747 = CARTESIAN_POINT('',(21.050431536947,0.,-16.02199028283));
#1748 = LINE('',#1749,#1750);
#1749 = CARTESIAN_POINT('',(21.050431536947,2.,-16.02199028283));
#1750 = VECTOR('',#1751,1.);
#1751 = DIRECTION('',(-0.,-1.,-0.));
#1752 = ORIENTED_EDGE('',*,*,#1753,.T.);
#1753 = EDGE_CURVE('',#1746,#1754,#1756,.T.);
#1754 = VERTEX_POINT('',#1755);
#1755 = CARTESIAN_POINT('',(21.050431536947,0.,-19.02199028283));
#1756 = CIRCLE('',#1757,1.5);
#1757 = AXIS2_PLACEMENT_3D('',#1758,#1759,#1760);
#1758 = CARTESIAN_POINT('',(21.050431536947,0.,-17.52199028283));
#1759 = DIRECTION('',(0.,1.,0.));
#1760 = DIRECTION('',(0.,-0.,1.));
#1761 = ORIENTED_EDGE('',*,*,#1762,.F.);
#1762 = EDGE_CURVE('',#1737,#1754,#1763,.T.);
#1763 = LINE('',#1764,#1765);
#1764 = CARTESIAN_POINT('',(21.050431536947,2.,-19.02199028283));
#1765 = VECTOR('',#1766,1.);
#1766 = DIRECTION('',(-0.,-1.,-0.));
#1767 = CYLINDRICAL_SURFACE('',#1768,1.5);
#1768 = AXIS2_PLACEMENT_3D('',#1769,#1770,#1771);
#1769 = CARTESIAN_POINT('',(21.050431536947,2.,-17.52199028283));
#1770 = DIRECTION('',(-0.,-1.,-0.));
#1771 = DIRECTION('',(0.,0.,-1.));
#1772 = ADVANCED_FACE('',(#1773),#1791,.T.);
#1773 = FACE_BOUND('',#1774,.T.);
#1774 = EDGE_LOOP('',(#1775,#1776,#1783,#1784));
#1775 = ORIENTED_EDGE('',*,*,#1745,.F.);
#1776 = ORIENTED_EDGE('',*,*,#1777,.F.);
#1777 = EDGE_CURVE('',#1737,#1735,#1778,.T.);
#1778 = CIRCLE('',#1779,1.5);
#1779 = AXIS2_PLACEMENT_3D('',#1780,#1781,#1782);
#1780 = CARTESIAN_POINT('',(21.050431536947,2.,-17.52199028283));
#1781 = DIRECTION('',(0.,1.,0.));
#1782 = DIRECTION('',(0.,-0.,1.));
#1783 = ORIENTED_EDGE('',*,*,#1762,.T.);
#1784 = ORIENTED_EDGE('',*,*,#1785,.T.);
#1785 = EDGE_CURVE('',#1754,#1746,#1786,.T.);
#1786 = CIRCLE('',#1787,1.5);
#1787 = AXIS2_PLACEMENT_3D('',#1788,#1789,#1790);
#1788 = CARTESIAN_POINT('',(21.050431536947,0.,-17.52199028283));
#1789 = DIRECTION('',(0.,1.,0.));
#1790 = DIRECTION('',(0.,-0.,1.));
#1791 = CYLINDRICAL_SURFACE('',#1792,1.5);
#1792 = AXIS2_PLACEMENT_3D('',#1793,#1794,#1795);
#1793 = CARTESIAN_POINT('',(21.050431536947,2.,-17.52199028283));
#1794 = DIRECTION('',(-0.,-1.,-0.));
#1795 = DIRECTION('',(0.,0.,-1.));
#1796 = ADVANCED_FACE('',(#1797),#1801,.T.);
#1797 = FACE_BOUND('',#1798,.T.);
#1798 = EDGE_LOOP('',(#1799,#1800));
#1799 = ORIENTED_EDGE('',*,*,#1777,.T.);
#1800 = ORIENTED_EDGE('',*,*,#1734,.T.);
#1801 = PLANE('',#1802);
#1802 = AXIS2_PLACEMENT_3D('',#1803,#1804,#1805);
#1803 = CARTESIAN_POINT('',(21.050431536947,2.,-17.52199028283));
#1804 = DIRECTION('',(0.,1.,0.));
#1805 = DIRECTION('',(0.,-0.,1.));
#1806 = ADVANCED_FACE('',(#1807),#1811,.F.);
#1807 = FACE_BOUND('',#1808,.T.);
#1808 = EDGE_LOOP('',(#1809,#1810));
#1809 = ORIENTED_EDGE('',*,*,#1785,.F.);
#1810 = ORIENTED_EDGE('',*,*,#1753,.F.);
#1811 = PLANE('',#1812);
#1812 = AXIS2_PLACEMENT_3D('',#1813,#1814,#1815);
#1813 = CARTESIAN_POINT('',(21.050431536947,0.,-17.52199028283));
#1814 = DIRECTION('',(0.,1.,0.));
#1815 = DIRECTION('',(0.,-0.,1.));
#1816 = MANIFOLD_SOLID_BREP('',#1817);
#1817 = CLOSED_SHELL('',(#1818,#1860,#1884,#1894));
#1818 = ADVANCED_FACE('',(#1819),#1855,.T.);
#1819 = FACE_BOUND('',#1820,.T.);
#1820 = EDGE_LOOP('',(#1821,#1832,#1840,#1849));
#1821 = ORIENTED_EDGE('',*,*,#1822,.F.);
#1822 = EDGE_CURVE('',#1823,#1825,#1827,.T.);
#1823 = VERTEX_POINT('',#1824);
#1824 = CARTESIAN_POINT('',(25.050431536947,2.,-16.02199028283));
#1825 = VERTEX_POINT('',#1826);
#1826 = CARTESIAN_POINT('',(25.050431536947,2.,-19.02199028283));
#1827 = CIRCLE('',#1828,1.5);
#1828 = AXIS2_PLACEMENT_3D('',#1829,#1830,#1831);
#1829 = CARTESIAN_POINT('',(25.050431536947,2.,-17.52199028283));
#1830 = DIRECTION('',(0.,1.,0.));
#1831 = DIRECTION('',(0.,-0.,1.));
#1832 = ORIENTED_EDGE('',*,*,#1833,.T.);
#1833 = EDGE_CURVE('',#1823,#1834,#1836,.T.);
#1834 = VERTEX_POINT('',#1835);
#1835 = CARTESIAN_POINT('',(25.050431536947,0.,-16.02199028283));
#1836 = LINE('',#1837,#1838);
#1837 = CARTESIAN_POINT('',(25.050431536947,2.,-16.02199028283));
#1838 = VECTOR('',#1839,1.);
#1839 = DIRECTION('',(-0.,-1.,-0.));
#1840 = ORIENTED_EDGE('',*,*,#1841,.T.);
#1841 = EDGE_CURVE('',#1834,#1842,#1844,.T.);
#1842 = VERTEX_POINT('',#1843);
#1843 = CARTESIAN_POINT('',(25.050431536947,0.,-19.02199028283));
#1844 = CIRCLE('',#1845,1.5);
#1845 = AXIS2_PLACEMENT_3D('',#1846,#1847,#1848);
#1846 = CARTESIAN_POINT('',(25.050431536947,0.,-17.52199028283));
#1847 = DIRECTION('',(0.,1.,0.));
#1848 = DIRECTION('',(0.,-0.,1.));
#1849 = ORIENTED_EDGE('',*,*,#1850,.F.);
#1850 = EDGE_CURVE('',#1825,#1842,#1851,.T.);
#1851 = LINE('',#1852,#1853);
#1852 = CARTESIAN_POINT('',(25.050431536947,2.,-19.02199028283));
#1853 = VECTOR('',#1854,1.);
#1854 = DIRECTION('',(-0.,-1.,-0.));
#1855 = CYLINDRICAL_SURFACE('',#1856,1.5);
#1856 = AXIS2_PLACEMENT_3D('',#1857,#1858,#1859);
#1857 = CARTESIAN_POINT('',(25.050431536947,2.,-17.52199028283));
#1858 = DIRECTION('',(-0.,-1.,-0.));
#1859 = DIRECTION('',(0.,0.,-1.));
#1860 = ADVANCED_FACE('',(#1861),#1879,.T.);
#1861 = FACE_BOUND('',#1862,.T.);
#1862 = EDGE_LOOP('',(#1863,#1864,#1871,#1872));
#1863 = ORIENTED_EDGE('',*,*,#1833,.F.);
#1864 = ORIENTED_EDGE('',*,*,#1865,.F.);
#1865 = EDGE_CURVE('',#1825,#1823,#1866,.T.);
#1866 = CIRCLE('',#1867,1.5);
#1867 = AXIS2_PLACEMENT_3D('',#1868,#1869,#1870);
#1868 = CARTESIAN_POINT('',(25.050431536947,2.,-17.52199028283));
#1869 = DIRECTION('',(0.,1.,0.));
#1870 = DIRECTION('',(0.,-0.,1.));
#1871 = ORIENTED_EDGE('',*,*,#1850,.T.);
#1872 = ORIENTED_EDGE('',*,*,#1873,.T.);
#1873 = EDGE_CURVE('',#1842,#1834,#1874,.T.);
#1874 = CIRCLE('',#1875,1.5);
#1875 = AXIS2_PLACEMENT_3D('',#1876,#1877,#1878);
#1876 = CARTESIAN_POINT('',(25.050431536947,0.,-17.52199028283));
#1877 = DIRECTION('',(0.,1.,0.));
#1878 = DIRECTION('',(0.,-0.,1.));
#1879 = CYLINDRICAL_SURFACE('',#1880,1.5);
#1880 = AXIS2_PLACEMENT_3D('',#1881,#1882,#1883);
#1881 = CARTESIAN_POINT('',(25.050431536947,2.,-17.52199028283));
#1882 = DIRECTION('',(-0.,-1.,-0.));
#1883 = DIRECTION('',(0.,0.,-1.));
#1884 = ADVANCED_FACE('',(#1885),#1889,.T.);
#1885 = FACE_BOUND('',#1886,.T.);
#1886 = EDGE_LOOP('',(#1887,#1888));
#1887 = ORIENTED_EDGE('',*,*,#1865,.T.);
#1888 = ORIENTED_EDGE('',*,*,#1822,.T.);
#1889 = PLANE('',#1890);
#1890 = AXIS2_PLACEMENT_3D('',#1891,#1892,#1893);
#1891 = CARTESIAN_POINT('',(25.050431536947,2.,-17.52199028283));
#1892 = DIRECTION('',(0.,1.,0.));
#1893 = DIRECTION('',(0.,-0.,1.));
#1894 = ADVANCED_FACE('',(#1895),#1899,.F.);
#1895 = FACE_BOUND('',#1896,.T.);
#1896 = EDGE_LOOP('',(#1897,#1898));
#1897 = ORIENTED_EDGE('',*,*,#1873,.F.);
#1898 = ORIENTED_EDGE('',*,*,#1841,.F.);
#1899 = PLANE('',#1900);
#1900 = AXIS2_PLACEMENT_3D('',#1901,#1902,#1903);
#1901 = CARTESIAN_POINT('',(25.050431536947,0.,-17.52199028283));
#1902 = DIRECTION('',(0.,1.,0.));
#1903 = DIRECTION('',(0.,-0.,1.));
#1904 = MANIFOLD_SOLID_BREP('',#1905);
#1905 = CLOSED_SHELL('',(#1906,#1948,#1972,#1982));
#1906 = ADVANCED_FACE('',(#1907),#1943,.T.);
#1907 = FACE_BOUND('',#1908,.T.);
#1908 = EDGE_LOOP('',(#1909,#1920,#1928,#1937));
#1909 = ORIENTED_EDGE('',*,*,#1910,.F.);
#1910 = EDGE_CURVE('',#1911,#1913,#1915,.T.);
#1911 = VERTEX_POINT('',#1912);
#1912 = CARTESIAN_POINT('',(29.050431536947,2.,-16.02199028283));
#1913 = VERTEX_POINT('',#1914);
#1914 = CARTESIAN_POINT('',(29.050431536947,2.,-19.02199028283));
#1915 = CIRCLE('',#1916,1.5);
#1916 = AXIS2_PLACEMENT_3D('',#1917,#1918,#1919);
#1917 = CARTESIAN_POINT('',(29.050431536947,2.,-17.52199028283));
#1918 = DIRECTION('',(0.,1.,0.));
#1919 = DIRECTION('',(0.,-0.,1.));
#1920 = ORIENTED_EDGE('',*,*,#1921,.T.);
#1921 = EDGE_CURVE('',#1911,#1922,#1924,.T.);
#1922 = VERTEX_POINT('',#1923);
#1923 = CARTESIAN_POINT('',(29.050431536947,0.,-16.02199028283));
#1924 = LINE('',#1925,#1926);
#1925 = CARTESIAN_POINT('',(29.050431536947,2.,-16.02199028283));
#1926 = VECTOR('',#1927,1.);
#1927 = DIRECTION('',(-0.,-1.,-0.));
#1928 = ORIENTED_EDGE('',*,*,#1929,.T.);
#1929 = EDGE_CURVE('',#1922,#1930,#1932,.T.);
#1930 = VERTEX_POINT('',#1931);
#1931 = CARTESIAN_POINT('',(29.050431536947,0.,-19.02199028283));
#1932 = CIRCLE('',#1933,1.5);
#1933 = AXIS2_PLACEMENT_3D('',#1934,#1935,#1936);
#1934 = CARTESIAN_POINT('',(29.050431536947,0.,-17.52199028283));
#1935 = DIRECTION('',(0.,1.,0.));
#1936 = DIRECTION('',(0.,-0.,1.));
#1937 = ORIENTED_EDGE('',*,*,#1938,.F.);
#1938 = EDGE_CURVE('',#1913,#1930,#1939,.T.);
#1939 = LINE('',#1940,#1941);
#1940 = CARTESIAN_POINT('',(29.050431536947,2.,-19.02199028283));
#1941 = VECTOR('',#1942,1.);
#1942 = DIRECTION('',(-0.,-1.,-0.));
#1943 = CYLINDRICAL_SURFACE('',#1944,1.5);
#1944 = AXIS2_PLACEMENT_3D('',#1945,#1946,#1947);
#1945 = CARTESIAN_POINT('',(29.050431536947,2.,-17.52199028283));
#1946 = DIRECTION('',(-0.,-1.,-0.));
#1947 = DIRECTION('',(0.,0.,-1.));
#1948 = ADVANCED_FACE('',(#1949),#1967,.T.);
#1949 = FACE_BOUND('',#1950,.T.);
#1950 = EDGE_LOOP('',(#1951,#1952,#1959,#1960));
#1951 = ORIENTED_EDGE('',*,*,#1921,.F.);
#1952 = ORIENTED_EDGE('',*,*,#1953,.F.);
#1953 = EDGE_CURVE('',#1913,#1911,#1954,.T.);
#1954 = CIRCLE('',#1955,1.5);
#1955 = AXIS2_PLACEMENT_3D('',#1956,#1957,#1958);
#1956 = CARTESIAN_POINT('',(29.050431536947,2.,-17.52199028283));
#1957 = DIRECTION('',(0.,1.,0.));
#1958 = DIRECTION('',(0.,-0.,1.));
#1959 = ORIENTED_EDGE('',*,*,#1938,.T.);
#1960 = ORIENTED_EDGE('',*,*,#1961,.T.);
#1961 = EDGE_CURVE('',#1930,#1922,#1962,.T.);
#1962 = CIRCLE('',#1963,1.5);
#1963 = AXIS2_PLACEMENT_3D('',#1964,#1965,#1966);
#1964 = CARTESIAN_POINT('',(29.050431536947,0.,-17.52199028283));
#1965 = DIRECTION('',(0.,1.,0.));
#1966 = DIRECTION('',(0.,-0.,1.));
#1967 = CYLINDRICAL_SURFACE('',#1968,1.5);
#1968 = AXIS2_PLACEMENT_3D('',#1969,#1970,#1971);
#1969 = CARTESIAN_POINT('',(29.050431536947,2.,-17.52199028283));
#1970 = DIRECTION('',(-0.,-1.,-0.));
#1971 = DIRECTION('',(0.,0.,-1.));
#1972 = ADVANCED_FACE('',(#1973),#1977,.T.);
#1973 = FACE_BOUND('',#1974,.T.);
#1974 = EDGE_LOOP('',(#1975,#1976));
#1975 = ORIENTED_EDGE('',*,*,#1953,.T.);
#1976 = ORIENTED_EDGE('',*,*,#1910,.T.);
#1977 = PLANE('',#1978);
#1978 = AXIS2_PLACEMENT_3D('',#1979,#1980,#1981);
#1979 = CARTESIAN_POINT('',(29.050431536947,2.,-17.52199028283));
#1980 = DIRECTION('',(0.,1.,0.));
#1981 = DIRECTION('',(0.,-0.,1.));
#1982 = ADVANCED_FACE('',(#1983),#1987,.F.);
#1983 = FACE_BOUND('',#1984,.T.);
#1984 = EDGE_LOOP('',(#1985,#1986));
#1985 = ORIENTED_EDGE('',*,*,#1961,.F.);
#1986 = ORIENTED_EDGE('',*,*,#1929,.F.);
#1987 = PLANE('',#1988);
#1988 = AXIS2_PLACEMENT_3D('',#1989,#1990,#1991);
#1989 = CARTESIAN_POINT('',(29.050431536947,0.,-17.52199028283));
#1990 = DIRECTION('',(0.,1.,0.));
#1991 = DIRECTION('',(0.,-0.,1.));
#1992 = MANIFOLD_SOLID_BREP('',#1993);
#1993 = CLOSED_SHELL('',(#1994,#2036,#2060,#2070));
#1994 = ADVANCED_FACE('',(#1995),#2031,.T.);
#1995 = FACE_BOUND('',#1996,.T.);
#1996 = EDGE_LOOP('',(#1997,#2008,#2016,#2025));
#1997 = ORIENTED_EDGE('',*,*,#1998,.F.);
#1998 = EDGE_CURVE('',#1999,#2001,#2003,.T.);
#1999 = VERTEX_POINT('',#2000);
#2000 = CARTESIAN_POINT('',(33.050431536947,2.,-16.02199028283));
#2001 = VERTEX_POINT('',#2002);
#2002 = CARTESIAN_POINT('',(33.050431536947,2.,-19.02199028283));
#2003 = CIRCLE('',#2004,1.5);
#2004 = AXIS2_PLACEMENT_3D('',#2005,#2006,#2007);
#2005 = CARTESIAN_POINT('',(33.050431536947,2.,-17.52199028283));
#2006 = DIRECTION('',(0.,1.,0.));
#2007 = DIRECTION('',(0.,-0.,1.));
#2008 = ORIENTED_EDGE('',*,*,#2009,.T.);
#2009 = EDGE_CURVE('',#1999,#2010,#2012,.T.);
#2010 = VERTEX_POINT('',#2011);
#2011 = CARTESIAN_POINT('',(33.050431536947,0.,-16.02199028283));
#2012 = LINE('',#2013,#2014);
#2013 = CARTESIAN_POINT('',(33.050431536947,2.,-16.02199028283));
#2014 = VECTOR('',#2015,1.);
#2015 = DIRECTION('',(-0.,-1.,-0.));
#2016 = ORIENTED_EDGE('',*,*,#2017,.T.);
#2017 = EDGE_CURVE('',#2010,#2018,#2020,.T.);
#2018 = VERTEX_POINT('',#2019);
#2019 = CARTESIAN_POINT('',(33.050431536947,0.,-19.02199028283));
#2020 = CIRCLE('',#2021,1.5);
#2021 = AXIS2_PLACEMENT_3D('',#2022,#2023,#2024);
#2022 = CARTESIAN_POINT('',(33.050431536947,0.,-17.52199028283));
#2023 = DIRECTION('',(0.,1.,0.));
#2024 = DIRECTION('',(0.,-0.,1.));
#2025 = ORIENTED_EDGE('',*,*,#2026,.F.);
#2026 = EDGE_CURVE('',#2001,#2018,#2027,.T.);
#2027 = LINE('',#2028,#2029);
#2028 = CARTESIAN_POINT('',(33.050431536947,2.,-19.02199028283));
#2029 = VECTOR('',#2030,1.);
#2030 = DIRECTION('',(-0.,-1.,-0.));
#2031 = CYLINDRICAL_SURFACE('',#2032,1.5);
#2032 = AXIS2_PLACEMENT_3D('',#2033,#2034,#2035);
#2033 = CARTESIAN_POINT('',(33.050431536947,2.,-17.52199028283));
#2034 = DIRECTION('',(-0.,-1.,-0.));
#2035 = DIRECTION('',(0.,0.,-1.));
#2036 = ADVANCED_FACE('',(#2037),#2055,.T.);
#2037 = FACE_BOUND('',#2038,.T.);
#2038 = EDGE_LOOP('',(#2039,#2040,#2047,#2048));
#2039 = ORIENTED_EDGE('',*,*,#2009,.F.);
#2040 = ORIENTED_EDGE('',*,*,#2041,.F.);
#2041 = EDGE_CURVE('',#2001,#1999,#2042,.T.);
#2042 = CIRCLE('',#2043,1.5);
#2043 = AXIS2_PLACEMENT_3D('',#2044,#2045,#2046);
#2044 = CARTESIAN_POINT('',(33.050431536947,2.,-17.52199028283));
#2045 = DIRECTION('',(0.,1.,0.));
#2046 = DIRECTION('',(0.,-0.,1.));
#2047 = ORIENTED_EDGE('',*,*,#2026,.T.);
#2048 = ORIENTED_EDGE('',*,*,#2049,.T.);
#2049 = EDGE_CURVE('',#2018,#2010,#2050,.T.);
#2050 = CIRCLE('',#2051,1.5);
#2051 = AXIS2_PLACEMENT_3D('',#2052,#2053,#2054);
#2052 = CARTESIAN_POINT('',(33.050431536947,0.,-17.52199028283));
#2053 = DIRECTION('',(0.,1.,0.));
#2054 = DIRECTION('',(0.,-0.,1.));
#2055 = CYLINDRICAL_SURFACE('',#2056,1.5);
#2056 = AXIS2_PLACEMENT_3D('',#2057,#2058,#2059);
#2057 = CARTESIAN_POINT('',(33.050431536947,2.,-17.52199028283));
#2058 = DIRECTION('',(-0.,-1.,-0.));
#2059 = DIRECTION('',(0.,0.,-1.));
#2060 = ADVANCED_FACE('',(#2061),#2065,.T.);
#2061 = FACE_BOUND('',#2062,.T.);
#2062 = EDGE_LOOP('',(#2063,#2064));
#2063 = ORIENTED_EDGE('',*,*,#2041,.T.);
#2064 = ORIENTED_EDGE('',*,*,#1998,.T.);
#2065 = PLANE('',#2066);
#2066 = AXIS2_PLACEMENT_3D('',#2067,#2068,#2069);
#2067 = CARTESIAN_POINT('',(33.050431536947,2.,-17.52199028283));
#2068 = DIRECTION('',(0.,1.,0.));
#2069 = DIRECTION('',(0.,-0.,1.));
#2070 = ADVANCED_FACE('',(#2071),#2075,.F.);
#2071 = FACE_BOUND('',#2072,.T.);
#2072 = EDGE_LOOP('',(#2073,#2074));
#2073 = ORIENTED_EDGE('',*,*,#2049,.F.);
#2074 = ORIENTED_EDGE('',*,*,#2017,.F.);
#2075 = PLANE('',#2076);
#2076 = AXIS2_PLACEMENT_3D('',#2077,#2078,#2079);
#2077 = CARTESIAN_POINT('',(33.050431536947,0.,-17.52199028283));
#2078 = DIRECTION('',(0.,1.,0.));
#2079 = DIRECTION('',(0.,-0.,1.));
#2080 = MANIFOLD_SOLID_BREP('',#2081);
#2081 = CLOSED_SHELL('',(#2082,#2124,#2148,#2158));
#2082 = ADVANCED_FACE('',(#2083),#2119,.T.);
#2083 = FACE_BOUND('',#2084,.T.);
#2084 = EDGE_LOOP('',(#2085,#2096,#2104,#2113));
#2085 = ORIENTED_EDGE('',*,*,#2086,.F.);
#2086 = EDGE_CURVE('',#2087,#2089,#2091,.T.);
#2087 = VERTEX_POINT('',#2088);
#2088 = CARTESIAN_POINT('',(9.050431536947,2.,-20.02199028283));
#2089 = VERTEX_POINT('',#2090);
#2090 = CARTESIAN_POINT('',(9.050431536947,2.,-23.02199028283));
#2091 = CIRCLE('',#2092,1.5);
#2092 = AXIS2_PLACEMENT_3D('',#2093,#2094,#2095);
#2093 = CARTESIAN_POINT('',(9.050431536947,2.,-21.52199028283));
#2094 = DIRECTION('',(0.,1.,0.));
#2095 = DIRECTION('',(0.,-0.,1.));
#2096 = ORIENTED_EDGE('',*,*,#2097,.T.);
#2097 = EDGE_CURVE('',#2087,#2098,#2100,.T.);
#2098 = VERTEX_POINT('',#2099);
#2099 = CARTESIAN_POINT('',(9.050431536947,0.,-20.02199028283));
#2100 = LINE('',#2101,#2102);
#2101 = CARTESIAN_POINT('',(9.050431536947,2.,-20.02199028283));
#2102 = VECTOR('',#2103,1.);
#2103 = DIRECTION('',(-0.,-1.,-0.));
#2104 = ORIENTED_EDGE('',*,*,#2105,.T.);
#2105 = EDGE_CURVE('',#2098,#2106,#2108,.T.);
#2106 = VERTEX_POINT('',#2107);
#2107 = CARTESIAN_POINT('',(9.050431536947,0.,-23.02199028283));
#2108 = CIRCLE('',#2109,1.5);
#2109 = AXIS2_PLACEMENT_3D('',#2110,#2111,#2112);
#2110 = CARTESIAN_POINT('',(9.050431536947,0.,-21.52199028283));
#2111 = DIRECTION('',(0.,1.,0.));
#2112 = DIRECTION('',(0.,-0.,1.));
#2113 = ORIENTED_EDGE('',*,*,#2114,.F.);
#2114 = EDGE_CURVE('',#2089,#2106,#2115,.T.);
#2115 = LINE('',#2116,#2117);
#2116 = CARTESIAN_POINT('',(9.050431536947,2.,-23.02199028283));
#2117 = VECTOR('',#2118,1.);
#2118 = DIRECTION('',(-0.,-1.,-0.));
#2119 = CYLINDRICAL_SURFACE('',#2120,1.5);
#2120 = AXIS2_PLACEMENT_3D('',#2121,#2122,#2123);
#2121 = CARTESIAN_POINT('',(9.050431536947,2.,-21.52199028283));
#2122 = DIRECTION('',(-0.,-1.,-0.));
#2123 = DIRECTION('',(0.,0.,-1.));
#2124 = ADVANCED_FACE('',(#2125),#2143,.T.);
#2125 = FACE_BOUND('',#2126,.T.);
#2126 = EDGE_LOOP('',(#2127,#2128,#2135,#2136));
#2127 = ORIENTED_EDGE('',*,*,#2097,.F.);
#2128 = ORIENTED_EDGE('',*,*,#2129,.F.);
#2129 = EDGE_CURVE('',#2089,#2087,#2130,.T.);
#2130 = CIRCLE('',#2131,1.5);
#2131 = AXIS2_PLACEMENT_3D('',#2132,#2133,#2134);
#2132 = CARTESIAN_POINT('',(9.050431536947,2.,-21.52199028283));
#2133 = DIRECTION('',(0.,1.,0.));
#2134 = DIRECTION('',(0.,-0.,1.));
#2135 = ORIENTED_EDGE('',*,*,#2114,.T.);
#2136 = ORIENTED_EDGE('',*,*,#2137,.T.);
#2137 = EDGE_CURVE('',#2106,#2098,#2138,.T.);
#2138 = CIRCLE('',#2139,1.5);
#2139 = AXIS2_PLACEMENT_3D('',#2140,#2141,#2142);
#2140 = CARTESIAN_POINT('',(9.050431536947,0.,-21.52199028283));
#2141 = DIRECTION('',(0.,1.,0.));
#2142 = DIRECTION('',(0.,-0.,1.));
#2143 = CYLINDRICAL_SURFACE('',#2144,1.5);
#2144 = AXIS2_PLACEMENT_3D('',#2145,#2146,#2147);
#2145 = CARTESIAN_POINT('',(9.050431536947,2.,-21.52199028283));
#2146 = DIRECTION('',(-0.,-1.,-0.));
#2147 = DIRECTION('',(0.,0.,-1.));
#2148 = ADVANCED_FACE('',(#2149),#2153,.T.);
#2149 = FACE_BOUND('',#2150,.T.);
#2150 = EDGE_LOOP('',(#2151,#2152));
#2151 = ORIENTED_EDGE('',*,*,#2129,.T.);
#2152 = ORIENTED_EDGE('',*,*,#2086,.T.);
#2153 = PLANE('',#2154);
#2154 = AXIS2_PLACEMENT_3D('',#2155,#2156,#2157);
#2155 = CARTESIAN_POINT('',(9.050431536947,2.,-21.52199028283));
#2156 = DIRECTION('',(0.,1.,0.));
#2157 = DIRECTION('',(0.,-0.,1.));
#2158 = ADVANCED_FACE('',(#2159),#2163,.F.);
#2159 = FACE_BOUND('',#2160,.T.);
#2160 = EDGE_LOOP('',(#2161,#2162));
#2161 = ORIENTED_EDGE('',*,*,#2137,.F.);
#2162 = ORIENTED_EDGE('',*,*,#2105,.F.);
#2163 = PLANE('',#2164);
#2164 = AXIS2_PLACEMENT_3D('',#2165,#2166,#2167);
#2165 = CARTESIAN_POINT('',(9.050431536947,0.,-21.52199028283));
#2166 = DIRECTION('',(0.,1.,0.));
#2167 = DIRECTION('',(0.,-0.,1.));
#2168 = MANIFOLD_SOLID_BREP('',#2169);
#2169 = CLOSED_SHELL('',(#2170,#2212,#2236,#2246));
#2170 = ADVANCED_FACE('',(#2171),#2207,.T.);
#2171 = FACE_BOUND('',#2172,.T.);
#2172 = EDGE_LOOP('',(#2173,#2184,#2192,#2201));
#2173 = ORIENTED_EDGE('',*,*,#2174,.F.);
#2174 = EDGE_CURVE('',#2175,#2177,#2179,.T.);
#2175 = VERTEX_POINT('',#2176);
#2176 = CARTESIAN_POINT('',(13.050431536947,2.,-20.02199028283));
#2177 = VERTEX_POINT('',#2178);
#2178 = CARTESIAN_POINT('',(13.050431536947,2.,-23.02199028283));
#2179 = CIRCLE('',#2180,1.5);
#2180 = AXIS2_PLACEMENT_3D('',#2181,#2182,#2183);
#2181 = CARTESIAN_POINT('',(13.050431536947,2.,-21.52199028283));
#2182 = DIRECTION('',(0.,1.,0.));
#2183 = DIRECTION('',(0.,-0.,1.));
#2184 = ORIENTED_EDGE('',*,*,#2185,.T.);
#2185 = EDGE_CURVE('',#2175,#2186,#2188,.T.);
#2186 = VERTEX_POINT('',#2187);
#2187 = CARTESIAN_POINT('',(13.050431536947,0.,-20.02199028283));
#2188 = LINE('',#2189,#2190);
#2189 = CARTESIAN_POINT('',(13.050431536947,2.,-20.02199028283));
#2190 = VECTOR('',#2191,1.);
#2191 = DIRECTION('',(-0.,-1.,-0.));
#2192 = ORIENTED_EDGE('',*,*,#2193,.T.);
#2193 = EDGE_CURVE('',#2186,#2194,#2196,.T.);
#2194 = VERTEX_POINT('',#2195);
#2195 = CARTESIAN_POINT('',(13.050431536947,0.,-23.02199028283));
#2196 = CIRCLE('',#2197,1.5);
#2197 = AXIS2_PLACEMENT_3D('',#2198,#2199,#2200);
#2198 = CARTESIAN_POINT('',(13.050431536947,0.,-21.52199028283));
#2199 = DIRECTION('',(0.,1.,0.));
#2200 = DIRECTION('',(0.,-0.,1.));
#2201 = ORIENTED_EDGE('',*,*,#2202,.F.);
#2202 = EDGE_CURVE('',#2177,#2194,#2203,.T.);
#2203 = LINE('',#2204,#2205);
#2204 = CARTESIAN_POINT('',(13.050431536947,2.,-23.02199028283));
#2205 = VECTOR('',#2206,1.);
#2206 = DIRECTION('',(-0.,-1.,-0.));
#2207 = CYLINDRICAL_SURFACE('',#2208,1.5);
#2208 = AXIS2_PLACEMENT_3D('',#2209,#2210,#2211);
#2209 = CARTESIAN_POINT('',(13.050431536947,2.,-21.52199028283));
#2210 = DIRECTION('',(-0.,-1.,-0.));
#2211 = DIRECTION('',(0.,0.,-1.));
#2212 = ADVANCED_FACE('',(#2213),#2231,.T.);
#2213 = FACE_BOUND('',#2214,.T.);
#2214 = EDGE_LOOP('',(#2215,#2216,#2223,#2224));
#2215 = ORIENTED_EDGE('',*,*,#2185,.F.);
#2216 = ORIENTED_EDGE('',*,*,#2217,.F.);
#2217 = EDGE_CURVE('',#2177,#2175,#2218,.T.);
#2218 = CIRCLE('',#2219,1.5);
#2219 = AXIS2_PLACEMENT_3D('',#2220,#2221,#2222);
#2220 = CARTESIAN_POINT('',(13.050431536947,2.,-21.52199028283));
#2221 = DIRECTION('',(0.,1.,0.));
#2222 = DIRECTION('',(0.,-0.,1.));
#2223 = ORIENTED_EDGE('',*,*,#2202,.T.);
#2224 = ORIENTED_EDGE('',*,*,#2225,.T.);
#2225 = EDGE_CURVE('',#2194,#2186,#2226,.T.);
#2226 = CIRCLE('',#2227,1.5);
#2227 = AXIS2_PLACEMENT_3D('',#2228,#2229,#2230);
#2228 = CARTESIAN_POINT('',(13.050431536947,0.,-21.52199028283));
#2229 = DIRECTION('',(0.,1.,0.));
#2230 = DIRECTION('',(0.,-0.,1.));
#2231 = CYLINDRICAL_SURFACE('',#2232,1.5);
#2232 = AXIS2_PLACEMENT_3D('',#2233,#2234,#2235);
#2233 = CARTESIAN_POINT('',(13.050431536947,2.,-21.52199028283));
#2234 = DIRECTION('',(-0.,-1.,-0.));
#2235 = DIRECTION('',(0.,0.,-1.));
#2236 = ADVANCED_FACE('',(#2237),#2241,.T.);
#2237 = FACE_BOUND('',#2238,.T.);
#2238 = EDGE_LOOP('',(#2239,#2240));
#2239 = ORIENTED_EDGE('',*,*,#2217,.T.);
#2240 = ORIENTED_EDGE('',*,*,#2174,.T.);
#2241 = PLANE('',#2242);
#2242 = AXIS2_PLACEMENT_3D('',#2243,#2244,#2245);
#2243 = CARTESIAN_POINT('',(13.050431536947,2.,-21.52199028283));
#2244 = DIRECTION('',(0.,1.,0.));
#2245 = DIRECTION('',(0.,-0.,1.));
#2246 = ADVANCED_FACE('',(#2247),#2251,.F.);
#2247 = FACE_BOUND('',#2248,.T.);
#2248 = EDGE_LOOP('',(#2249,#2250));
#2249 = ORIENTED_EDGE('',*,*,#2225,.F.);
#2250 = ORIENTED_EDGE('',*,*,#2193,.F.);
#2251 = PLANE('',#2252);
#2252 = AXIS2_PLACEMENT_3D('',#2253,#2254,#2255);
#2253 = CARTESIAN_POINT('',(13.050431536947,0.,-21.52199028283));
#2254 = DIRECTION('',(0.,1.,0.));
#2255 = DIRECTION('',(0.,-0.,1.));
#2256 = MANIFOLD_SOLID_BREP('',#2257);
#2257 = CLOSED_SHELL('',(#2258,#2300,#2324,#2334));
#2258 = ADVANCED_FACE('',(#2259),#2295,.T.);
#2259 = FACE_BOUND('',#2260,.T.);
#2260 = EDGE_LOOP('',(#2261,#2272,#2280,#2289));
#2261 = ORIENTED_EDGE('',*,*,#2262,.F.);
#2262 = EDGE_CURVE('',#2263,#2265,#2267,.T.);
#2263 = VERTEX_POINT('',#2264);
#2264 = CARTESIAN_POINT('',(17.050431536947,2.,-20.02199028283));
#2265 = VERTEX_POINT('',#2266);
#2266 = CARTESIAN_POINT('',(17.050431536947,2.,-23.02199028283));
#2267 = CIRCLE('',#2268,1.5);
#2268 = AXIS2_PLACEMENT_3D('',#2269,#2270,#2271);
#2269 = CARTESIAN_POINT('',(17.050431536947,2.,-21.52199028283));
#2270 = DIRECTION('',(0.,1.,0.));
#2271 = DIRECTION('',(0.,-0.,1.));
#2272 = ORIENTED_EDGE('',*,*,#2273,.T.);
#2273 = EDGE_CURVE('',#2263,#2274,#2276,.T.);
#2274 = VERTEX_POINT('',#2275);
#2275 = CARTESIAN_POINT('',(17.050431536947,0.,-20.02199028283));
#2276 = LINE('',#2277,#2278);
#2277 = CARTESIAN_POINT('',(17.050431536947,2.,-20.02199028283));
#2278 = VECTOR('',#2279,1.);
#2279 = DIRECTION('',(-0.,-1.,-0.));
#2280 = ORIENTED_EDGE('',*,*,#2281,.T.);
#2281 = EDGE_CURVE('',#2274,#2282,#2284,.T.);
#2282 = VERTEX_POINT('',#2283);
#2283 = CARTESIAN_POINT('',(17.050431536947,0.,-23.02199028283));
#2284 = CIRCLE('',#2285,1.5);
#2285 = AXIS2_PLACEMENT_3D('',#2286,#2287,#2288);
#2286 = CARTESIAN_POINT('',(17.050431536947,0.,-21.52199028283));
#2287 = DIRECTION('',(0.,1.,0.));
#2288 = DIRECTION('',(0.,-0.,1.));
#2289 = ORIENTED_EDGE('',*,*,#2290,.F.);
#2290 = EDGE_CURVE('',#2265,#2282,#2291,.T.);
#2291 = LINE('',#2292,#2293);
#2292 = CARTESIAN_POINT('',(17.050431536947,2.,-23.02199028283));
#2293 = VECTOR('',#2294,1.);
#2294 = DIRECTION('',(-0.,-1.,-0.));
#2295 = CYLINDRICAL_SURFACE('',#2296,1.5);
#2296 = AXIS2_PLACEMENT_3D('',#2297,#2298,#2299);
#2297 = CARTESIAN_POINT('',(17.050431536947,2.,-21.52199028283));
#2298 = DIRECTION('',(-0.,-1.,-0.));
#2299 = DIRECTION('',(0.,0.,-1.));
#2300 = ADVANCED_FACE('',(#2301),#2319,.T.);
#2301 = FACE_BOUND('',#2302,.T.);
#2302 = EDGE_LOOP('',(#2303,#2304,#2311,#2312));
#2303 = ORIENTED_EDGE('',*,*,#2273,.F.);
#2304 = ORIENTED_EDGE('',*,*,#2305,.F.);
#2305 = EDGE_CURVE('',#2265,#2263,#2306,.T.);
#2306 = CIRCLE('',#2307,1.5);
#2307 = AXIS2_PLACEMENT_3D('',#2308,#2309,#2310);
#2308 = CARTESIAN_POINT('',(17.050431536947,2.,-21.52199028283));
#2309 = DIRECTION('',(0.,1.,0.));
#2310 = DIRECTION('',(0.,-0.,1.));
#2311 = ORIENTED_EDGE('',*,*,#2290,.T.);
#2312 = ORIENTED_EDGE('',*,*,#2313,.T.);
#2313 = EDGE_CURVE('',#2282,#2274,#2314,.T.);
#2314 = CIRCLE('',#2315,1.5);
#2315 = AXIS2_PLACEMENT_3D('',#2316,#2317,#2318);
#2316 = CARTESIAN_POINT('',(17.050431536947,0.,-21.52199028283));
#2317 = DIRECTION('',(0.,1.,0.));
#2318 = DIRECTION('',(0.,-0.,1.));
#2319 = CYLINDRICAL_SURFACE('',#2320,1.5);
#2320 = AXIS2_PLACEMENT_3D('',#2321,#2322,#2323);
#2321 = CARTESIAN_POINT('',(17.050431536947,2.,-21.52199028283));
#2322 = DIRECTION('',(-0.,-1.,-0.));
#2323 = DIRECTION('',(0.,0.,-1.));
#2324 = ADVANCED_FACE('',(#2325),#2329,.T.);
#2325 = FACE_BOUND('',#2326,.T.);
#2326 = EDGE_LOOP('',(#2327,#2328));
#2327 = ORIENTED_EDGE('',*,*,#2305,.T.);
#2328 = ORIENTED_EDGE('',*,*,#2262,.T.);
#2329 = PLANE('',#2330);
#2330 = AXIS2_PLACEMENT_3D('',#2331,#2332,#2333);
#2331 = CARTESIAN_POINT('',(17.050431536947,2.,-21.52199028283));
#2332 = DIRECTION('',(0.,1.,0.));
#2333 = DIRECTION('',(0.,-0.,1.));
#2334 = ADVANCED_FACE('',(#2335),#2339,.F.);
#2335 = FACE_BOUND('',#2336,.T.);
#2336 = EDGE_LOOP('',(#2337,#2338));
#2337 = ORIENTED_EDGE('',*,*,#2313,.F.);
#2338 = ORIENTED_EDGE('',*,*,#2281,.F.);
#2339 = PLANE('',#2340);
#2340 = AXIS2_PLACEMENT_3D('',#2341,#2342,#2343);
#2341 = CARTESIAN_POINT('',(17.050431536947,0.,-21.52199028283));
#2342 = DIRECTION('',(0.,1.,0.));
#2343 = DIRECTION('',(0.,-0.,1.));
#2344 = MANIFOLD_SOLID_BREP('',#2345);
#2345 = CLOSED_SHELL('',(#2346,#2388,#2412,#2422));
#2346 = ADVANCED_FACE('',(#2347),#2383,.T.);
#2347 = FACE_BOUND('',#2348,.T.);
#2348 = EDGE_LOOP('',(#2349,#2360,#2368,#2377));
#2349 = ORIENTED_EDGE('',*,*,#2350,.F.);
#2350 = EDGE_CURVE('',#2351,#2353,#2355,.T.);
#2351 = VERTEX_POINT('',#2352);
#2352 = CARTESIAN_POINT('',(21.050431536947,2.,-20.02199028283));
#2353 = VERTEX_POINT('',#2354);
#2354 = CARTESIAN_POINT('',(21.050431536947,2.,-23.02199028283));
#2355 = CIRCLE('',#2356,1.5);
#2356 = AXIS2_PLACEMENT_3D('',#2357,#2358,#2359);
#2357 = CARTESIAN_POINT('',(21.050431536947,2.,-21.52199028283));
#2358 = DIRECTION('',(0.,1.,0.));
#2359 = DIRECTION('',(0.,-0.,1.));
#2360 = ORIENTED_EDGE('',*,*,#2361,.T.);
#2361 = EDGE_CURVE('',#2351,#2362,#2364,.T.);
#2362 = VERTEX_POINT('',#2363);
#2363 = CARTESIAN_POINT('',(21.050431536947,0.,-20.02199028283));
#2364 = LINE('',#2365,#2366);
#2365 = CARTESIAN_POINT('',(21.050431536947,2.,-20.02199028283));
#2366 = VECTOR('',#2367,1.);
#2367 = DIRECTION('',(-0.,-1.,-0.));
#2368 = ORIENTED_EDGE('',*,*,#2369,.T.);
#2369 = EDGE_CURVE('',#2362,#2370,#2372,.T.);
#2370 = VERTEX_POINT('',#2371);
#2371 = CARTESIAN_POINT('',(21.050431536947,0.,-23.02199028283));
#2372 = CIRCLE('',#2373,1.5);
#2373 = AXIS2_PLACEMENT_3D('',#2374,#2375,#2376);
#2374 = CARTESIAN_POINT('',(21.050431536947,0.,-21.52199028283));
#2375 = DIRECTION('',(0.,1.,0.));
#2376 = DIRECTION('',(0.,-0.,1.));
#2377 = ORIENTED_EDGE('',*,*,#2378,.F.);
#2378 = EDGE_CURVE('',#2353,#2370,#2379,.T.);
#2379 = LINE('',#2380,#2381);
#2380 = CARTESIAN_POINT('',(21.050431536947,2.,-23.02199028283));
#2381 = VECTOR('',#2382,1.);
#2382 = DIRECTION('',(-0.,-1.,-0.));
#2383 = CYLINDRICAL_SURFACE('',#2384,1.5);
#2384 = AXIS2_PLACEMENT_3D('',#2385,#2386,#2387);
#2385 = CARTESIAN_POINT('',(21.050431536947,2.,-21.52199028283));
#2386 = DIRECTION('',(-0.,-1.,-0.));
#2387 = DIRECTION('',(0.,0.,-1.));
#2388 = ADVANCED_FACE('',(#2389),#2407,.T.);
#2389 = FACE_BOUND('',#2390,.T.);
#2390 = EDGE_LOOP('',(#2391,#2392,#2399,#2400));
#2391 = ORIENTED_EDGE('',*,*,#2361,.F.);
#2392 = ORIENTED_EDGE('',*,*,#2393,.F.);
#2393 = EDGE_CURVE('',#2353,#2351,#2394,.T.);
#2394 = CIRCLE('',#2395,1.5);
#2395 = AXIS2_PLACEMENT_3D('',#2396,#2397,#2398);
#2396 = CARTESIAN_POINT('',(21.050431536947,2.,-21.52199028283));
#2397 = DIRECTION('',(0.,1.,0.));
#2398 = DIRECTION('',(0.,-0.,1.));
#2399 = ORIENTED_EDGE('',*,*,#2378,.T.);
#2400 = ORIENTED_EDGE('',*,*,#2401,.T.);
#2401 = EDGE_CURVE('',#2370,#2362,#2402,.T.);
#2402 = CIRCLE('',#2403,1.5);
#2403 = AXIS2_PLACEMENT_3D('',#2404,#2405,#2406);
#2404 = CARTESIAN_POINT('',(21.050431536947,0.,-21.52199028283));
#2405 = DIRECTION('',(0.,1.,0.));
#2406 = DIRECTION('',(0.,-0.,1.));
#2407 = CYLINDRICAL_SURFACE('',#2408,1.5);
#2408 = AXIS2_PLACEMENT_3D('',#2409,#2410,#2411);
#2409 = CARTESIAN_POINT('',(21.050431536947,2.,-21.52199028283));
#2410 = DIRECTION('',(-0.,-1.,-0.));
#2411 = DIRECTION('',(0.,0.,-1.));
#2412 = ADVANCED_FACE('',(#2413),#2417,.T.);
#2413 = FACE_BOUND('',#2414,.T.);
#2414 = EDGE_LOOP('',(#2415,#2416));
#2415 = ORIENTED_EDGE('',*,*,#2393,.T.);
#2416 = ORIENTED_EDGE('',*,*,#2350,.T.);
#2417 = PLANE('',#2418);
#2418 = AXIS2_PLACEMENT_3D('',#2419,#2420,#2421);
#2419 = CARTESIAN_POINT('',(21.050431536947,2.,-21.52199028283));
#2420 = DIRECTION('',(0.,1.,0.));
#2421 = DIRECTION('',(0.,-0.,1.));
#2422 = ADVANCED_FACE('',(#2423),#2427,.F.);
#2423 = FACE_BOUND('',#2424,.T.);
#2424 = EDGE_LOOP('',(#2425,#2426));
#2425 = ORIENTED_EDGE('',*,*,#2401,.F.);
#2426 = ORIENTED_EDGE('',*,*,#2369,.F.);
#2427 = PLANE('',#2428);
#2428 = AXIS2_PLACEMENT_3D('',#2429,#2430,#2431);
#2429 = CARTESIAN_POINT('',(21.050431536947,0.,-21.52199028283));
#2430 = DIRECTION('',(0.,1.,0.));
#2431 = DIRECTION('',(0.,-0.,1.));
#2432 = MANIFOLD_SOLID_BREP('',#2433);
#2433 = CLOSED_SHELL('',(#2434,#2476,#2500,#2510));
#2434 = ADVANCED_FACE('',(#2435),#2471,.T.);
#2435 = FACE_BOUND('',#2436,.T.);
#2436 = EDGE_LOOP('',(#2437,#2448,#2456,#2465));
#2437 = ORIENTED_EDGE('',*,*,#2438,.F.);
#2438 = EDGE_CURVE('',#2439,#2441,#2443,.T.);
#2439 = VERTEX_POINT('',#2440);
#2440 = CARTESIAN_POINT('',(25.050431536947,2.,-20.02199028283));
#2441 = VERTEX_POINT('',#2442);
#2442 = CARTESIAN_POINT('',(25.050431536947,2.,-23.02199028283));
#2443 = CIRCLE('',#2444,1.5);
#2444 = AXIS2_PLACEMENT_3D('',#2445,#2446,#2447);
#2445 = CARTESIAN_POINT('',(25.050431536947,2.,-21.52199028283));
#2446 = DIRECTION('',(0.,1.,0.));
#2447 = DIRECTION('',(0.,-0.,1.));
#2448 = ORIENTED_EDGE('',*,*,#2449,.T.);
#2449 = EDGE_CURVE('',#2439,#2450,#2452,.T.);
#2450 = VERTEX_POINT('',#2451);
#2451 = CARTESIAN_POINT('',(25.050431536947,0.,-20.02199028283));
#2452 = LINE('',#2453,#2454);
#2453 = CARTESIAN_POINT('',(25.050431536947,2.,-20.02199028283));
#2454 = VECTOR('',#2455,1.);
#2455 = DIRECTION('',(-0.,-1.,-0.));
#2456 = ORIENTED_EDGE('',*,*,#2457,.T.);
#2457 = EDGE_CURVE('',#2450,#2458,#2460,.T.);
#2458 = VERTEX_POINT('',#2459);
#2459 = CARTESIAN_POINT('',(25.050431536947,0.,-23.02199028283));
#2460 = CIRCLE('',#2461,1.5);
#2461 = AXIS2_PLACEMENT_3D('',#2462,#2463,#2464);
#2462 = CARTESIAN_POINT('',(25.050431536947,0.,-21.52199028283));
#2463 = DIRECTION('',(0.,1.,0.));
#2464 = DIRECTION('',(0.,-0.,1.));
#2465 = ORIENTED_EDGE('',*,*,#2466,.F.);
#2466 = EDGE_CURVE('',#2441,#2458,#2467,.T.);
#2467 = LINE('',#2468,#2469);
#2468 = CARTESIAN_POINT('',(25.050431536947,2.,-23.02199028283));
#2469 = VECTOR('',#2470,1.);
#2470 = DIRECTION('',(-0.,-1.,-0.));
#2471 = CYLINDRICAL_SURFACE('',#2472,1.5);
#2472 = AXIS2_PLACEMENT_3D('',#2473,#2474,#2475);
#2473 = CARTESIAN_POINT('',(25.050431536947,2.,-21.52199028283));
#2474 = DIRECTION('',(-0.,-1.,-0.));
#2475 = DIRECTION('',(0.,0.,-1.));
#2476 = ADVANCED_FACE('',(#2477),#2495,.T.);
#2477 = FACE_BOUND('',#2478,.T.);
#2478 = EDGE_LOOP('',(#2479,#2480,#2487,#2488));
#2479 = ORIENTED_EDGE('',*,*,#2449,.F.);
#2480 = ORIENTED_EDGE('',*,*,#2481,.F.);
#2481 = EDGE_CURVE('',#2441,#2439,#2482,.T.);
#2482 = CIRCLE('',#2483,1.5);
#2483 = AXIS2_PLACEMENT_3D('',#2484,#2485,#2486);
#2484 = CARTESIAN_POINT('',(25.050431536947,2.,-21.52199028283));
#2485 = DIRECTION('',(0.,1.,0.));
#2486 = DIRECTION('',(0.,-0.,1.));
#2487 = ORIENTED_EDGE('',*,*,#2466,.T.);
#2488 = ORIENTED_EDGE('',*,*,#2489,.T.);
#2489 = EDGE_CURVE('',#2458,#2450,#2490,.T.);
#2490 = CIRCLE('',#2491,1.5);
#2491 = AXIS2_PLACEMENT_3D('',#2492,#2493,#2494);
#2492 = CARTESIAN_POINT('',(25.050431536947,0.,-21.52199028283));
#2493 = DIRECTION('',(0.,1.,0.));
#2494 = DIRECTION('',(0.,-0.,1.));
#2495 = CYLINDRICAL_SURFACE('',#2496,1.5);
#2496 = AXIS2_PLACEMENT_3D('',#2497,#2498,#2499);
#2497 = CARTESIAN_POINT('',(25.050431536947,2.,-21.52199028283));
#2498 = DIRECTION('',(-0.,-1.,-0.));
#2499 = DIRECTION('',(0.,0.,-1.));
#2500 = ADVANCED_FACE('',(#2501),#2505,.T.);
#2501 = FACE_BOUND('',#2502,.T.);
#2502 = EDGE_LOOP('',(#2503,#2504));
#2503 = ORIENTED_EDGE('',*,*,#2481,.T.);
#2504 = ORIENTED_EDGE('',*,*,#2438,.T.);
#2505 = PLANE('',#2506);
#2506 = AXIS2_PLACEMENT_3D('',#2507,#2508,#2509);
#2507 = CARTESIAN_POINT('',(25.050431536947,2.,-21.52199028283));
#2508 = DIRECTION('',(0.,1.,0.));
#2509 = DIRECTION('',(0.,-0.,1.));
#2510 = ADVANCED_FACE('',(#2511),#2515,.F.);
#2511 = FACE_BOUND('',#2512,.T.);
#2512 = EDGE_LOOP('',(#2513,#2514));
#2513 = ORIENTED_EDGE('',*,*,#2489,.F.);
#2514 = ORIENTED_EDGE('',*,*,#2457,.F.);
#2515 = PLANE('',#2516);
#2516 = AXIS2_PLACEMENT_3D('',#2517,#2518,#2519);
#2517 = CARTESIAN_POINT('',(25.050431536947,0.,-21.52199028283));
#2518 = DIRECTION('',(0.,1.,0.));
#2519 = DIRECTION('',(0.,-0.,1.));
#2520 = MANIFOLD_SOLID_BREP('',#2521);
#2521 = CLOSED_SHELL('',(#2522,#2564,#2588,#2598));
#2522 = ADVANCED_FACE('',(#2523),#2559,.T.);
#2523 = FACE_BOUND('',#2524,.T.);
#2524 = EDGE_LOOP('',(#2525,#2536,#2544,#2553));
#2525 = ORIENTED_EDGE('',*,*,#2526,.F.);
#2526 = EDGE_CURVE('',#2527,#2529,#2531,.T.);
#2527 = VERTEX_POINT('',#2528);
#2528 = CARTESIAN_POINT('',(29.050431536947,2.,-20.02199028283));
#2529 = VERTEX_POINT('',#2530);
#2530 = CARTESIAN_POINT('',(29.050431536947,2.,-23.02199028283));
#2531 = CIRCLE('',#2532,1.5);
#2532 = AXIS2_PLACEMENT_3D('',#2533,#2534,#2535);
#2533 = CARTESIAN_POINT('',(29.050431536947,2.,-21.52199028283));
#2534 = DIRECTION('',(0.,1.,0.));
#2535 = DIRECTION('',(0.,-0.,1.));
#2536 = ORIENTED_EDGE('',*,*,#2537,.T.);
#2537 = EDGE_CURVE('',#2527,#2538,#2540,.T.);
#2538 = VERTEX_POINT('',#2539);
#2539 = CARTESIAN_POINT('',(29.050431536947,0.,-20.02199028283));
#2540 = LINE('',#2541,#2542);
#2541 = CARTESIAN_POINT('',(29.050431536947,2.,-20.02199028283));
#2542 = VECTOR('',#2543,1.);
#2543 = DIRECTION('',(-0.,-1.,-0.));
#2544 = ORIENTED_EDGE('',*,*,#2545,.T.);
#2545 = EDGE_CURVE('',#2538,#2546,#2548,.T.);
#2546 = VERTEX_POINT('',#2547);
#2547 = CARTESIAN_POINT('',(29.050431536947,0.,-23.02199028283));
#2548 = CIRCLE('',#2549,1.5);
#2549 = AXIS2_PLACEMENT_3D('',#2550,#2551,#2552);
#2550 = CARTESIAN_POINT('',(29.050431536947,0.,-21.52199028283));
#2551 = DIRECTION('',(0.,1.,0.));
#2552 = DIRECTION('',(0.,-0.,1.));
#2553 = ORIENTED_EDGE('',*,*,#2554,.F.);
#2554 = EDGE_CURVE('',#2529,#2546,#2555,.T.);
#2555 = LINE('',#2556,#2557);
#2556 = CARTESIAN_POINT('',(29.050431536947,2.,-23.02199028283));
#2557 = VECTOR('',#2558,1.);
#2558 = DIRECTION('',(-0.,-1.,-0.));
#2559 = CYLINDRICAL_SURFACE('',#2560,1.5);
#2560 = AXIS2_PLACEMENT_3D('',#2561,#2562,#2563);
#2561 = CARTESIAN_POINT('',(29.050431536947,2.,-21.52199028283));
#2562 = DIRECTION('',(-0.,-1.,-0.));
#2563 = DIRECTION('',(0.,0.,-1.));
#2564 = ADVANCED_FACE('',(#2565),#2583,.T.);
#2565 = FACE_BOUND('',#2566,.T.);
#2566 = EDGE_LOOP('',(#2567,#2568,#2575,#2576));
#2567 = ORIENTED_EDGE('',*,*,#2537,.F.);
#2568 = ORIENTED_EDGE('',*,*,#2569,.F.);
#2569 = EDGE_CURVE('',#2529,#2527,#2570,.T.);
#2570 = CIRCLE('',#2571,1.5);
#2571 = AXIS2_PLACEMENT_3D('',#2572,#2573,#2574);
#2572 = CARTESIAN_POINT('',(29.050431536947,2.,-21.52199028283));
#2573 = DIRECTION('',(0.,1.,0.));
#2574 = DIRECTION('',(0.,-0.,1.));
#2575 = ORIENTED_EDGE('',*,*,#2554,.T.);
#2576 = ORIENTED_EDGE('',*,*,#2577,.T.);
#2577 = EDGE_CURVE('',#2546,#2538,#2578,.T.);
#2578 = CIRCLE('',#2579,1.5);
#2579 = AXIS2_PLACEMENT_3D('',#2580,#2581,#2582);
#2580 = CARTESIAN_POINT('',(29.050431536947,0.,-21.52199028283));
#2581 = DIRECTION('',(0.,1.,0.));
#2582 = DIRECTION('',(0.,-0.,1.));
#2583 = CYLINDRICAL_SURFACE('',#2584,1.5);
#2584 = AXIS2_PLACEMENT_3D('',#2585,#2586,#2587);
#2585 = CARTESIAN_POINT('',(29.050431536947,2.,-21.52199028283));
#2586 = DIRECTION('',(-0.,-1.,-0.));
#2587 = DIRECTION('',(0.,0.,-1.));
#2588 = ADVANCED_FACE('',(#2589),#2593,.T.);
#2589 = FACE_BOUND('',#2590,.T.);
#2590 = EDGE_LOOP('',(#2591,#2592));
#2591 = ORIENTED_EDGE('',*,*,#2569,.T.);
#2592 = ORIENTED_EDGE('',*,*,#2526,.T.);
#2593 = PLANE('',#2594);
#2594 = AXIS2_PLACEMENT_3D('',#2595,#2596,#2597);
#2595 = CARTESIAN_POINT('',(29.050431536947,2.,-21.52199028283));
#2596 = DIRECTION('',(0.,1.,0.));
#2597 = DIRECTION('',(0.,-0.,1.));
#2598 = ADVANCED_FACE('',(#2599),#2603,.F.);
#2599 = FACE_BOUND('',#2600,.T.);
#2600 = EDGE_LOOP('',(#2601,#2602));
#2601 = ORIENTED_EDGE('',*,*,#2577,.F.);
#2602 = ORIENTED_EDGE('',*,*,#2545,.F.);
#2603 = PLANE('',#2604);
#2604 = AXIS2_PLACEMENT_3D('',#2605,#2606,#2607);
#2605 = CARTESIAN_POINT('',(29.050431536947,0.,-21.52199028283));
#2606 = DIRECTION('',(0.,1.,0.));
#2607 = DIRECTION('',(0.,-0.,1.));
#2608 = MANIFOLD_SOLID_BREP('',#2609);
#2609 = CLOSED_SHELL('',(#2610,#2652,#2676,#2686));
#2610 = ADVANCED_FACE('',(#2611),#2647,.T.);
#2611 = FACE_BOUND('',#2612,.T.);
#2612 = EDGE_LOOP('',(#2613,#2624,#2632,#2641));
#2613 = ORIENTED_EDGE('',*,*,#2614,.F.);
#2614 = EDGE_CURVE('',#2615,#2617,#2619,.T.);
#2615 = VERTEX_POINT('',#2616);
#2616 = CARTESIAN_POINT('',(33.050431536947,2.,-20.02199028283));
#2617 = VERTEX_POINT('',#2618);
#2618 = CARTESIAN_POINT('',(33.050431536947,2.,-23.02199028283));
#2619 = CIRCLE('',#2620,1.5);
#2620 = AXIS2_PLACEMENT_3D('',#2621,#2622,#2623);
#2621 = CARTESIAN_POINT('',(33.050431536947,2.,-21.52199028283));
#2622 = DIRECTION('',(0.,1.,0.));
#2623 = DIRECTION('',(0.,-0.,1.));
#2624 = ORIENTED_EDGE('',*,*,#2625,.T.);
#2625 = EDGE_CURVE('',#2615,#2626,#2628,.T.);
#2626 = VERTEX_POINT('',#2627);
#2627 = CARTESIAN_POINT('',(33.050431536947,0.,-20.02199028283));
#2628 = LINE('',#2629,#2630);
#2629 = CARTESIAN_POINT('',(33.050431536947,2.,-20.02199028283));
#2630 = VECTOR('',#2631,1.);
#2631 = DIRECTION('',(-0.,-1.,-0.));
#2632 = ORIENTED_EDGE('',*,*,#2633,.T.);
#2633 = EDGE_CURVE('',#2626,#2634,#2636,.T.);
#2634 = VERTEX_POINT('',#2635);
#2635 = CARTESIAN_POINT('',(33.050431536947,0.,-23.02199028283));
#2636 = CIRCLE('',#2637,1.5);
#2637 = AXIS2_PLACEMENT_3D('',#2638,#2639,#2640);
#2638 = CARTESIAN_POINT('',(33.050431536947,0.,-21.52199028283));
#2639 = DIRECTION('',(0.,1.,0.));
#2640 = DIRECTION('',(0.,-0.,1.));
#2641 = ORIENTED_EDGE('',*,*,#2642,.F.);
#2642 = EDGE_CURVE('',#2617,#2634,#2643,.T.);
#2643 = LINE('',#2644,#2645);
#2644 = CARTESIAN_POINT('',(33.050431536947,2.,-23.02199028283));
#2645 = VECTOR('',#2646,1.);
#2646 = DIRECTION('',(-0.,-1.,-0.));
#2647 = CYLINDRICAL_SURFACE('',#2648,1.5);
#2648 = AXIS2_PLACEMENT_3D('',#2649,#2650,#2651);
#2649 = CARTESIAN_POINT('',(33.050431536947,2.,-21.52199028283));
#2650 = DIRECTION('',(-0.,-1.,-0.));
#2651 = DIRECTION('',(0.,0.,-1.));
#2652 = ADVANCED_FACE('',(#2653),#2671,.T.);
#2653 = FACE_BOUND('',#2654,.T.);
#2654 = EDGE_LOOP('',(#2655,#2656,#2663,#2664));
#2655 = ORIENTED_EDGE('',*,*,#2625,.F.);
#2656 = ORIENTED_EDGE('',*,*,#2657,.F.);
#2657 = EDGE_CURVE('',#2617,#2615,#2658,.T.);
#2658 = CIRCLE('',#2659,1.5);
#2659 = AXIS2_PLACEMENT_3D('',#2660,#2661,#2662);
#2660 = CARTESIAN_POINT('',(33.050431536947,2.,-21.52199028283));
#2661 = DIRECTION('',(0.,1.,0.));
#2662 = DIRECTION('',(0.,-0.,1.));
#2663 = ORIENTED_EDGE('',*,*,#2642,.T.);
#2664 = ORIENTED_EDGE('',*,*,#2665,.T.);
#2665 = EDGE_CURVE('',#2634,#2626,#2666,.T.);
#2666 = CIRCLE('',#2667,1.5);
#2667 = AXIS2_PLACEMENT_3D('',#2668,#2669,#2670);
#2668 = CARTESIAN_POINT('',(33.050431536947,0.,-21.52199028283));
#2669 = DIRECTION('',(0.,1.,0.));
#2670 = DIRECTION('',(0.,-0.,1.));
#2671 = CYLINDRICAL_SURFACE('',#2672,1.5);
#2672 = AXIS2_PLACEMENT_3D('',#2673,#2674,#2675);
#2673 = CARTESIAN_POINT('',(33.050431536947,2.,-21.52199028283));
#2674 = DIRECTION('',(-0.,-1.,-0.));
#2675 = DIRECTION('',(0.,0.,-1.));
#2676 = ADVANCED_FACE('',(#2677),#2681,.T.);
#2677 = FACE_BOUND('',#2678,.T.);
#2678 = EDGE_LOOP('',(#2679,#2680));
#2679 = ORIENTED_EDGE('',*,*,#2657,.T.);
#2680 = ORIENTED_EDGE('',*,*,#2614,.T.);
#2681 = PLANE('',#2682);
#2682 = AXIS2_PLACEMENT_3D('',#2683,#2684,#2685);
#2683 = CARTESIAN_POINT('',(33.050431536947,2.,-21.52199028283));
#2684 = DIRECTION('',(0.,1.,0.));
#2685 = DIRECTION('',(0.,-0.,1.));
#2686 = ADVANCED_FACE('',(#2687),#2691,.F.);
#2687 = FACE_BOUND('',#2688,.T.);
#2688 = EDGE_LOOP('',(#2689,#2690));
#2689 = ORIENTED_EDGE('',*,*,#2665,.F.);
#2690 = ORIENTED_EDGE('',*,*,#2633,.F.);
#2691 = PLANE('',#2692);
#2692 = AXIS2_PLACEMENT_3D('',#2693,#2694,#2695);
#2693 = CARTESIAN_POINT('',(33.050431536947,0.,-21.52199028283));
#2694 = DIRECTION('',(0.,1.,0.));
#2695 = DIRECTION('',(0.,-0.,1.));
#2696 = MANIFOLD_SOLID_BREP('',#2697);
#2697 = CLOSED_SHELL('',(#2698,#2740,#2764,#2774));
#2698 = ADVANCED_FACE('',(#2699),#2735,.T.);
#2699 = FACE_BOUND('',#2700,.T.);
#2700 = EDGE_LOOP('',(#2701,#2712,#2720,#2729));
#2701 = ORIENTED_EDGE('',*,*,#2702,.F.);
#2702 = EDGE_CURVE('',#2703,#2705,#2707,.T.);
#2703 = VERTEX_POINT('',#2704);
#2704 = CARTESIAN_POINT('',(9.050431536947,2.,-24.02199028283));
#2705 = VERTEX_POINT('',#2706);
#2706 = CARTESIAN_POINT('',(9.050431536947,2.,-27.02199028283));
#2707 = CIRCLE('',#2708,1.5);
#2708 = AXIS2_PLACEMENT_3D('',#2709,#2710,#2711);
#2709 = CARTESIAN_POINT('',(9.050431536947,2.,-25.52199028283));
#2710 = DIRECTION('',(0.,1.,0.));
#2711 = DIRECTION('',(0.,-0.,1.));
#2712 = ORIENTED_EDGE('',*,*,#2713,.T.);
#2713 = EDGE_CURVE('',#2703,#2714,#2716,.T.);
#2714 = VERTEX_POINT('',#2715);
#2715 = CARTESIAN_POINT('',(9.050431536947,0.,-24.02199028283));
#2716 = LINE('',#2717,#2718);
#2717 = CARTESIAN_POINT('',(9.050431536947,2.,-24.02199028283));
#2718 = VECTOR('',#2719,1.);
#2719 = DIRECTION('',(-0.,-1.,-0.));
#2720 = ORIENTED_EDGE('',*,*,#2721,.T.);
#2721 = EDGE_CURVE('',#2714,#2722,#2724,.T.);
#2722 = VERTEX_POINT('',#2723);
#2723 = CARTESIAN_POINT('',(9.050431536947,0.,-27.02199028283));
#2724 = CIRCLE('',#2725,1.5);
#2725 = AXIS2_PLACEMENT_3D('',#2726,#2727,#2728);
#2726 = CARTESIAN_POINT('',(9.050431536947,0.,-25.52199028283));
#2727 = DIRECTION('',(0.,1.,0.));
#2728 = DIRECTION('',(0.,-0.,1.));
#2729 = ORIENTED_EDGE('',*,*,#2730,.F.);
#2730 = EDGE_CURVE('',#2705,#2722,#2731,.T.);
#2731 = LINE('',#2732,#2733);
#2732 = CARTESIAN_POINT('',(9.050431536947,2.,-27.02199028283));
#2733 = VECTOR('',#2734,1.);
#2734 = DIRECTION('',(-0.,-1.,-0.));
#2735 = CYLINDRICAL_SURFACE('',#2736,1.5);
#2736 = AXIS2_PLACEMENT_3D('',#2737,#2738,#2739);
#2737 = CARTESIAN_POINT('',(9.050431536947,2.,-25.52199028283));
#2738 = DIRECTION('',(-0.,-1.,-0.));
#2739 = DIRECTION('',(0.,0.,-1.));
#2740 = ADVANCED_FACE('',(#2741),#2759,.T.);
#2741 = FACE_BOUND('',#2742,.T.);
#2742 = EDGE_LOOP('',(#2743,#2744,#2751,#2752));
#2743 = ORIENTED_EDGE('',*,*,#2713,.F.);
#2744 = ORIENTED_EDGE('',*,*,#2745,.F.);
#2745 = EDGE_CURVE('',#2705,#2703,#2746,.T.);
#2746 = CIRCLE('',#2747,1.5);
#2747 = AXIS2_PLACEMENT_3D('',#2748,#2749,#2750);
#2748 = CARTESIAN_POINT('',(9.050431536947,2.,-25.52199028283));
#2749 = DIRECTION('',(0.,1.,0.));
#2750 = DIRECTION('',(0.,-0.,1.));
#2751 = ORIENTED_EDGE('',*,*,#2730,.T.);
#2752 = ORIENTED_EDGE('',*,*,#2753,.T.);
#2753 = EDGE_CURVE('',#2722,#2714,#2754,.T.);
#2754 = CIRCLE('',#2755,1.5);
#2755 = AXIS2_PLACEMENT_3D('',#2756,#2757,#2758);
#2756 = CARTESIAN_POINT('',(9.050431536947,0.,-25.52199028283));
#2757 = DIRECTION('',(0.,1.,0.));
#2758 = DIRECTION('',(0.,-0.,1.));
#2759 = CYLINDRICAL_SURFACE('',#2760,1.5);
#2760 = AXIS2_PLACEMENT_3D('',#2761,#2762,#2763);
#2761 = CARTESIAN_POINT('',(9.050431536947,2.,-25.52199028283));
#2762 = DIRECTION('',(-0.,-1.,-0.));
#2763 = DIRECTION('',(0.,0.,-1.));
#2764 = ADVANCED_FACE('',(#2765),#2769,.T.);
#2765 = FACE_BOUND('',#2766,.T.);
#2766 = EDGE_LOOP('',(#2767,#2768));
#2767 = ORIENTED_EDGE('',*,*,#2745,.T.);
#2768 = ORIENTED_EDGE('',*,*,#2702,.T.);
#2769 = PLANE('',#2770);
#2770 = AXIS2_PLACEMENT_3D('',#2771,#2772,#2773);
#2771 = CARTESIAN_POINT('',(9.050431536947,2.,-25.52199028283));
#2772 = DIRECTION('',(0.,1.,0.));
#2773 = DIRECTION('',(0.,-0.,1.));
#2774 = ADVANCED_FACE('',(#2775),#2779,.F.);
#2775 = FACE_BOUND('',#2776,.T.);
#2776 = EDGE_LOOP('',(#2777,#2778));
#2777 = ORIENTED_EDGE('',*,*,#2753,.F.);
#2778 = ORIENTED_EDGE('',*,*,#2721,.F.);
#2779 = PLANE('',#2780);
#2780 = AXIS2_PLACEMENT_3D('',#2781,#2782,#2783);
#2781 = CARTESIAN_POINT('',(9.050431536947,0.,-25.52199028283));
#2782 = DIRECTION('',(0.,1.,0.));
#2783 = DIRECTION('',(0.,-0.,1.));
#2784 = MANIFOLD_SOLID_BREP('',#2785);
#2785 = CLOSED_SHELL('',(#2786,#2828,#2852,#2862));
#2786 = ADVANCED_FACE('',(#2787),#2823,.T.);
#2787 = FACE_BOUND('',#2788,.T.);
#2788 = EDGE_LOOP('',(#2789,#2800,#2808,#2817));
#2789 = ORIENTED_EDGE('',*,*,#2790,.F.);
#2790 = EDGE_CURVE('',#2791,#2793,#2795,.T.);
#2791 = VERTEX_POINT('',#2792);
#2792 = CARTESIAN_POINT('',(13.050431536947,2.,-24.02199028283));
#2793 = VERTEX_POINT('',#2794);
#2794 = CARTESIAN_POINT('',(13.050431536947,2.,-27.02199028283));
#2795 = CIRCLE('',#2796,1.5);
#2796 = AXIS2_PLACEMENT_3D('',#2797,#2798,#2799);
#2797 = CARTESIAN_POINT('',(13.050431536947,2.,-25.52199028283));
#2798 = DIRECTION('',(0.,1.,0.));
#2799 = DIRECTION('',(0.,-0.,1.));
#2800 = ORIENTED_EDGE('',*,*,#2801,.T.);
#2801 = EDGE_CURVE('',#2791,#2802,#2804,.T.);
#2802 = VERTEX_POINT('',#2803);
#2803 = CARTESIAN_POINT('',(13.050431536947,0.,-24.02199028283));
#2804 = LINE('',#2805,#2806);
#2805 = CARTESIAN_POINT('',(13.050431536947,2.,-24.02199028283));
#2806 = VECTOR('',#2807,1.);
#2807 = DIRECTION('',(-0.,-1.,-0.));
#2808 = ORIENTED_EDGE('',*,*,#2809,.T.);
#2809 = EDGE_CURVE('',#2802,#2810,#2812,.T.);
#2810 = VERTEX_POINT('',#2811);
#2811 = CARTESIAN_POINT('',(13.050431536947,0.,-27.02199028283));
#2812 = CIRCLE('',#2813,1.5);
#2813 = AXIS2_PLACEMENT_3D('',#2814,#2815,#2816);
#2814 = CARTESIAN_POINT('',(13.050431536947,0.,-25.52199028283));
#2815 = DIRECTION('',(0.,1.,0.));
#2816 = DIRECTION('',(0.,-0.,1.));
#2817 = ORIENTED_EDGE('',*,*,#2818,.F.);
#2818 = EDGE_CURVE('',#2793,#2810,#2819,.T.);
#2819 = LINE('',#2820,#2821);
#2820 = CARTESIAN_POINT('',(13.050431536947,2.,-27.02199028283));
#2821 = VECTOR('',#2822,1.);
#2822 = DIRECTION('',(-0.,-1.,-0.));
#2823 = CYLINDRICAL_SURFACE('',#2824,1.5);
#2824 = AXIS2_PLACEMENT_3D('',#2825,#2826,#2827);
#2825 = CARTESIAN_POINT('',(13.050431536947,2.,-25.52199028283));
#2826 = DIRECTION('',(-0.,-1.,-0.));
#2827 = DIRECTION('',(0.,0.,-1.));
#2828 = ADVANCED_FACE('',(#2829),#2847,.T.);
#2829 = FACE_BOUND('',#2830,.T.);
#2830 = EDGE_LOOP('',(#2831,#2832,#2839,#2840));
#2831 = ORIENTED_EDGE('',*,*,#2801,.F.);
#2832 = ORIENTED_EDGE('',*,*,#2833,.F.);
#2833 = EDGE_CURVE('',#2793,#2791,#2834,.T.);
#2834 = CIRCLE('',#2835,1.5);
#2835 = AXIS2_PLACEMENT_3D('',#2836,#2837,#2838);
#2836 = CARTESIAN_POINT('',(13.050431536947,2.,-25.52199028283));
#2837 = DIRECTION('',(0.,1.,0.));
#2838 = DIRECTION('',(0.,-0.,1.));
#2839 = ORIENTED_EDGE('',*,*,#2818,.T.);
#2840 = ORIENTED_EDGE('',*,*,#2841,.T.);
#2841 = EDGE_CURVE('',#2810,#2802,#2842,.T.);
#2842 = CIRCLE('',#2843,1.5);
#2843 = AXIS2_PLACEMENT_3D('',#2844,#2845,#2846);
#2844 = CARTESIAN_POINT('',(13.050431536947,0.,-25.52199028283));
#2845 = DIRECTION('',(0.,1.,0.));
#2846 = DIRECTION('',(0.,-0.,1.));
#2847 = CYLINDRICAL_SURFACE('',#2848,1.5);
#2848 = AXIS2_PLACEMENT_3D('',#2849,#2850,#2851);
#2849 = CARTESIAN_POINT('',(13.050431536947,2.,-25.52199028283));
#2850 = DIRECTION('',(-0.,-1.,-0.));
#2851 = DIRECTION('',(0.,0.,-1.));
#2852 = ADVANCED_FACE('',(#2853),#2857,.T.);
#2853 = FACE_BOUND('',#2854,.T.);
#2854 = EDGE_LOOP('',(#2855,#2856));
#2855 = ORIENTED_EDGE('',*,*,#2833,.T.);
#2856 = ORIENTED_EDGE('',*,*,#2790,.T.);
#2857 = PLANE('',#2858);
#2858 = AXIS2_PLACEMENT_3D('',#2859,#2860,#2861);
#2859 = CARTESIAN_POINT('',(13.050431536947,2.,-25.52199028283));
#2860 = DIRECTION('',(0.,1.,0.));
#2861 = DIRECTION('',(0.,-0.,1.));
#2862 = ADVANCED_FACE('',(#2863),#2867,.F.);
#2863 = FACE_BOUND('',#2864,.T.);
#2864 = EDGE_LOOP('',(#2865,#2866));
#2865 = ORIENTED_EDGE('',*,*,#2841,.F.);
#2866 = ORIENTED_EDGE('',*,*,#2809,.F.);
#2867 = PLANE('',#2868);
#2868 = AXIS2_PLACEMENT_3D('',#2869,#2870,#2871);
#2869 = CARTESIAN_POINT('',(13.050431536947,0.,-25.52199028283));
#2870 = DIRECTION('',(0.,1.,0.));
#2871 = DIRECTION('',(0.,-0.,1.));
#2872 = MANIFOLD_SOLID_BREP('',#2873);
#2873 = CLOSED_SHELL('',(#2874,#2916,#2940,#2950));
#2874 = ADVANCED_FACE('',(#2875),#2911,.T.);
#2875 = FACE_BOUND('',#2876,.T.);
#2876 = EDGE_LOOP('',(#2877,#2888,#2896,#2905));
#2877 = ORIENTED_EDGE('',*,*,#2878,.F.);
#2878 = EDGE_CURVE('',#2879,#2881,#2883,.T.);
#2879 = VERTEX_POINT('',#2880);
#2880 = CARTESIAN_POINT('',(17.050431536947,2.,-24.02199028283));
#2881 = VERTEX_POINT('',#2882);
#2882 = CARTESIAN_POINT('',(17.050431536947,2.,-27.02199028283));
#2883 = CIRCLE('',#2884,1.5);
#2884 = AXIS2_PLACEMENT_3D('',#2885,#2886,#2887);
#2885 = CARTESIAN_POINT('',(17.050431536947,2.,-25.52199028283));
#2886 = DIRECTION('',(0.,1.,0.));
#2887 = DIRECTION('',(0.,-0.,1.));
#2888 = ORIENTED_EDGE('',*,*,#2889,.T.);
#2889 = EDGE_CURVE('',#2879,#2890,#2892,.T.);
#2890 = VERTEX_POINT('',#2891);
#2891 = CARTESIAN_POINT('',(17.050431536947,0.,-24.02199028283));
#2892 = LINE('',#2893,#2894);
#2893 = CARTESIAN_POINT('',(17.050431536947,2.,-24.02199028283));
#2894 = VECTOR('',#2895,1.);
#2895 = DIRECTION('',(-0.,-1.,-0.));
#2896 = ORIENTED_EDGE('',*,*,#2897,.T.);
#2897 = EDGE_CURVE('',#2890,#2898,#2900,.T.);
#2898 = VERTEX_POINT('',#2899);
#2899 = CARTESIAN_POINT('',(17.050431536947,0.,-27.02199028283));
#2900 = CIRCLE('',#2901,1.5);
#2901 = AXIS2_PLACEMENT_3D('',#2902,#2903,#2904);
#2902 = CARTESIAN_POINT('',(17.050431536947,0.,-25.52199028283));
#2903 = DIRECTION('',(0.,1.,0.));
#2904 = DIRECTION('',(0.,-0.,1.));
#2905 = ORIENTED_EDGE('',*,*,#2906,.F.);
#2906 = EDGE_CURVE('',#2881,#2898,#2907,.T.);
#2907 = LINE('',#2908,#2909);
#2908 = CARTESIAN_POINT('',(17.050431536947,2.,-27.02199028283));
#2909 = VECTOR('',#2910,1.);
#2910 = DIRECTION('',(-0.,-1.,-0.));
#2911 = CYLINDRICAL_SURFACE('',#2912,1.5);
#2912 = AXIS2_PLACEMENT_3D('',#2913,#2914,#2915);
#2913 = CARTESIAN_POINT('',(17.050431536947,2.,-25.52199028283));
#2914 = DIRECTION('',(-0.,-1.,-0.));
#2915 = DIRECTION('',(0.,0.,-1.));
#2916 = ADVANCED_FACE('',(#2917),#2935,.T.);
#2917 = FACE_BOUND('',#2918,.T.);
#2918 = EDGE_LOOP('',(#2919,#2920,#2927,#2928));
#2919 = ORIENTED_EDGE('',*,*,#2889,.F.);
#2920 = ORIENTED_EDGE('',*,*,#2921,.F.);
#2921 = EDGE_CURVE('',#2881,#2879,#2922,.T.);
#2922 = CIRCLE('',#2923,1.5);
#2923 = AXIS2_PLACEMENT_3D('',#2924,#2925,#2926);
#2924 = CARTESIAN_POINT('',(17.050431536947,2.,-25.52199028283));
#2925 = DIRECTION('',(0.,1.,0.));
#2926 = DIRECTION('',(0.,-0.,1.));
#2927 = ORIENTED_EDGE('',*,*,#2906,.T.);
#2928 = ORIENTED_EDGE('',*,*,#2929,.T.);
#2929 = EDGE_CURVE('',#2898,#2890,#2930,.T.);
#2930 = CIRCLE('',#2931,1.5);
#2931 = AXIS2_PLACEMENT_3D('',#2932,#2933,#2934);
#2932 = CARTESIAN_POINT('',(17.050431536947,0.,-25.52199028283));
#2933 = DIRECTION('',(0.,1.,0.));
#2934 = DIRECTION('',(0.,-0.,1.));
#2935 = CYLINDRICAL_SURFACE('',#2936,1.5);
#2936 = AXIS2_PLACEMENT_3D('',#2937,#2938,#2939);
#2937 = CARTESIAN_POINT('',(17.050431536947,2.,-25.52199028283));
#2938 = DIRECTION('',(-0.,-1.,-0.));
#2939 = DIRECTION('',(0.,0.,-1.));
#2940 = ADVANCED_FACE('',(#2941),#2945,.T.);
#2941 = FACE_BOUND('',#2942,.T.);
#2942 = EDGE_LOOP('',(#2943,#2944));
#2943 = ORIENTED_EDGE('',*,*,#2921,.T.);
#2944 = ORIENTED_EDGE('',*,*,#2878,.T.);
#2945 = PLANE('',#2946);
#2946 = AXIS2_PLACEMENT_3D('',#2947,#2948,#2949);
#2947 = CARTESIAN_POINT('',(17.050431536947,2.,-25.52199028283));
#2948 = DIRECTION('',(0.,1.,0.));
#2949 = DIRECTION('',(0.,-0.,1.));
#2950 = ADVANCED_FACE('',(#2951),#2955,.F.);
#2951 = FACE_BOUND('',#2952,.T.);
#2952 = EDGE_LOOP('',(#2953,#2954));
#2953 = ORIENTED_EDGE('',*,*,#2929,.F.);
#2954 = ORIENTED_EDGE('',*,*,#2897,.F.);
#2955 = PLANE('',#2956);
#2956 = AXIS2_PLACEMENT_3D('',#2957,#2958,#2959);
#2957 = CARTESIAN_POINT('',(17.050431536947,0.,-25.52199028283));
#2958 = DIRECTION('',(0.,1.,0.));
#2959 = DIRECTION('',(0.,-0.,1.));
#2960 = MANIFOLD_SOLID_BREP('',#2961);
#2961 = CLOSED_SHELL('',(#2962,#3004,#3028,#3038));
#2962 = ADVANCED_FACE('',(#2963),#2999,.T.);
#2963 = FACE_BOUND('',#2964,.T.);
#2964 = EDGE_LOOP('',(#2965,#2976,#2984,#2993));
#2965 = ORIENTED_EDGE('',*,*,#2966,.F.);
#2966 = EDGE_CURVE('',#2967,#2969,#2971,.T.);
#2967 = VERTEX_POINT('',#2968);
#2968 = CARTESIAN_POINT('',(21.050431536947,2.,-24.02199028283));
#2969 = VERTEX_POINT('',#2970);
#2970 = CARTESIAN_POINT('',(21.050431536947,2.,-27.02199028283));
#2971 = CIRCLE('',#2972,1.5);
#2972 = AXIS2_PLACEMENT_3D('',#2973,#2974,#2975);
#2973 = CARTESIAN_POINT('',(21.050431536947,2.,-25.52199028283));
#2974 = DIRECTION('',(0.,1.,0.));
#2975 = DIRECTION('',(0.,-0.,1.));
#2976 = ORIENTED_EDGE('',*,*,#2977,.T.);
#2977 = EDGE_CURVE('',#2967,#2978,#2980,.T.);
#2978 = VERTEX_POINT('',#2979);
#2979 = CARTESIAN_POINT('',(21.050431536947,0.,-24.02199028283));
#2980 = LINE('',#2981,#2982);
#2981 = CARTESIAN_POINT('',(21.050431536947,2.,-24.02199028283));
#2982 = VECTOR('',#2983,1.);
#2983 = DIRECTION('',(-0.,-1.,-0.));
#2984 = ORIENTED_EDGE('',*,*,#2985,.T.);
#2985 = EDGE_CURVE('',#2978,#2986,#2988,.T.);
#2986 = VERTEX_POINT('',#2987);
#2987 = CARTESIAN_POINT('',(21.050431536947,0.,-27.02199028283));
#2988 = CIRCLE('',#2989,1.5);
#2989 = AXIS2_PLACEMENT_3D('',#2990,#2991,#2992);
#2990 = CARTESIAN_POINT('',(21.050431536947,0.,-25.52199028283));
#2991 = DIRECTION('',(0.,1.,0.));
#2992 = DIRECTION('',(0.,-0.,1.));
#2993 = ORIENTED_EDGE('',*,*,#2994,.F.);
#2994 = EDGE_CURVE('',#2969,#2986,#2995,.T.);
#2995 = LINE('',#2996,#2997);
#2996 = CARTESIAN_POINT('',(21.050431536947,2.,-27.02199028283));
#2997 = VECTOR('',#2998,1.);
#2998 = DIRECTION('',(-0.,-1.,-0.));
#2999 = CYLINDRICAL_SURFACE('',#3000,1.5);
#3000 = AXIS2_PLACEMENT_3D('',#3001,#3002,#3003);
#3001 = CARTESIAN_POINT('',(21.050431536947,2.,-25.52199028283));
#3002 = DIRECTION('',(-0.,-1.,-0.));
#3003 = DIRECTION('',(0.,0.,-1.));
#3004 = ADVANCED_FACE('',(#3005),#3023,.T.);
#3005 = FACE_BOUND('',#3006,.T.);
#3006 = EDGE_LOOP('',(#3007,#3008,#3015,#3016));
#3007 = ORIENTED_EDGE('',*,*,#2977,.F.);
#3008 = ORIENTED_EDGE('',*,*,#3009,.F.);
#3009 = EDGE_CURVE('',#2969,#2967,#3010,.T.);
#3010 = CIRCLE('',#3011,1.5);
#3011 = AXIS2_PLACEMENT_3D('',#3012,#3013,#3014);
#3012 = CARTESIAN_POINT('',(21.050431536947,2.,-25.52199028283));
#3013 = DIRECTION('',(0.,1.,0.));
#3014 = DIRECTION('',(0.,-0.,1.));
#3015 = ORIENTED_EDGE('',*,*,#2994,.T.);
#3016 = ORIENTED_EDGE('',*,*,#3017,.T.);
#3017 = EDGE_CURVE('',#2986,#2978,#3018,.T.);
#3018 = CIRCLE('',#3019,1.5);
#3019 = AXIS2_PLACEMENT_3D('',#3020,#3021,#3022);
#3020 = CARTESIAN_POINT('',(21.050431536947,0.,-25.52199028283));
#3021 = DIRECTION('',(0.,1.,0.));
#3022 = DIRECTION('',(0.,-0.,1.));
#3023 = CYLINDRICAL_SURFACE('',#3024,1.5);
#3024 = AXIS2_PLACEMENT_3D('',#3025,#3026,#3027);
#3025 = CARTESIAN_POINT('',(21.050431536947,2.,-25.52199028283));
#3026 = DIRECTION('',(-0.,-1.,-0.));
#3027 = DIRECTION('',(0.,0.,-1.));
#3028 = ADVANCED_FACE('',(#3029),#3033,.T.);
#3029 = FACE_BOUND('',#3030,.T.);
#3030 = EDGE_LOOP('',(#3031,#3032));
#3031 = ORIENTED_EDGE('',*,*,#3009,.T.);
#3032 = ORIENTED_EDGE('',*,*,#2966,.T.);
#3033 = PLANE('',#3034);
#3034 = AXIS2_PLACEMENT_3D('',#3035,#3036,#3037);
#3035 = CARTESIAN_POINT('',(21.050431536947,2.,-25.52199028283));
#3036 = DIRECTION('',(0.,1.,0.));
#3037 = DIRECTION('',(0.,-0.,1.));
#3038 = ADVANCED_FACE('',(#3039),#3043,.F.);
#3039 = FACE_BOUND('',#3040,.T.);
#3040 = EDGE_LOOP('',(#3041,#3042));
#3041 = ORIENTED_EDGE('',*,*,#3017,.F.);
#3042 = ORIENTED_EDGE('',*,*,#2985,.F.);
#3043 = PLANE('',#3044);
#3044 = AXIS2_PLACEMENT_3D('',#3045,#3046,#3047);
#3045 = CARTESIAN_POINT('',(21.050431536947,0.,-25.52199028283));
#3046 = DIRECTION('',(0.,1.,0.));
#3047 = DIRECTION('',(0.,-0.,1.));
#3048 = MANIFOLD_SOLID_BREP('',#3049);
#3049 = CLOSED_SHELL('',(#3050,#3092,#3116,#3126));
#3050 = ADVANCED_FACE('',(#3051),#3087,.T.);
#3051 = FACE_BOUND('',#3052,.T.);
#3052 = EDGE_LOOP('',(#3053,#3064,#3072,#3081));
#3053 = ORIENTED_EDGE('',*,*,#3054,.F.);
#3054 = EDGE_CURVE('',#3055,#3057,#3059,.T.);
#3055 = VERTEX_POINT('',#3056);
#3056 = CARTESIAN_POINT('',(25.050431536947,2.,-24.02199028283));
#3057 = VERTEX_POINT('',#3058);
#3058 = CARTESIAN_POINT('',(25.050431536947,2.,-27.02199028283));
#3059 = CIRCLE('',#3060,1.5);
#3060 = AXIS2_PLACEMENT_3D('',#3061,#3062,#3063);
#3061 = CARTESIAN_POINT('',(25.050431536947,2.,-25.52199028283));
#3062 = DIRECTION('',(0.,1.,0.));
#3063 = DIRECTION('',(0.,-0.,1.));
#3064 = ORIENTED_EDGE('',*,*,#3065,.T.);
#3065 = EDGE_CURVE('',#3055,#3066,#3068,.T.);
#3066 = VERTEX_POINT('',#3067);
#3067 = CARTESIAN_POINT('',(25.050431536947,0.,-24.02199028283));
#3068 = LINE('',#3069,#3070);
#3069 = CARTESIAN_POINT('',(25.050431536947,2.,-24.02199028283));
#3070 = VECTOR('',#3071,1.);
#3071 = DIRECTION('',(-0.,-1.,-0.));
#3072 = ORIENTED_EDGE('',*,*,#3073,.T.);
#3073 = EDGE_CURVE('',#3066,#3074,#3076,.T.);
#3074 = VERTEX_POINT('',#3075);
#3075 = CARTESIAN_POINT('',(25.050431536947,0.,-27.02199028283));
#3076 = CIRCLE('',#3077,1.5);
#3077 = AXIS2_PLACEMENT_3D('',#3078,#3079,#3080);
#3078 = CARTESIAN_POINT('',(25.050431536947,0.,-25.52199028283));
#3079 = DIRECTION('',(0.,1.,0.));
#3080 = DIRECTION('',(0.,-0.,1.));
#3081 = ORIENTED_EDGE('',*,*,#3082,.F.);
#3082 = EDGE_CURVE('',#3057,#3074,#3083,.T.);
#3083 = LINE('',#3084,#3085);
#3084 = CARTESIAN_POINT('',(25.050431536947,2.,-27.02199028283));
#3085 = VECTOR('',#3086,1.);
#3086 = DIRECTION('',(-0.,-1.,-0.));
#3087 = CYLINDRICAL_SURFACE('',#3088,1.5);
#3088 = AXIS2_PLACEMENT_3D('',#3089,#3090,#3091);
#3089 = CARTESIAN_POINT('',(25.050431536947,2.,-25.52199028283));
#3090 = DIRECTION('',(-0.,-1.,-0.));
#3091 = DIRECTION('',(0.,0.,-1.));
#3092 = ADVANCED_FACE('',(#3093),#3111,.T.);
#3093 = FACE_BOUND('',#3094,.T.);
#3094 = EDGE_LOOP('',(#3095,#3096,#3103,#3104));
#3095 = ORIENTED_EDGE('',*,*,#3065,.F.);
#3096 = ORIENTED_EDGE('',*,*,#3097,.F.);
#3097 = EDGE_CURVE('',#3057,#3055,#3098,.T.);
#3098 = CIRCLE('',#3099,1.5);
#3099 = AXIS2_PLACEMENT_3D('',#3100,#3101,#3102);
#3100 = CARTESIAN_POINT('',(25.050431536947,2.,-25.52199028283));
#3101 = DIRECTION('',(0.,1.,0.));
#3102 = DIRECTION('',(0.,-0.,1.));
#3103 = ORIENTED_EDGE('',*,*,#3082,.T.);
#3104 = ORIENTED_EDGE('',*,*,#3105,.T.);
#3105 = EDGE_CURVE('',#3074,#3066,#3106,.T.);
#3106 = CIRCLE('',#3107,1.5);
#3107 = AXIS2_PLACEMENT_3D('',#3108,#3109,#3110);
#3108 = CARTESIAN_POINT('',(25.050431536947,0.,-25.52199028283));
#3109 = DIRECTION('',(0.,1.,0.));
#3110 = DIRECTION('',(0.,-0.,1.));
#3111 = CYLINDRICAL_SURFACE('',#3112,1.5);
#3112 = AXIS2_PLACEMENT_3D('',#3113,#3114,#3115);
#3113 = CARTESIAN_POINT('',(25.050431536947,2.,-25.52199028283));
#3114 = DIRECTION('',(-0.,-1.,-0.));
#3115 = DIRECTION('',(0.,0.,-1.));
#3116 = ADVANCED_FACE('',(#3117),#3121,.T.);
#3117 = FACE_BOUND('',#3118,.T.);
#3118 = EDGE_LOOP('',(#3119,#3120));
#3119 = ORIENTED_EDGE('',*,*,#3097,.T.);
#3120 = ORIENTED_EDGE('',*,*,#3054,.T.);
#3121 = PLANE('',#3122);
#3122 = AXIS2_PLACEMENT_3D('',#3123,#3124,#3125);
#3123 = CARTESIAN_POINT('',(25.050431536947,2.,-25.52199028283));
#3124 = DIRECTION('',(0.,1.,0.));
#3125 = DIRECTION('',(0.,-0.,1.));
#3126 = ADVANCED_FACE('',(#3127),#3131,.F.);
#3127 = FACE_BOUND('',#3128,.T.);
#3128 = EDGE_LOOP('',(#3129,#3130));
#3129 = ORIENTED_EDGE('',*,*,#3105,.F.);
#3130 = ORIENTED_EDGE('',*,*,#3073,.F.);
#3131 = PLANE('',#3132);
#3132 = AXIS2_PLACEMENT_3D('',#3133,#3134,#3135);
#3133 = CARTESIAN_POINT('',(25.050431536947,0.,-25.52199028283));
#3134 = DIRECTION('',(0.,1.,0.));
#3135 = DIRECTION('',(0.,-0.,1.));
#3136 = MANIFOLD_SOLID_BREP('',#3137);
#3137 = CLOSED_SHELL('',(#3138,#3180,#3204,#3214));
#3138 = ADVANCED_FACE('',(#3139),#3175,.T.);
#3139 = FACE_BOUND('',#3140,.T.);
#3140 = EDGE_LOOP('',(#3141,#3152,#3160,#3169));
#3141 = ORIENTED_EDGE('',*,*,#3142,.F.);
#3142 = EDGE_CURVE('',#3143,#3145,#3147,.T.);
#3143 = VERTEX_POINT('',#3144);
#3144 = CARTESIAN_POINT('',(29.050431536947,2.,-24.02199028283));
#3145 = VERTEX_POINT('',#3146);
#3146 = CARTESIAN_POINT('',(29.050431536947,2.,-27.02199028283));
#3147 = CIRCLE('',#3148,1.5);
#3148 = AXIS2_PLACEMENT_3D('',#3149,#3150,#3151);
#3149 = CARTESIAN_POINT('',(29.050431536947,2.,-25.52199028283));
#3150 = DIRECTION('',(0.,1.,0.));
#3151 = DIRECTION('',(0.,-0.,1.));
#3152 = ORIENTED_EDGE('',*,*,#3153,.T.);
#3153 = EDGE_CURVE('',#3143,#3154,#3156,.T.);
#3154 = VERTEX_POINT('',#3155);
#3155 = CARTESIAN_POINT('',(29.050431536947,0.,-24.02199028283));
#3156 = LINE('',#3157,#3158);
#3157 = CARTESIAN_POINT('',(29.050431536947,2.,-24.02199028283));
#3158 = VECTOR('',#3159,1.);
#3159 = DIRECTION('',(-0.,-1.,-0.));
#3160 = ORIENTED_EDGE('',*,*,#3161,.T.);
#3161 = EDGE_CURVE('',#3154,#3162,#3164,.T.);
#3162 = VERTEX_POINT('',#3163);
#3163 = CARTESIAN_POINT('',(29.050431536947,0.,-27.02199028283));
#3164 = CIRCLE('',#3165,1.5);
#3165 = AXIS2_PLACEMENT_3D('',#3166,#3167,#3168);
#3166 = CARTESIAN_POINT('',(29.050431536947,0.,-25.52199028283));
#3167 = DIRECTION('',(0.,1.,0.));
#3168 = DIRECTION('',(0.,-0.,1.));
#3169 = ORIENTED_EDGE('',*,*,#3170,.F.);
#3170 = EDGE_CURVE('',#3145,#3162,#3171,.T.);
#3171 = LINE('',#3172,#3173);
#3172 = CARTESIAN_POINT('',(29.050431536947,2.,-27.02199028283));
#3173 = VECTOR('',#3174,1.);
#3174 = DIRECTION('',(-0.,-1.,-0.));
#3175 = CYLINDRICAL_SURFACE('',#3176,1.5);
#3176 = AXIS2_PLACEMENT_3D('',#3177,#3178,#3179);
#3177 = CARTESIAN_POINT('',(29.050431536947,2.,-25.52199028283));
#3178 = DIRECTION('',(-0.,-1.,-0.));
#3179 = DIRECTION('',(0.,0.,-1.));
#3180 = ADVANCED_FACE('',(#3181),#3199,.T.);
#3181 = FACE_BOUND('',#3182,.T.);
#3182 = EDGE_LOOP('',(#3183,#3184,#3191,#3192));
#3183 = ORIENTED_EDGE('',*,*,#3153,.F.);
#3184 = ORIENTED_EDGE('',*,*,#3185,.F.);
#3185 = EDGE_CURVE('',#3145,#3143,#3186,.T.);
#3186 = CIRCLE('',#3187,1.5);
#3187 = AXIS2_PLACEMENT_3D('',#3188,#3189,#3190);
#3188 = CARTESIAN_POINT('',(29.050431536947,2.,-25.52199028283));
#3189 = DIRECTION('',(0.,1.,0.));
#3190 = DIRECTION('',(0.,-0.,1.));
#3191 = ORIENTED_EDGE('',*,*,#3170,.T.);
#3192 = ORIENTED_EDGE('',*,*,#3193,.T.);
#3193 = EDGE_CURVE('',#3162,#3154,#3194,.T.);
#3194 = CIRCLE('',#3195,1.5);
#3195 = AXIS2_PLACEMENT_3D('',#3196,#3197,#3198);
#3196 = CARTESIAN_POINT('',(29.050431536947,0.,-25.52199028283));
#3197 = DIRECTION('',(0.,1.,0.));
#3198 = DIRECTION('',(0.,-0.,1.));
#3199 = CYLINDRICAL_SURFACE('',#3200,1.5);
#3200 = AXIS2_PLACEMENT_3D('',#3201,#3202,#3203);
#3201 = CARTESIAN_POINT('',(29.050431536947,2.,-25.52199028283));
#3202 = DIRECTION('',(-0.,-1.,-0.));
#3203 = DIRECTION('',(0.,0.,-1.));
#3204 = ADVANCED_FACE('',(#3205),#3209,.T.);
#3205 = FACE_BOUND('',#3206,.T.);
#3206 = EDGE_LOOP('',(#3207,#3208));
#3207 = ORIENTED_EDGE('',*,*,#3185,.T.);
#3208 = ORIENTED_EDGE('',*,*,#3142,.T.);
#3209 = PLANE('',#3210);
#3210 = AXIS2_PLACEMENT_3D('',#3211,#3212,#3213);
#3211 = CARTESIAN_POINT('',(29.050431536947,2.,-25.52199028283));
#3212 = DIRECTION('',(0.,1.,0.));
#3213 = DIRECTION('',(0.,-0.,1.));
#3214 = ADVANCED_FACE('',(#3215),#3219,.F.);
#3215 = FACE_BOUND('',#3216,.T.);
#3216 = EDGE_LOOP('',(#3217,#3218));
#3217 = ORIENTED_EDGE('',*,*,#3193,.F.);
#3218 = ORIENTED_EDGE('',*,*,#3161,.F.);
#3219 = PLANE('',#3220);
#3220 = AXIS2_PLACEMENT_3D('',#3221,#3222,#3223);
#3221 = CARTESIAN_POINT('',(29.050431536947,0.,-25.52199028283));
#3222 = DIRECTION('',(0.,1.,0.));
#3223 = DIRECTION('',(0.,-0.,1.));
#3224 = MANIFOLD_SOLID_BREP('',#3225);
#3225 = CLOSED_SHELL('',(#3226,#3268,#3292,#3302));
#3226 = ADVANCED_FACE('',(#3227),#3263,.T.);
#3227 = FACE_BOUND('',#3228,.T.);
#3228 = EDGE_LOOP('',(#3229,#3240,#3248,#3257));
#3229 = ORIENTED_EDGE('',*,*,#3230,.F.);
#3230 = EDGE_CURVE('',#3231,#3233,#3235,.T.);
#3231 = VERTEX_POINT('',#3232);
#3232 = CARTESIAN_POINT('',(33.050431536947,2.,-24.02199028283));
#3233 = VERTEX_POINT('',#3234);
#3234 = CARTESIAN_POINT('',(33.050431536947,2.,-27.02199028283));
#3235 = CIRCLE('',#3236,1.5);
#3236 = AXIS2_PLACEMENT_3D('',#3237,#3238,#3239);
#3237 = CARTESIAN_POINT('',(33.050431536947,2.,-25.52199028283));
#3238 = DIRECTION('',(0.,1.,0.));
#3239 = DIRECTION('',(0.,-0.,1.));
#3240 = ORIENTED_EDGE('',*,*,#3241,.T.);
#3241 = EDGE_CURVE('',#3231,#3242,#3244,.T.);
#3242 = VERTEX_POINT('',#3243);
#3243 = CARTESIAN_POINT('',(33.050431536947,0.,-24.02199028283));
#3244 = LINE('',#3245,#3246);
#3245 = CARTESIAN_POINT('',(33.050431536947,2.,-24.02199028283));
#3246 = VECTOR('',#3247,1.);
#3247 = DIRECTION('',(-0.,-1.,-0.));
#3248 = ORIENTED_EDGE('',*,*,#3249,.T.);
#3249 = EDGE_CURVE('',#3242,#3250,#3252,.T.);
#3250 = VERTEX_POINT('',#3251);
#3251 = CARTESIAN_POINT('',(33.050431536947,0.,-27.02199028283));
#3252 = CIRCLE('',#3253,1.5);
#3253 = AXIS2_PLACEMENT_3D('',#3254,#3255,#3256);
#3254 = CARTESIAN_POINT('',(33.050431536947,0.,-25.52199028283));
#3255 = DIRECTION('',(0.,1.,0.));
#3256 = DIRECTION('',(0.,-0.,1.));
#3257 = ORIENTED_EDGE('',*,*,#3258,.F.);
#3258 = EDGE_CURVE('',#3233,#3250,#3259,.T.);
#3259 = LINE('',#3260,#3261);
#3260 = CARTESIAN_POINT('',(33.050431536947,2.,-27.02199028283));
#3261 = VECTOR('',#3262,1.);
#3262 = DIRECTION('',(-0.,-1.,-0.));
#3263 = CYLINDRICAL_SURFACE('',#3264,1.5);
#3264 = AXIS2_PLACEMENT_3D('',#3265,#3266,#3267);
#3265 = CARTESIAN_POINT('',(33.050431536947,2.,-25.52199028283));
#3266 = DIRECTION('',(-0.,-1.,-0.));
#3267 = DIRECTION('',(0.,0.,-1.));
#3268 = ADVANCED_FACE('',(#3269),#3287,.T.);
#3269 = FACE_BOUND('',#3270,.T.);
#3270 = EDGE_LOOP('',(#3271,#3272,#3279,#3280));
#3271 = ORIENTED_EDGE('',*,*,#3241,.F.);
#3272 = ORIENTED_EDGE('',*,*,#3273,.F.);
#3273 = EDGE_CURVE('',#3233,#3231,#3274,.T.);
#3274 = CIRCLE('',#3275,1.5);
#3275 = AXIS2_PLACEMENT_3D('',#3276,#3277,#3278);
#3276 = CARTESIAN_POINT('',(33.050431536947,2.,-25.52199028283));
#3277 = DIRECTION('',(0.,1.,0.));
#3278 = DIRECTION('',(0.,-0.,1.));
#3279 = ORIENTED_EDGE('',*,*,#3258,.T.);
#3280 = ORIENTED_EDGE('',*,*,#3281,.T.);
#3281 = EDGE_CURVE('',#3250,#3242,#3282,.T.);
#3282 = CIRCLE('',#3283,1.5);
#3283 = AXIS2_PLACEMENT_3D('',#3284,#3285,#3286);
#3284 = CARTESIAN_POINT('',(33.050431536947,0.,-25.52199028283));
#3285 = DIRECTION('',(0.,1.,0.));
#3286 = DIRECTION('',(0.,-0.,1.));
#3287 = CYLINDRICAL_SURFACE('',#3288,1.5);
#3288 = AXIS2_PLACEMENT_3D('',#3289,#3290,#3291);
#3289 = CARTESIAN_POINT('',(33.050431536947,2.,-25.52199028283));
#3290 = DIRECTION('',(-0.,-1.,-0.));
#3291 = DIRECTION('',(0.,0.,-1.));
#3292 = ADVANCED_FACE('',(#3293),#3297,.T.);
#3293 = FACE_BOUND('',#3294,.T.);
#3294 = EDGE_LOOP('',(#3295,#3296));
#3295 = ORIENTED_EDGE('',*,*,#3273,.T.);
#3296 = ORIENTED_EDGE('',*,*,#3230,.T.);
#3297 = PLANE('',#3298);
#3298 = AXIS2_PLACEMENT_3D('',#3299,#3300,#3301);
#3299 = CARTESIAN_POINT('',(33.050431536947,2.,-25.52199028283));
#3300 = DIRECTION('',(0.,1.,0.));
#3301 = DIRECTION('',(0.,-0.,1.));
#3302 = ADVANCED_FACE('',(#3303),#3307,.F.);
#3303 = FACE_BOUND('',#3304,.T.);
#3304 = EDGE_LOOP('',(#3305,#3306));
#3305 = ORIENTED_EDGE('',*,*,#3281,.F.);
#3306 = ORIENTED_EDGE('',*,*,#3249,.F.);
#3307 = PLANE('',#3308);
#3308 = AXIS2_PLACEMENT_3D('',#3309,#3310,#3311);
#3309 = CARTESIAN_POINT('',(33.050431536947,0.,-25.52199028283));
#3310 = DIRECTION('',(0.,1.,0.));
#3311 = DIRECTION('',(0.,-0.,1.));
#3312 = MANIFOLD_SOLID_BREP('',#3313);
#3313 = CLOSED_SHELL('',(#3314,#3356,#3380,#3390));
#3314 = ADVANCED_FACE('',(#3315),#3351,.T.);
#3315 = FACE_BOUND('',#3316,.T.);
#3316 = EDGE_LOOP('',(#3317,#3328,#3336,#3345));
#3317 = ORIENTED_EDGE('',*,*,#3318,.F.);
#3318 = EDGE_CURVE('',#3319,#3321,#3323,.T.);
#3319 = VERTEX_POINT('',#3320);
#3320 = CARTESIAN_POINT('',(9.050431536947,2.,-28.02199028283));
#3321 = VERTEX_POINT('',#3322);
#3322 = CARTESIAN_POINT('',(9.050431536947,2.,-31.02199028283));
#3323 = CIRCLE('',#3324,1.5);
#3324 = AXIS2_PLACEMENT_3D('',#3325,#3326,#3327);
#3325 = CARTESIAN_POINT('',(9.050431536947,2.,-29.52199028283));
#3326 = DIRECTION('',(0.,1.,0.));
#3327 = DIRECTION('',(0.,-0.,1.));
#3328 = ORIENTED_EDGE('',*,*,#3329,.T.);
#3329 = EDGE_CURVE('',#3319,#3330,#3332,.T.);
#3330 = VERTEX_POINT('',#3331);
#3331 = CARTESIAN_POINT('',(9.050431536947,0.,-28.02199028283));
#3332 = LINE('',#3333,#3334);
#3333 = CARTESIAN_POINT('',(9.050431536947,2.,-28.02199028283));
#3334 = VECTOR('',#3335,1.);
#3335 = DIRECTION('',(-0.,-1.,-0.));
#3336 = ORIENTED_EDGE('',*,*,#3337,.T.);
#3337 = EDGE_CURVE('',#3330,#3338,#3340,.T.);
#3338 = VERTEX_POINT('',#3339);
#3339 = CARTESIAN_POINT('',(9.050431536947,0.,-31.02199028283));
#3340 = CIRCLE('',#3341,1.5);
#3341 = AXIS2_PLACEMENT_3D('',#3342,#3343,#3344);
#3342 = CARTESIAN_POINT('',(9.050431536947,0.,-29.52199028283));
#3343 = DIRECTION('',(0.,1.,0.));
#3344 = DIRECTION('',(0.,-0.,1.));
#3345 = ORIENTED_EDGE('',*,*,#3346,.F.);
#3346 = EDGE_CURVE('',#3321,#3338,#3347,.T.);
#3347 = LINE('',#3348,#3349);
#3348 = CARTESIAN_POINT('',(9.050431536947,2.,-31.02199028283));
#3349 = VECTOR('',#3350,1.);
#3350 = DIRECTION('',(-0.,-1.,-0.));
#3351 = CYLINDRICAL_SURFACE('',#3352,1.5);
#3352 = AXIS2_PLACEMENT_3D('',#3353,#3354,#3355);
#3353 = CARTESIAN_POINT('',(9.050431536947,2.,-29.52199028283));
#3354 = DIRECTION('',(-0.,-1.,-0.));
#3355 = DIRECTION('',(0.,0.,-1.));
#3356 = ADVANCED_FACE('',(#3357),#3375,.T.);
#3357 = FACE_BOUND('',#3358,.T.);
#3358 = EDGE_LOOP('',(#3359,#3360,#3367,#3368));
#3359 = ORIENTED_EDGE('',*,*,#3329,.F.);
#3360 = ORIENTED_EDGE('',*,*,#3361,.F.);
#3361 = EDGE_CURVE('',#3321,#3319,#3362,.T.);
#3362 = CIRCLE('',#3363,1.5);
#3363 = AXIS2_PLACEMENT_3D('',#3364,#3365,#3366);
#3364 = CARTESIAN_POINT('',(9.050431536947,2.,-29.52199028283));
#3365 = DIRECTION('',(0.,1.,0.));
#3366 = DIRECTION('',(0.,-0.,1.));
#3367 = ORIENTED_EDGE('',*,*,#3346,.T.);
#3368 = ORIENTED_EDGE('',*,*,#3369,.T.);
#3369 = EDGE_CURVE('',#3338,#3330,#3370,.T.);
#3370 = CIRCLE('',#3371,1.5);
#3371 = AXIS2_PLACEMENT_3D('',#3372,#3373,#3374);
#3372 = CARTESIAN_POINT('',(9.050431536947,0.,-29.52199028283));
#3373 = DIRECTION('',(0.,1.,0.));
#3374 = DIRECTION('',(0.,-0.,1.));
#3375 = CYLINDRICAL_SURFACE('',#3376,1.5);
#3376 = AXIS2_PLACEMENT_3D('',#3377,#3378,#3379);
#3377 = CARTESIAN_POINT('',(9.050431536947,2.,-29.52199028283));
#3378 = DIRECTION('',(-0.,-1.,-0.));
#3379 = DIRECTION('',(0.,0.,-1.));
#3380 = ADVANCED_FACE('',(#3381),#3385,.T.);
#3381 = FACE_BOUND('',#3382,.T.);
#3382 = EDGE_LOOP('',(#3383,#3384));
#3383 = ORIENTED_EDGE('',*,*,#3361,.T.);
#3384 = ORIENTED_EDGE('',*,*,#3318,.T.);
#3385 = PLANE('',#3386);
#3386 = AXIS2_PLACEMENT_3D('',#3387,#3388,#3389);
#3387 = CARTESIAN_POINT('',(9.050431536947,2.,-29.52199028283));
#3388 = DIRECTION('',(0.,1.,0.));
#3389 = DIRECTION('',(0.,-0.,1.));
#3390 = ADVANCED_FACE('',(#3391),#3395,.F.);
#3391 = FACE_BOUND('',#3392,.T.);
#3392 = EDGE_LOOP('',(#3393,#3394));
#3393 = ORIENTED_EDGE('',*,*,#3369,.F.);
#3394 = ORIENTED_EDGE('',*,*,#3337,.F.);
#3395 = PLANE('',#3396);
#3396 = AXIS2_PLACEMENT_3D('',#3397,#3398,#3399);
#3397 = CARTESIAN_POINT('',(9.050431536947,0.,-29.52199028283));
#3398 = DIRECTION('',(0.,1.,0.));
#3399 = DIRECTION('',(0.,-0.,1.));
#3400 = MANIFOLD_SOLID_BREP('',#3401);
#3401 = CLOSED_SHELL('',(#3402,#3444,#3468,#3478));
#3402 = ADVANCED_FACE('',(#3403),#3439,.T.);
#3403 = FACE_BOUND('',#3404,.T.);
#3404 = EDGE_LOOP('',(#3405,#3416,#3424,#3433));
#3405 = ORIENTED_EDGE('',*,*,#3406,.F.);
#3406 = EDGE_CURVE('',#3407,#3409,#3411,.T.);
#3407 = VERTEX_POINT('',#3408);
#3408 = CARTESIAN_POINT('',(13.050431536947,2.,-28.02199028283));
#3409 = VERTEX_POINT('',#3410);
#3410 = CARTESIAN_POINT('',(13.050431536947,2.,-31.02199028283));
#3411 = CIRCLE('',#3412,1.5);
#3412 = AXIS2_PLACEMENT_3D('',#3413,#3414,#3415);
#3413 = CARTESIAN_POINT('',(13.050431536947,2.,-29.52199028283));
#3414 = DIRECTION('',(0.,1.,0.));
#3415 = DIRECTION('',(0.,-0.,1.));
#3416 = ORIENTED_EDGE('',*,*,#3417,.T.);
#3417 = EDGE_CURVE('',#3407,#3418,#3420,.T.);
#3418 = VERTEX_POINT('',#3419);
#3419 = CARTESIAN_POINT('',(13.050431536947,0.,-28.02199028283));
#3420 = LINE('',#3421,#3422);
#3421 = CARTESIAN_POINT('',(13.050431536947,2.,-28.02199028283));
#3422 = VECTOR('',#3423,1.);
#3423 = DIRECTION('',(-0.,-1.,-0.));
#3424 = ORIENTED_EDGE('',*,*,#3425,.T.);
#3425 = EDGE_CURVE('',#3418,#3426,#3428,.T.);
#3426 = VERTEX_POINT('',#3427);
#3427 = CARTESIAN_POINT('',(13.050431536947,0.,-31.02199028283));
#3428 = CIRCLE('',#3429,1.5);
#3429 = AXIS2_PLACEMENT_3D('',#3430,#3431,#3432);
#3430 = CARTESIAN_POINT('',(13.050431536947,0.,-29.52199028283));
#3431 = DIRECTION('',(0.,1.,0.));
#3432 = DIRECTION('',(0.,-0.,1.));
#3433 = ORIENTED_EDGE('',*,*,#3434,.F.);
#3434 = EDGE_CURVE('',#3409,#3426,#3435,.T.);
#3435 = LINE('',#3436,#3437);
#3436 = CARTESIAN_POINT('',(13.050431536947,2.,-31.02199028283));
#3437 = VECTOR('',#3438,1.);
#3438 = DIRECTION('',(-0.,-1.,-0.));
#3439 = CYLINDRICAL_SURFACE('',#3440,1.5);
#3440 = AXIS2_PLACEMENT_3D('',#3441,#3442,#3443);
#3441 = CARTESIAN_POINT('',(13.050431536947,2.,-29.52199028283));
#3442 = DIRECTION('',(-0.,-1.,-0.));
#3443 = DIRECTION('',(0.,0.,-1.));
#3444 = ADVANCED_FACE('',(#3445),#3463,.T.);
#3445 = FACE_BOUND('',#3446,.T.);
#3446 = EDGE_LOOP('',(#3447,#3448,#3455,#3456));
#3447 = ORIENTED_EDGE('',*,*,#3417,.F.);
#3448 = ORIENTED_EDGE('',*,*,#3449,.F.);
#3449 = EDGE_CURVE('',#3409,#3407,#3450,.T.);
#3450 = CIRCLE('',#3451,1.5);
#3451 = AXIS2_PLACEMENT_3D('',#3452,#3453,#3454);
#3452 = CARTESIAN_POINT('',(13.050431536947,2.,-29.52199028283));
#3453 = DIRECTION('',(0.,1.,0.));
#3454 = DIRECTION('',(0.,-0.,1.));
#3455 = ORIENTED_EDGE('',*,*,#3434,.T.);
#3456 = ORIENTED_EDGE('',*,*,#3457,.T.);
#3457 = EDGE_CURVE('',#3426,#3418,#3458,.T.);
#3458 = CIRCLE('',#3459,1.5);
#3459 = AXIS2_PLACEMENT_3D('',#3460,#3461,#3462);
#3460 = CARTESIAN_POINT('',(13.050431536947,0.,-29.52199028283));
#3461 = DIRECTION('',(0.,1.,0.));
#3462 = DIRECTION('',(0.,-0.,1.));
#3463 = CYLINDRICAL_SURFACE('',#3464,1.5);
#3464 = AXIS2_PLACEMENT_3D('',#3465,#3466,#3467);
#3465 = CARTESIAN_POINT('',(13.050431536947,2.,-29.52199028283));
#3466 = DIRECTION('',(-0.,-1.,-0.));
#3467 = DIRECTION('',(0.,0.,-1.));
#3468 = ADVANCED_FACE('',(#3469),#3473,.T.);
#3469 = FACE_BOUND('',#3470,.T.);
#3470 = EDGE_LOOP('',(#3471,#3472));
#3471 = ORIENTED_EDGE('',*,*,#3449,.T.);
#3472 = ORIENTED_EDGE('',*,*,#3406,.T.);
#3473 = PLANE('',#3474);
#3474 = AXIS2_PLACEMENT_3D('',#3475,#3476,#3477);
#3475 = CARTESIAN_POINT('',(13.050431536947,2.,-29.52199028283));
#3476 = DIRECTION('',(0.,1.,0.));
#3477 = DIRECTION('',(0.,-0.,1.));
#3478 = ADVANCED_FACE('',(#3479),#3483,.F.);
#3479 = FACE_BOUND('',#3480,.T.);
#3480 = EDGE_LOOP('',(#3481,#3482));
#3481 = ORIENTED_EDGE('',*,*,#3457,.F.);
#3482 = ORIENTED_EDGE('',*,*,#3425,.F.);
#3483 = PLANE('',#3484);
#3484 = AXIS2_PLACEMENT_3D('',#3485,#3486,#3487);
#3485 = CARTESIAN_POINT('',(13.050431536947,0.,-29.52199028283));
#3486 = DIRECTION('',(0.,1.,0.));
#3487 = DIRECTION('',(0.,-0.,1.));
#3488 = MANIFOLD_SOLID_BREP('',#3489);
#3489 = CLOSED_SHELL('',(#3490,#3532,#3556,#3566));
#3490 = ADVANCED_FACE('',(#3491),#3527,.T.);
#3491 = FACE_BOUND('',#3492,.T.);
#3492 = EDGE_LOOP('',(#3493,#3504,#3512,#3521));
#3493 = ORIENTED_EDGE('',*,*,#3494,.F.);
#3494 = EDGE_CURVE('',#3495,#3497,#3499,.T.);
#3495 = VERTEX_POINT('',#3496);
#3496 = CARTESIAN_POINT('',(17.050431536947,2.,-28.02199028283));
#3497 = VERTEX_POINT('',#3498);
#3498 = CARTESIAN_POINT('',(17.050431536947,2.,-31.02199028283));
#3499 = CIRCLE('',#3500,1.5);
#3500 = AXIS2_PLACEMENT_3D('',#3501,#3502,#3503);
#3501 = CARTESIAN_POINT('',(17.050431536947,2.,-29.52199028283));
#3502 = DIRECTION('',(0.,1.,0.));
#3503 = DIRECTION('',(0.,-0.,1.));
#3504 = ORIENTED_EDGE('',*,*,#3505,.T.);
#3505 = EDGE_CURVE('',#3495,#3506,#3508,.T.);
#3506 = VERTEX_POINT('',#3507);
#3507 = CARTESIAN_POINT('',(17.050431536947,0.,-28.02199028283));
#3508 = LINE('',#3509,#3510);
#3509 = CARTESIAN_POINT('',(17.050431536947,2.,-28.02199028283));
#3510 = VECTOR('',#3511,1.);
#3511 = DIRECTION('',(-0.,-1.,-0.));
#3512 = ORIENTED_EDGE('',*,*,#3513,.T.);
#3513 = EDGE_CURVE('',#3506,#3514,#3516,.T.);
#3514 = VERTEX_POINT('',#3515);
#3515 = CARTESIAN_POINT('',(17.050431536947,0.,-31.02199028283));
#3516 = CIRCLE('',#3517,1.5);
#3517 = AXIS2_PLACEMENT_3D('',#3518,#3519,#3520);
#3518 = CARTESIAN_POINT('',(17.050431536947,0.,-29.52199028283));
#3519 = DIRECTION('',(0.,1.,0.));
#3520 = DIRECTION('',(0.,-0.,1.));
#3521 = ORIENTED_EDGE('',*,*,#3522,.F.);
#3522 = EDGE_CURVE('',#3497,#3514,#3523,.T.);
#3523 = LINE('',#3524,#3525);
#3524 = CARTESIAN_POINT('',(17.050431536947,2.,-31.02199028283));
#3525 = VECTOR('',#3526,1.);
#3526 = DIRECTION('',(-0.,-1.,-0.));
#3527 = CYLINDRICAL_SURFACE('',#3528,1.5);
#3528 = AXIS2_PLACEMENT_3D('',#3529,#3530,#3531);
#3529 = CARTESIAN_POINT('',(17.050431536947,2.,-29.52199028283));
#3530 = DIRECTION('',(-0.,-1.,-0.));
#3531 = DIRECTION('',(0.,0.,-1.));
#3532 = ADVANCED_FACE('',(#3533),#3551,.T.);
#3533 = FACE_BOUND('',#3534,.T.);
#3534 = EDGE_LOOP('',(#3535,#3536,#3543,#3544));
#3535 = ORIENTED_EDGE('',*,*,#3505,.F.);
#3536 = ORIENTED_EDGE('',*,*,#3537,.F.);
#3537 = EDGE_CURVE('',#3497,#3495,#3538,.T.);
#3538 = CIRCLE('',#3539,1.5);
#3539 = AXIS2_PLACEMENT_3D('',#3540,#3541,#3542);
#3540 = CARTESIAN_POINT('',(17.050431536947,2.,-29.52199028283));
#3541 = DIRECTION('',(0.,1.,0.));
#3542 = DIRECTION('',(0.,-0.,1.));
#3543 = ORIENTED_EDGE('',*,*,#3522,.T.);
#3544 = ORIENTED_EDGE('',*,*,#3545,.T.);
#3545 = EDGE_CURVE('',#3514,#3506,#3546,.T.);
#3546 = CIRCLE('',#3547,1.5);
#3547 = AXIS2_PLACEMENT_3D('',#3548,#3549,#3550);
#3548 = CARTESIAN_POINT('',(17.050431536947,0.,-29.52199028283));
#3549 = DIRECTION('',(0.,1.,0.));
#3550 = DIRECTION('',(0.,-0.,1.));
#3551 = CYLINDRICAL_SURFACE('',#3552,1.5);
#3552 = AXIS2_PLACEMENT_3D('',#3553,#3554,#3555);
#3553 = CARTESIAN_POINT('',(17.050431536947,2.,-29.52199028283));
#3554 = DIRECTION('',(-0.,-1.,-0.));
#3555 = DIRECTION('',(0.,0.,-1.));
#3556 = ADVANCED_FACE('',(#3557),#3561,.T.);
#3557 = FACE_BOUND('',#3558,.T.);
#3558 = EDGE_LOOP('',(#3559,#3560));
#3559 = ORIENTED_EDGE('',*,*,#3537,.T.);
#3560 = ORIENTED_EDGE('',*,*,#3494,.T.);
#3561 = PLANE('',#3562);
#3562 = AXIS2_PLACEMENT_3D('',#3563,#3564,#3565);
#3563 = CARTESIAN_POINT('',(17.050431536947,2.,-29.52199028283));
#3564 = DIRECTION('',(0.,1.,0.));
#3565 = DIRECTION('',(0.,-0.,1.));
#3566 = ADVANCED_FACE('',(#3567),#3571,.F.);
#3567 = FACE_BOUND('',#3568,.T.);
#3568 = EDGE_LOOP('',(#3569,#3570));
#3569 = ORIENTED_EDGE('',*,*,#3545,.F.);
#3570 = ORIENTED_EDGE('',*,*,#3513,.F.);
#3571 = PLANE('',#3572);
#3572 = AXIS2_PLACEMENT_3D('',#3573,#3574,#3575);
#3573 = CARTESIAN_POINT('',(17.050431536947,0.,-29.52199028283));
#3574 = DIRECTION('',(0.,1.,0.));
#3575 = DIRECTION('',(0.,-0.,1.));
#3576 = MANIFOLD_SOLID_BREP('',#3577);
#3577 = CLOSED_SHELL('',(#3578,#3620,#3644,#3654));
#3578 = ADVANCED_FACE('',(#3579),#3615,.T.);
#3579 = FACE_BOUND('',#3580,.T.);
#3580 = EDGE_LOOP('',(#3581,#3592,#3600,#3609));
#3581 = ORIENTED_EDGE('',*,*,#3582,.F.);
#3582 = EDGE_CURVE('',#3583,#3585,#3587,.T.);
#3583 = VERTEX_POINT('',#3584);
#3584 = CARTESIAN_POINT('',(21.050431536947,2.,-28.02199028283));
#3585 = VERTEX_POINT('',#3586);
#3586 = CARTESIAN_POINT('',(21.050431536947,2.,-31.02199028283));
#3587 = CIRCLE('',#3588,1.5);
#3588 = AXIS2_PLACEMENT_3D('',#3589,#3590,#3591);
#3589 = CARTESIAN_POINT('',(21.050431536947,2.,-29.52199028283));
#3590 = DIRECTION('',(0.,1.,0.));
#3591 = DIRECTION('',(0.,-0.,1.));
#3592 = ORIENTED_EDGE('',*,*,#3593,.T.);
#3593 = EDGE_CURVE('',#3583,#3594,#3596,.T.);
#3594 = VERTEX_POINT('',#3595);
#3595 = CARTESIAN_POINT('',(21.050431536947,0.,-28.02199028283));
#3596 = LINE('',#3597,#3598);
#3597 = CARTESIAN_POINT('',(21.050431536947,2.,-28.02199028283));
#3598 = VECTOR('',#3599,1.);
#3599 = DIRECTION('',(-0.,-1.,-0.));
#3600 = ORIENTED_EDGE('',*,*,#3601,.T.);
#3601 = EDGE_CURVE('',#3594,#3602,#3604,.T.);
#3602 = VERTEX_POINT('',#3603);
#3603 = CARTESIAN_POINT('',(21.050431536947,0.,-31.02199028283));
#3604 = CIRCLE('',#3605,1.5);
#3605 = AXIS2_PLACEMENT_3D('',#3606,#3607,#3608);
#3606 = CARTESIAN_POINT('',(21.050431536947,0.,-29.52199028283));
#3607 = DIRECTION('',(0.,1.,0.));
#3608 = DIRECTION('',(0.,-0.,1.));
#3609 = ORIENTED_EDGE('',*,*,#3610,.F.);
#3610 = EDGE_CURVE('',#3585,#3602,#3611,.T.);
#3611 = LINE('',#3612,#3613);
#3612 = CARTESIAN_POINT('',(21.050431536947,2.,-31.02199028283));
#3613 = VECTOR('',#3614,1.);
#3614 = DIRECTION('',(-0.,-1.,-0.));
#3615 = CYLINDRICAL_SURFACE('',#3616,1.5);
#3616 = AXIS2_PLACEMENT_3D('',#3617,#3618,#3619);
#3617 = CARTESIAN_POINT('',(21.050431536947,2.,-29.52199028283));
#3618 = DIRECTION('',(-0.,-1.,-0.));
#3619 = DIRECTION('',(0.,0.,-1.));
#3620 = ADVANCED_FACE('',(#3621),#3639,.T.);
#3621 = FACE_BOUND('',#3622,.T.);
#3622 = EDGE_LOOP('',(#3623,#3624,#3631,#3632));
#3623 = ORIENTED_EDGE('',*,*,#3593,.F.);
#3624 = ORIENTED_EDGE('',*,*,#3625,.F.);
#3625 = EDGE_CURVE('',#3585,#3583,#3626,.T.);
#3626 = CIRCLE('',#3627,1.5);
#3627 = AXIS2_PLACEMENT_3D('',#3628,#3629,#3630);
#3628 = CARTESIAN_POINT('',(21.050431536947,2.,-29.52199028283));
#3629 = DIRECTION('',(0.,1.,0.));
#3630 = DIRECTION('',(0.,-0.,1.));
#3631 = ORIENTED_EDGE('',*,*,#3610,.T.);
#3632 = ORIENTED_EDGE('',*,*,#3633,.T.);
#3633 = EDGE_CURVE('',#3602,#3594,#3634,.T.);
#3634 = CIRCLE('',#3635,1.5);
#3635 = AXIS2_PLACEMENT_3D('',#3636,#3637,#3638);
#3636 = CARTESIAN_POINT('',(21.050431536947,0.,-29.52199028283));
#3637 = DIRECTION('',(0.,1.,0.));
#3638 = DIRECTION('',(0.,-0.,1.));
#3639 = CYLINDRICAL_SURFACE('',#3640,1.5);
#3640 = AXIS2_PLACEMENT_3D('',#3641,#3642,#3643);
#3641 = CARTESIAN_POINT('',(21.050431536947,2.,-29.52199028283));
#3642 = DIRECTION('',(-0.,-1.,-0.));
#3643 = DIRECTION('',(0.,0.,-1.));
#3644 = ADVANCED_FACE('',(#3645),#3649,.T.);
#3645 = FACE_BOUND('',#3646,.T.);
#3646 = EDGE_LOOP('',(#3647,#3648));
#3647 = ORIENTED_EDGE('',*,*,#3625,.T.);
#3648 = ORIENTED_EDGE('',*,*,#3582,.T.);
#3649 = PLANE('',#3650);
#3650 = AXIS2_PLACEMENT_3D('',#3651,#3652,#3653);
#3651 = CARTESIAN_POINT('',(21.050431536947,2.,-29.52199028283));
#3652 = DIRECTION('',(0.,1.,0.));
#3653 = DIRECTION('',(0.,-0.,1.));
#3654 = ADVANCED_FACE('',(#3655),#3659,.F.);
#3655 = FACE_BOUND('',#3656,.T.);
#3656 = EDGE_LOOP('',(#3657,#3658));
#3657 = ORIENTED_EDGE('',*,*,#3633,.F.);
#3658 = ORIENTED_EDGE('',*,*,#3601,.F.);
#3659 = PLANE('',#3660);
#3660 = AXIS2_PLACEMENT_3D('',#3661,#3662,#3663);
#3661 = CARTESIAN_POINT('',(21.050431536947,0.,-29.52199028283));
#3662 = DIRECTION('',(0.,1.,0.));
#3663 = DIRECTION('',(0.,-0.,1.));
#3664 = MANIFOLD_SOLID_BREP('',#3665);
#3665 = CLOSED_SHELL('',(#3666,#3708,#3732,#3742));
#3666 = ADVANCED_FACE('',(#3667),#3703,.T.);
#3667 = FACE_BOUND('',#3668,.T.);
#3668 = EDGE_LOOP('',(#3669,#3680,#3688,#3697));
#3669 = ORIENTED_EDGE('',*,*,#3670,.F.);
#3670 = EDGE_CURVE('',#3671,#3673,#3675,.T.);
#3671 = VERTEX_POINT('',#3672);
#3672 = CARTESIAN_POINT('',(25.050431536947,2.,-28.02199028283));
#3673 = VERTEX_POINT('',#3674);
#3674 = CARTESIAN_POINT('',(25.050431536947,2.,-31.02199028283));
#3675 = CIRCLE('',#3676,1.5);
#3676 = AXIS2_PLACEMENT_3D('',#3677,#3678,#3679);
#3677 = CARTESIAN_POINT('',(25.050431536947,2.,-29.52199028283));
#3678 = DIRECTION('',(0.,1.,0.));
#3679 = DIRECTION('',(0.,-0.,1.));
#3680 = ORIENTED_EDGE('',*,*,#3681,.T.);
#3681 = EDGE_CURVE('',#3671,#3682,#3684,.T.);
#3682 = VERTEX_POINT('',#3683);
#3683 = CARTESIAN_POINT('',(25.050431536947,0.,-28.02199028283));
#3684 = LINE('',#3685,#3686);
#3685 = CARTESIAN_POINT('',(25.050431536947,2.,-28.02199028283));
#3686 = VECTOR('',#3687,1.);
#3687 = DIRECTION('',(-0.,-1.,-0.));
#3688 = ORIENTED_EDGE('',*,*,#3689,.T.);
#3689 = EDGE_CURVE('',#3682,#3690,#3692,.T.);
#3690 = VERTEX_POINT('',#3691);
#3691 = CARTESIAN_POINT('',(25.050431536947,0.,-31.02199028283));
#3692 = CIRCLE('',#3693,1.5);
#3693 = AXIS2_PLACEMENT_3D('',#3694,#3695,#3696);
#3694 = CARTESIAN_POINT('',(25.050431536947,0.,-29.52199028283));
#3695 = DIRECTION('',(0.,1.,0.));
#3696 = DIRECTION('',(0.,-0.,1.));
#3697 = ORIENTED_EDGE('',*,*,#3698,.F.);
#3698 = EDGE_CURVE('',#3673,#3690,#3699,.T.);
#3699 = LINE('',#3700,#3701);
#3700 = CARTESIAN_POINT('',(25.050431536947,2.,-31.02199028283));
#3701 = VECTOR('',#3702,1.);
#3702 = DIRECTION('',(-0.,-1.,-0.));
#3703 = CYLINDRICAL_SURFACE('',#3704,1.5);
#3704 = AXIS2_PLACEMENT_3D('',#3705,#3706,#3707);
#3705 = CARTESIAN_POINT('',(25.050431536947,2.,-29.52199028283));
#3706 = DIRECTION('',(-0.,-1.,-0.));
#3707 = DIRECTION('',(0.,0.,-1.));
#3708 = ADVANCED_FACE('',(#3709),#3727,.T.);
#3709 = FACE_BOUND('',#3710,.T.);
#3710 = EDGE_LOOP('',(#3711,#3712,#3719,#3720));
#3711 = ORIENTED_EDGE('',*,*,#3681,.F.);
#3712 = ORIENTED_EDGE('',*,*,#3713,.F.);
#3713 = EDGE_CURVE('',#3673,#3671,#3714,.T.);
#3714 = CIRCLE('',#3715,1.5);
#3715 = AXIS2_PLACEMENT_3D('',#3716,#3717,#3718);
#3716 = CARTESIAN_POINT('',(25.050431536947,2.,-29.52199028283));
#3717 = DIRECTION('',(0.,1.,0.));
#3718 = DIRECTION('',(0.,-0.,1.));
#3719 = ORIENTED_EDGE('',*,*,#3698,.T.);
#3720 = ORIENTED_EDGE('',*,*,#3721,.T.);
#3721 = EDGE_CURVE('',#3690,#3682,#3722,.T.);
#3722 = CIRCLE('',#3723,1.5);
#3723 = AXIS2_PLACEMENT_3D('',#3724,#3725,#3726);
#3724 = CARTESIAN_POINT('',(25.050431536947,0.,-29.52199028283));
#3725 = DIRECTION('',(0.,1.,0.));
#3726 = DIRECTION('',(0.,-0.,1.));
#3727 = CYLINDRICAL_SURFACE('',#3728,1.5);
#3728 = AXIS2_PLACEMENT_3D('',#3729,#3730,#3731);
#3729 = CARTESIAN_POINT('',(25.050431536947,2.,-29.52199028283));
#3730 = DIRECTION('',(-0.,-1.,-0.));
#3731 = DIRECTION('',(0.,0.,-1.));
#3732 = ADVANCED_FACE('',(#3733),#3737,.T.);
#3733 = FACE_BOUND('',#3734,.T.);
#3734 = EDGE_LOOP('',(#3735,#3736));
#3735 = ORIENTED_EDGE('',*,*,#3713,.T.);
#3736 = ORIENTED_EDGE('',*,*,#3670,.T.);
#3737 = PLANE('',#3738);
#3738 = AXIS2_PLACEMENT_3D('',#3739,#3740,#3741);
#3739 = CARTESIAN_POINT('',(25.050431536947,2.,-29.52199028283));
#3740 = DIRECTION('',(0.,1.,0.));
#3741 = DIRECTION('',(0.,-0.,1.));
#3742 = ADVANCED_FACE('',(#3743),#3747,.F.);
#3743 = FACE_BOUND('',#3744,.T.);
#3744 = EDGE_LOOP('',(#3745,#3746));
#3745 = ORIENTED_EDGE('',*,*,#3721,.F.);
#3746 = ORIENTED_EDGE('',*,*,#3689,.F.);
#3747 = PLANE('',#3748);
#3748 = AXIS2_PLACEMENT_3D('',#3749,#3750,#3751);
#3749 = CARTESIAN_POINT('',(25.050431536947,0.,-29.52199028283));
#3750 = DIRECTION('',(0.,1.,0.));
#3751 = DIRECTION('',(0.,-0.,1.));
#3752 = MANIFOLD_SOLID_BREP('',#3753);
#3753 = CLOSED_SHELL('',(#3754,#3796,#3820,#3830));
#3754 = ADVANCED_FACE('',(#3755),#3791,.T.);
#3755 = FACE_BOUND('',#3756,.T.);
#3756 = EDGE_LOOP('',(#3757,#3768,#3776,#3785));
#3757 = ORIENTED_EDGE('',*,*,#3758,.F.);
#3758 = EDGE_CURVE('',#3759,#3761,#3763,.T.);
#3759 = VERTEX_POINT('',#3760);
#3760 = CARTESIAN_POINT('',(29.050431536947,2.,-28.02199028283));
#3761 = VERTEX_POINT('',#3762);
#3762 = CARTESIAN_POINT('',(29.050431536947,2.,-31.02199028283));
#3763 = CIRCLE('',#3764,1.5);
#3764 = AXIS2_PLACEMENT_3D('',#3765,#3766,#3767);
#3765 = CARTESIAN_POINT('',(29.050431536947,2.,-29.52199028283));
#3766 = DIRECTION('',(0.,1.,0.));
#3767 = DIRECTION('',(0.,-0.,1.));
#3768 = ORIENTED_EDGE('',*,*,#3769,.T.);
#3769 = EDGE_CURVE('',#3759,#3770,#3772,.T.);
#3770 = VERTEX_POINT('',#3771);
#3771 = CARTESIAN_POINT('',(29.050431536947,0.,-28.02199028283));
#3772 = LINE('',#3773,#3774);
#3773 = CARTESIAN_POINT('',(29.050431536947,2.,-28.02199028283));
#3774 = VECTOR('',#3775,1.);
#3775 = DIRECTION('',(-0.,-1.,-0.));
#3776 = ORIENTED_EDGE('',*,*,#3777,.T.);
#3777 = EDGE_CURVE('',#3770,#3778,#3780,.T.);
#3778 = VERTEX_POINT('',#3779);
#3779 = CARTESIAN_POINT('',(29.050431536947,0.,-31.02199028283));
#3780 = CIRCLE('',#3781,1.5);
#3781 = AXIS2_PLACEMENT_3D('',#3782,#3783,#3784);
#3782 = CARTESIAN_POINT('',(29.050431536947,0.,-29.52199028283));
#3783 = DIRECTION('',(0.,1.,0.));
#3784 = DIRECTION('',(0.,-0.,1.));
#3785 = ORIENTED_EDGE('',*,*,#3786,.F.);
#3786 = EDGE_CURVE('',#3761,#3778,#3787,.T.);
#3787 = LINE('',#3788,#3789);
#3788 = CARTESIAN_POINT('',(29.050431536947,2.,-31.02199028283));
#3789 = VECTOR('',#3790,1.);
#3790 = DIRECTION('',(-0.,-1.,-0.));
#3791 = CYLINDRICAL_SURFACE('',#3792,1.5);
#3792 = AXIS2_PLACEMENT_3D('',#3793,#3794,#3795);
#3793 = CARTESIAN_POINT('',(29.050431536947,2.,-29.52199028283));
#3794 = DIRECTION('',(-0.,-1.,-0.));
#3795 = DIRECTION('',(0.,0.,-1.));
#3796 = ADVANCED_FACE('',(#3797),#3815,.T.);
#3797 = FACE_BOUND('',#3798,.T.);
#3798 = EDGE_LOOP('',(#3799,#3800,#3807,#3808));
#3799 = ORIENTED_EDGE('',*,*,#3769,.F.);
#3800 = ORIENTED_EDGE('',*,*,#3801,.F.);
#3801 = EDGE_CURVE('',#3761,#3759,#3802,.T.);
#3802 = CIRCLE('',#3803,1.5);
#3803 = AXIS2_PLACEMENT_3D('',#3804,#3805,#3806);
#3804 = CARTESIAN_POINT('',(29.050431536947,2.,-29.52199028283));
#3805 = DIRECTION('',(0.,1.,0.));
#3806 = DIRECTION('',(0.,-0.,1.));
#3807 = ORIENTED_EDGE('',*,*,#3786,.T.);
#3808 = ORIENTED_EDGE('',*,*,#3809,.T.);
#3809 = EDGE_CURVE('',#3778,#3770,#3810,.T.);
#3810 = CIRCLE('',#3811,1.5);
#3811 = AXIS2_PLACEMENT_3D('',#3812,#3813,#3814);
#3812 = CARTESIAN_POINT('',(29.050431536947,0.,-29.52199028283));
#3813 = DIRECTION('',(0.,1.,0.));
#3814 = DIRECTION('',(0.,-0.,1.));
#3815 = CYLINDRICAL_SURFACE('',#3816,1.5);
#3816 = AXIS2_PLACEMENT_3D('',#3817,#3818,#3819);
#3817 = CARTESIAN_POINT('',(29.050431536947,2.,-29.52199028283));
#3818 = DIRECTION('',(-0.,-1.,-0.));
#3819 = DIRECTION('',(0.,0.,-1.));
#3820 = ADVANCED_FACE('',(#3821),#3825,.T.);
#3821 = FACE_BOUND('',#3822,.T.);
#3822 = EDGE_LOOP('',(#3823,#3824));
#3823 = ORIENTED_EDGE('',*,*,#3801,.T.);
#3824 = ORIENTED_EDGE('',*,*,#3758,.T.);
#3825 = PLANE('',#3826);
#3826 = AXIS2_PLACEMENT_3D('',#3827,#3828,#3829);
#3827 = CARTESIAN_POINT('',(29.050431536947,2.,-29.52199028283));
#3828 = DIRECTION('',(0.,1.,0.));
#3829 = DIRECTION('',(0.,-0.,1.));
#3830 = ADVANCED_FACE('',(#3831),#3835,.F.);
#3831 = FACE_BOUND('',#3832,.T.);
#3832 = EDGE_LOOP('',(#3833,#3834));
#3833 = ORIENTED_EDGE('',*,*,#3809,.F.);
#3834 = ORIENTED_EDGE('',*,*,#3777,.F.);
#3835 = PLANE('',#3836);
#3836 = AXIS2_PLACEMENT_3D('',#3837,#3838,#3839);
#3837 = CARTESIAN_POINT('',(29.050431536947,0.,-29.52199028283));
#3838 = DIRECTION('',(0.,1.,0.));
#3839 = DIRECTION('',(0.,-0.,1.));
#3840 = MANIFOLD_SOLID_BREP('',#3841);
#3841 = CLOSED_SHELL('',(#3842,#3884,#3908,#3918));
#3842 = ADVANCED_FACE('',(#3843),#3879,.T.);
#3843 = FACE_BOUND('',#3844,.T.);
#3844 = EDGE_LOOP('',(#3845,#3856,#3864,#3873));
#3845 = ORIENTED_EDGE('',*,*,#3846,.F.);
#3846 = EDGE_CURVE('',#3847,#3849,#3851,.T.);
#3847 = VERTEX_POINT('',#3848);
#3848 = CARTESIAN_POINT('',(33.050431536947,2.,-28.02199028283));
#3849 = VERTEX_POINT('',#3850);
#3850 = CARTESIAN_POINT('',(33.050431536947,2.,-31.02199028283));
#3851 = CIRCLE('',#3852,1.5);
#3852 = AXIS2_PLACEMENT_3D('',#3853,#3854,#3855);
#3853 = CARTESIAN_POINT('',(33.050431536947,2.,-29.52199028283));
#3854 = DIRECTION('',(0.,1.,0.));
#3855 = DIRECTION('',(0.,-0.,1.));
#3856 = ORIENTED_EDGE('',*,*,#3857,.T.);
#3857 = EDGE_CURVE('',#3847,#3858,#3860,.T.);
#3858 = VERTEX_POINT('',#3859);
#3859 = CARTESIAN_POINT('',(33.050431536947,0.,-28.02199028283));
#3860 = LINE('',#3861,#3862);
#3861 = CARTESIAN_POINT('',(33.050431536947,2.,-28.02199028283));
#3862 = VECTOR('',#3863,1.);
#3863 = DIRECTION('',(-0.,-1.,-0.));
#3864 = ORIENTED_EDGE('',*,*,#3865,.T.);
#3865 = EDGE_CURVE('',#3858,#3866,#3868,.T.);
#3866 = VERTEX_POINT('',#3867);
#3867 = CARTESIAN_POINT('',(33.050431536947,0.,-31.02199028283));
#3868 = CIRCLE('',#3869,1.5);
#3869 = AXIS2_PLACEMENT_3D('',#3870,#3871,#3872);
#3870 = CARTESIAN_POINT('',(33.050431536947,0.,-29.52199028283));
#3871 = DIRECTION('',(0.,1.,0.));
#3872 = DIRECTION('',(0.,-0.,1.));
#3873 = ORIENTED_EDGE('',*,*,#3874,.F.);
#3874 = EDGE_CURVE('',#3849,#3866,#3875,.T.);
#3875 = LINE('',#3876,#3877);
#3876 = CARTESIAN_POINT('',(33.050431536947,2.,-31.02199028283));
#3877 = VECTOR('',#3878,1.);
#3878 = DIRECTION('',(-0.,-1.,-0.));
#3879 = CYLINDRICAL_SURFACE('',#3880,1.5);
#3880 = AXIS2_PLACEMENT_3D('',#3881,#3882,#3883);
#3881 = CARTESIAN_POINT('',(33.050431536947,2.,-29.52199028283));
#3882 = DIRECTION('',(-0.,-1.,-0.));
#3883 = DIRECTION('',(0.,0.,-1.));
#3884 = ADVANCED_FACE('',(#3885),#3903,.T.);
#3885 = FACE_BOUND('',#3886,.T.);
#3886 = EDGE_LOOP('',(#3887,#3888,#3895,#3896));
#3887 = ORIENTED_EDGE('',*,*,#3857,.F.);
#3888 = ORIENTED_EDGE('',*,*,#3889,.F.);
#3889 = EDGE_CURVE('',#3849,#3847,#3890,.T.);
#3890 = CIRCLE('',#3891,1.5);
#3891 = AXIS2_PLACEMENT_3D('',#3892,#3893,#3894);
#3892 = CARTESIAN_POINT('',(33.050431536947,2.,-29.52199028283));
#3893 = DIRECTION('',(0.,1.,0.));
#3894 = DIRECTION('',(0.,-0.,1.));
#3895 = ORIENTED_EDGE('',*,*,#3874,.T.);
#3896 = ORIENTED_EDGE('',*,*,#3897,.T.);
#3897 = EDGE_CURVE('',#3866,#3858,#3898,.T.);
#3898 = CIRCLE('',#3899,1.5);
#3899 = AXIS2_PLACEMENT_3D('',#3900,#3901,#3902);
#3900 = CARTESIAN_POINT('',(33.050431536947,0.,-29.52199028283));
#3901 = DIRECTION('',(0.,1.,0.));
#3902 = DIRECTION('',(0.,-0.,1.));
#3903 = CYLINDRICAL_SURFACE('',#3904,1.5);
#3904 = AXIS2_PLACEMENT_3D('',#3905,#3906,#3907);
#3905 = CARTESIAN_POINT('',(33.050431536947,2.,-29.52199028283));
#3906 = DIRECTION('',(-0.,-1.,-0.));
#3907 = DIRECTION('',(0.,0.,-1.));
#3908 = ADVANCED_FACE('',(#3909),#3913,.T.);
#3909 = FACE_BOUND('',#3910,.T.);
#3910 = EDGE_LOOP('',(#3911,#3912));
#3911 = ORIENTED_EDGE('',*,*,#3889,.T.);
#3912 = ORIENTED_EDGE('',*,*,#3846,.T.);
#3913 = PLANE('',#3914);
#3914 = AXIS2_PLACEMENT_3D('',#3915,#3916,#3917);
#3915 = CARTESIAN_POINT('',(33.050431536947,2.,-29.52199028283));
#3916 = DIRECTION('',(0.,1.,0.));
#3917 = DIRECTION('',(0.,-0.,1.));
#3918 = ADVANCED_FACE('',(#3919),#3923,.F.);
#3919 = FACE_BOUND('',#3920,.T.);
#3920 = EDGE_LOOP('',(#3921,#3922));
#3921 = ORIENTED_EDGE('',*,*,#3897,.F.);
#3922 = ORIENTED_EDGE('',*,*,#3865,.F.);
#3923 = PLANE('',#3924);
#3924 = AXIS2_PLACEMENT_3D('',#3925,#3926,#3927);
#3925 = CARTESIAN_POINT('',(33.050431536947,0.,-29.52199028283));
#3926 = DIRECTION('',(0.,1.,0.));
#3927 = DIRECTION('',(0.,-0.,1.));
#3928 = MANIFOLD_SOLID_BREP('',#3929);
#3929 = CLOSED_SHELL('',(#3930,#3972,#3996,#4006));
#3930 = ADVANCED_FACE('',(#3931),#3967,.T.);
#3931 = FACE_BOUND('',#3932,.T.);
#3932 = EDGE_LOOP('',(#3933,#3944,#3952,#3961));
#3933 = ORIENTED_EDGE('',*,*,#3934,.F.);
#3934 = EDGE_CURVE('',#3935,#3937,#3939,.T.);
#3935 = VERTEX_POINT('',#3936);
#3936 = CARTESIAN_POINT('',(9.050431536947,2.,-32.02199028283));
#3937 = VERTEX_POINT('',#3938);
#3938 = CARTESIAN_POINT('',(9.050431536947,2.,-35.02199028283));
#3939 = CIRCLE('',#3940,1.5);
#3940 = AXIS2_PLACEMENT_3D('',#3941,#3942,#3943);
#3941 = CARTESIAN_POINT('',(9.050431536947,2.,-33.52199028283));
#3942 = DIRECTION('',(0.,1.,0.));
#3943 = DIRECTION('',(0.,-0.,1.));
#3944 = ORIENTED_EDGE('',*,*,#3945,.T.);
#3945 = EDGE_CURVE('',#3935,#3946,#3948,.T.);
#3946 = VERTEX_POINT('',#3947);
#3947 = CARTESIAN_POINT('',(9.050431536947,0.,-32.02199028283));
#3948 = LINE('',#3949,#3950);
#3949 = CARTESIAN_POINT('',(9.050431536947,2.,-32.02199028283));
#3950 = VECTOR('',#3951,1.);
#3951 = DIRECTION('',(-0.,-1.,-0.));
#3952 = ORIENTED_EDGE('',*,*,#3953,.T.);
#3953 = EDGE_CURVE('',#3946,#3954,#3956,.T.);
#3954 = VERTEX_POINT('',#3955);
#3955 = CARTESIAN_POINT('',(9.050431536947,0.,-35.02199028283));
#3956 = CIRCLE('',#3957,1.5);
#3957 = AXIS2_PLACEMENT_3D('',#3958,#3959,#3960);
#3958 = CARTESIAN_POINT('',(9.050431536947,0.,-33.52199028283));
#3959 = DIRECTION('',(0.,1.,0.));
#3960 = DIRECTION('',(0.,-0.,1.));
#3961 = ORIENTED_EDGE('',*,*,#3962,.F.);
#3962 = EDGE_CURVE('',#3937,#3954,#3963,.T.);
#3963 = LINE('',#3964,#3965);
#3964 = CARTESIAN_POINT('',(9.050431536947,2.,-35.02199028283));
#3965 = VECTOR('',#3966,1.);
#3966 = DIRECTION('',(-0.,-1.,-0.));
#3967 = CYLINDRICAL_SURFACE('',#3968,1.5);
#3968 = AXIS2_PLACEMENT_3D('',#3969,#3970,#3971);
#3969 = CARTESIAN_POINT('',(9.050431536947,2.,-33.52199028283));
#3970 = DIRECTION('',(-0.,-1.,-0.));
#3971 = DIRECTION('',(0.,0.,-1.));
#3972 = ADVANCED_FACE('',(#3973),#3991,.T.);
#3973 = FACE_BOUND('',#3974,.T.);
#3974 = EDGE_LOOP('',(#3975,#3976,#3983,#3984));
#3975 = ORIENTED_EDGE('',*,*,#3945,.F.);
#3976 = ORIENTED_EDGE('',*,*,#3977,.F.);
#3977 = EDGE_CURVE('',#3937,#3935,#3978,.T.);
#3978 = CIRCLE('',#3979,1.5);
#3979 = AXIS2_PLACEMENT_3D('',#3980,#3981,#3982);
#3980 = CARTESIAN_POINT('',(9.050431536947,2.,-33.52199028283));
#3981 = DIRECTION('',(0.,1.,0.));
#3982 = DIRECTION('',(0.,-0.,1.));
#3983 = ORIENTED_EDGE('',*,*,#3962,.T.);
#3984 = ORIENTED_EDGE('',*,*,#3985,.T.);
#3985 = EDGE_CURVE('',#3954,#3946,#3986,.T.);
#3986 = CIRCLE('',#3987,1.5);
#3987 = AXIS2_PLACEMENT_3D('',#3988,#3989,#3990);
#3988 = CARTESIAN_POINT('',(9.050431536947,0.,-33.52199028283));
#3989 = DIRECTION('',(0.,1.,0.));
#3990 = DIRECTION('',(0.,-0.,1.));
#3991 = CYLINDRICAL_SURFACE('',#3992,1.5);
#3992 = AXIS2_PLACEMENT_3D('',#3993,#3994,#3995);
#3993 = CARTESIAN_POINT('',(9.050431536947,2.,-33.52199028283));
#3994 = DIRECTION('',(-0.,-1.,-0.));
#3995 = DIRECTION('',(0.,0.,-1.));
#3996 = ADVANCED_FACE('',(#3997),#4001,.T.);
#3997 = FACE_BOUND('',#3998,.T.);
#3998 = EDGE_LOOP('',(#3999,#4000));
#3999 = ORIENTED_EDGE('',*,*,#3977,.T.);
#4000 = ORIENTED_EDGE('',*,*,#3934,.T.);
#4001 = PLANE('',#4002);
#4002 = AXIS2_PLACEMENT_3D('',#4003,#4004,#4005);
#4003 = CARTESIAN_POINT('',(9.050431536947,2.,-33.52199028283));
#4004 = DIRECTION('',(0.,1.,0.));
#4005 = DIRECTION('',(0.,-0.,1.));
#4006 = ADVANCED_FACE('',(#4007),#4011,.F.);
#4007 = FACE_BOUND('',#4008,.T.);
#4008 = EDGE_LOOP('',(#4009,#4010));
#4009 = ORIENTED_EDGE('',*,*,#3985,.F.);
#4010 = ORIENTED_EDGE('',*,*,#3953,.F.);
#4011 = PLANE('',#4012);
#4012 = AXIS2_PLACEMENT_3D('',#4013,#4014,#4015);
#4013 = CARTESIAN_POINT('',(9.050431536947,0.,-33.52199028283));
#4014 = DIRECTION('',(0.,1.,0.));
#4015 = DIRECTION('',(0.,-0.,1.));
#4016 = MANIFOLD_SOLID_BREP('',#4017);
#4017 = CLOSED_SHELL('',(#4018,#4060,#4084,#4094));
#4018 = ADVANCED_FACE('',(#4019),#4055,.T.);
#4019 = FACE_BOUND('',#4020,.T.);
#4020 = EDGE_LOOP('',(#4021,#4032,#4040,#4049));
#4021 = ORIENTED_EDGE('',*,*,#4022,.F.);
#4022 = EDGE_CURVE('',#4023,#4025,#4027,.T.);
#4023 = VERTEX_POINT('',#4024);
#4024 = CARTESIAN_POINT('',(13.050431536947,2.,-32.02199028283));
#4025 = VERTEX_POINT('',#4026);
#4026 = CARTESIAN_POINT('',(13.050431536947,2.,-35.02199028283));
#4027 = CIRCLE('',#4028,1.5);
#4028 = AXIS2_PLACEMENT_3D('',#4029,#4030,#4031);
#4029 = CARTESIAN_POINT('',(13.050431536947,2.,-33.52199028283));
#4030 = DIRECTION('',(0.,1.,0.));
#4031 = DIRECTION('',(0.,-0.,1.));
#4032 = ORIENTED_EDGE('',*,*,#4033,.T.);
#4033 = EDGE_CURVE('',#4023,#4034,#4036,.T.);
#4034 = VERTEX_POINT('',#4035);
#4035 = CARTESIAN_POINT('',(13.050431536947,0.,-32.02199028283));
#4036 = LINE('',#4037,#4038);
#4037 = CARTESIAN_POINT('',(13.050431536947,2.,-32.02199028283));
#4038 = VECTOR('',#4039,1.);
#4039 = DIRECTION('',(-0.,-1.,-0.));
#4040 = ORIENTED_EDGE('',*,*,#4041,.T.);
#4041 = EDGE_CURVE('',#4034,#4042,#4044,.T.);
#4042 = VERTEX_POINT('',#4043);
#4043 = CARTESIAN_POINT('',(13.050431536947,0.,-35.02199028283));
#4044 = CIRCLE('',#4045,1.5);
#4045 = AXIS2_PLACEMENT_3D('',#4046,#4047,#4048);
#4046 = CARTESIAN_POINT('',(13.050431536947,0.,-33.52199028283));
#4047 = DIRECTION('',(0.,1.,0.));
#4048 = DIRECTION('',(0.,-0.,1.));
#4049 = ORIENTED_EDGE('',*,*,#4050,.F.);
#4050 = EDGE_CURVE('',#4025,#4042,#4051,.T.);
#4051 = LINE('',#4052,#4053);
#4052 = CARTESIAN_POINT('',(13.050431536947,2.,-35.02199028283));
#4053 = VECTOR('',#4054,1.);
#4054 = DIRECTION('',(-0.,-1.,-0.));
#4055 = CYLINDRICAL_SURFACE('',#4056,1.5);
#4056 = AXIS2_PLACEMENT_3D('',#4057,#4058,#4059);
#4057 = CARTESIAN_POINT('',(13.050431536947,2.,-33.52199028283));
#4058 = DIRECTION('',(-0.,-1.,-0.));
#4059 = DIRECTION('',(0.,0.,-1.));
#4060 = ADVANCED_FACE('',(#4061),#4079,.T.);
#4061 = FACE_BOUND('',#4062,.T.);
#4062 = EDGE_LOOP('',(#4063,#4064,#4071,#4072));
#4063 = ORIENTED_EDGE('',*,*,#4033,.F.);
#4064 = ORIENTED_EDGE('',*,*,#4065,.F.);
#4065 = EDGE_CURVE('',#4025,#4023,#4066,.T.);
#4066 = CIRCLE('',#4067,1.5);
#4067 = AXIS2_PLACEMENT_3D('',#4068,#4069,#4070);
#4068 = CARTESIAN_POINT('',(13.050431536947,2.,-33.52199028283));
#4069 = DIRECTION('',(0.,1.,0.));
#4070 = DIRECTION('',(0.,-0.,1.));
#4071 = ORIENTED_EDGE('',*,*,#4050,.T.);
#4072 = ORIENTED_EDGE('',*,*,#4073,.T.);
#4073 = EDGE_CURVE('',#4042,#4034,#4074,.T.);
#4074 = CIRCLE('',#4075,1.5);
#4075 = AXIS2_PLACEMENT_3D('',#4076,#4077,#4078);
#4076 = CARTESIAN_POINT('',(13.050431536947,0.,-33.52199028283));
#4077 = DIRECTION('',(0.,1.,0.));
#4078 = DIRECTION('',(0.,-0.,1.));
#4079 = CYLINDRICAL_SURFACE('',#4080,1.5);
#4080 = AXIS2_PLACEMENT_3D('',#4081,#4082,#4083);
#4081 = CARTESIAN_POINT('',(13.050431536947,2.,-33.52199028283));
#4082 = DIRECTION('',(-0.,-1.,-0.));
#4083 = DIRECTION('',(0.,0.,-1.));
#4084 = ADVANCED_FACE('',(#4085),#4089,.T.);
#4085 = FACE_BOUND('',#4086,.T.);
#4086 = EDGE_LOOP('',(#4087,#4088));
#4087 = ORIENTED_EDGE('',*,*,#4065,.T.);
#4088 = ORIENTED_EDGE('',*,*,#4022,.T.);
#4089 = PLANE('',#4090);
#4090 = AXIS2_PLACEMENT_3D('',#4091,#4092,#4093);
#4091 = CARTESIAN_POINT('',(13.050431536947,2.,-33.52199028283));
#4092 = DIRECTION('',(0.,1.,0.));
#4093 = DIRECTION('',(0.,-0.,1.));
#4094 = ADVANCED_FACE('',(#4095),#4099,.F.);
#4095 = FACE_BOUND('',#4096,.T.);
#4096 = EDGE_LOOP('',(#4097,#4098));
#4097 = ORIENTED_EDGE('',*,*,#4073,.F.);
#4098 = ORIENTED_EDGE('',*,*,#4041,.F.);
#4099 = PLANE('',#4100);
#4100 = AXIS2_PLACEMENT_3D('',#4101,#4102,#4103);
#4101 = CARTESIAN_POINT('',(13.050431536947,0.,-33.52199028283));
#4102 = DIRECTION('',(0.,1.,0.));
#4103 = DIRECTION('',(0.,-0.,1.));
#4104 = MANIFOLD_SOLID_BREP('',#4105);
#4105 = CLOSED_SHELL('',(#4106,#4148,#4172,#4182));
#4106 = ADVANCED_FACE('',(#4107),#4143,.T.);
#4107 = FACE_BOUND('',#4108,.T.);
#4108 = EDGE_LOOP('',(#4109,#4120,#4128,#4137));
#4109 = ORIENTED_EDGE('',*,*,#4110,.F.);
#4110 = EDGE_CURVE('',#4111,#4113,#4115,.T.);
#4111 = VERTEX_POINT('',#4112);
#4112 = CARTESIAN_POINT('',(17.050431536947,2.,-32.02199028283));
#4113 = VERTEX_POINT('',#4114);
#4114 = CARTESIAN_POINT('',(17.050431536947,2.,-35.02199028283));
#4115 = CIRCLE('',#4116,1.5);
#4116 = AXIS2_PLACEMENT_3D('',#4117,#4118,#4119);
#4117 = CARTESIAN_POINT('',(17.050431536947,2.,-33.52199028283));
#4118 = DIRECTION('',(0.,1.,0.));
#4119 = DIRECTION('',(0.,-0.,1.));
#4120 = ORIENTED_EDGE('',*,*,#4121,.T.);
#4121 = EDGE_CURVE('',#4111,#4122,#4124,.T.);
#4122 = VERTEX_POINT('',#4123);
#4123 = CARTESIAN_POINT('',(17.050431536947,0.,-32.02199028283));
#4124 = LINE('',#4125,#4126);
#4125 = CARTESIAN_POINT('',(17.050431536947,2.,-32.02199028283));
#4126 = VECTOR('',#4127,1.);
#4127 = DIRECTION('',(-0.,-1.,-0.));
#4128 = ORIENTED_EDGE('',*,*,#4129,.T.);
#4129 = EDGE_CURVE('',#4122,#4130,#4132,.T.);
#4130 = VERTEX_POINT('',#4131);
#4131 = CARTESIAN_POINT('',(17.050431536947,0.,-35.02199028283));
#4132 = CIRCLE('',#4133,1.5);
#4133 = AXIS2_PLACEMENT_3D('',#4134,#4135,#4136);
#4134 = CARTESIAN_POINT('',(17.050431536947,0.,-33.52199028283));
#4135 = DIRECTION('',(0.,1.,0.));
#4136 = DIRECTION('',(0.,-0.,1.));
#4137 = ORIENTED_EDGE('',*,*,#4138,.F.);
#4138 = EDGE_CURVE('',#4113,#4130,#4139,.T.);
#4139 = LINE('',#4140,#4141);
#4140 = CARTESIAN_POINT('',(17.050431536947,2.,-35.02199028283));
#4141 = VECTOR('',#4142,1.);
#4142 = DIRECTION('',(-0.,-1.,-0.));
#4143 = CYLINDRICAL_SURFACE('',#4144,1.5);
#4144 = AXIS2_PLACEMENT_3D('',#4145,#4146,#4147);
#4145 = CARTESIAN_POINT('',(17.050431536947,2.,-33.52199028283));
#4146 = DIRECTION('',(-0.,-1.,-0.));
#4147 = DIRECTION('',(0.,0.,-1.));
#4148 = ADVANCED_FACE('',(#4149),#4167,.T.);
#4149 = FACE_BOUND('',#4150,.T.);
#4150 = EDGE_LOOP('',(#4151,#4152,#4159,#4160));
#4151 = ORIENTED_EDGE('',*,*,#4121,.F.);
#4152 = ORIENTED_EDGE('',*,*,#4153,.F.);
#4153 = EDGE_CURVE('',#4113,#4111,#4154,.T.);
#4154 = CIRCLE('',#4155,1.5);
#4155 = AXIS2_PLACEMENT_3D('',#4156,#4157,#4158);
#4156 = CARTESIAN_POINT('',(17.050431536947,2.,-33.52199028283));
#4157 = DIRECTION('',(0.,1.,0.));
#4158 = DIRECTION('',(0.,-0.,1.));
#4159 = ORIENTED_EDGE('',*,*,#4138,.T.);
#4160 = ORIENTED_EDGE('',*,*,#4161,.T.);
#4161 = EDGE_CURVE('',#4130,#4122,#4162,.T.);
#4162 = CIRCLE('',#4163,1.5);
#4163 = AXIS2_PLACEMENT_3D('',#4164,#4165,#4166);
#4164 = CARTESIAN_POINT('',(17.050431536947,0.,-33.52199028283));
#4165 = DIRECTION('',(0.,1.,0.));
#4166 = DIRECTION('',(0.,-0.,1.));
#4167 = CYLINDRICAL_SURFACE('',#4168,1.5);
#4168 = AXIS2_PLACEMENT_3D('',#4169,#4170,#4171);
#4169 = CARTESIAN_POINT('',(17.050431536947,2.,-33.52199028283));
#4170 = DIRECTION('',(-0.,-1.,-0.));
#4171 = DIRECTION('',(0.,0.,-1.));
#4172 = ADVANCED_FACE('',(#4173),#4177,.T.);
#4173 = FACE_BOUND('',#4174,.T.);
#4174 = EDGE_LOOP('',(#4175,#4176));
#4175 = ORIENTED_EDGE('',*,*,#4153,.T.);
#4176 = ORIENTED_EDGE('',*,*,#4110,.T.);
#4177 = PLANE('',#4178);
#4178 = AXIS2_PLACEMENT_3D('',#4179,#4180,#4181);
#4179 = CARTESIAN_POINT('',(17.050431536947,2.,-33.52199028283));
#4180 = DIRECTION('',(0.,1.,0.));
#4181 = DIRECTION('',(0.,-0.,1.));
#4182 = ADVANCED_FACE('',(#4183),#4187,.F.);
#4183 = FACE_BOUND('',#4184,.T.);
#4184 = EDGE_LOOP('',(#4185,#4186));
#4185 = ORIENTED_EDGE('',*,*,#4161,.F.);
#4186 = ORIENTED_EDGE('',*,*,#4129,.F.);
#4187 = PLANE('',#4188);
#4188 = AXIS2_PLACEMENT_3D('',#4189,#4190,#4191);
#4189 = CARTESIAN_POINT('',(17.050431536947,0.,-33.52199028283));
#4190 = DIRECTION('',(0.,1.,0.));
#4191 = DIRECTION('',(0.,-0.,1.));
#4192 = MANIFOLD_SOLID_BREP('',#4193);
#4193 = CLOSED_SHELL('',(#4194,#4236,#4260,#4270));
#4194 = ADVANCED_FACE('',(#4195),#4231,.T.);
#4195 = FACE_BOUND('',#4196,.T.);
#4196 = EDGE_LOOP('',(#4197,#4208,#4216,#4225));
#4197 = ORIENTED_EDGE('',*,*,#4198,.F.);
#4198 = EDGE_CURVE('',#4199,#4201,#4203,.T.);
#4199 = VERTEX_POINT('',#4200);
#4200 = CARTESIAN_POINT('',(21.050431536947,2.,-32.02199028283));
#4201 = VERTEX_POINT('',#4202);
#4202 = CARTESIAN_POINT('',(21.050431536947,2.,-35.02199028283));
#4203 = CIRCLE('',#4204,1.5);
#4204 = AXIS2_PLACEMENT_3D('',#4205,#4206,#4207);
#4205 = CARTESIAN_POINT('',(21.050431536947,2.,-33.52199028283));
#4206 = DIRECTION('',(0.,1.,0.));
#4207 = DIRECTION('',(0.,-0.,1.));
#4208 = ORIENTED_EDGE('',*,*,#4209,.T.);
#4209 = EDGE_CURVE('',#4199,#4210,#4212,.T.);
#4210 = VERTEX_POINT('',#4211);
#4211 = CARTESIAN_POINT('',(21.050431536947,0.,-32.02199028283));
#4212 = LINE('',#4213,#4214);
#4213 = CARTESIAN_POINT('',(21.050431536947,2.,-32.02199028283));
#4214 = VECTOR('',#4215,1.);
#4215 = DIRECTION('',(-0.,-1.,-0.));
#4216 = ORIENTED_EDGE('',*,*,#4217,.T.);
#4217 = EDGE_CURVE('',#4210,#4218,#4220,.T.);
#4218 = VERTEX_POINT('',#4219);
#4219 = CARTESIAN_POINT('',(21.050431536947,0.,-35.02199028283));
#4220 = CIRCLE('',#4221,1.5);
#4221 = AXIS2_PLACEMENT_3D('',#4222,#4223,#4224);
#4222 = CARTESIAN_POINT('',(21.050431536947,0.,-33.52199028283));
#4223 = DIRECTION('',(0.,1.,0.));
#4224 = DIRECTION('',(0.,-0.,1.));
#4225 = ORIENTED_EDGE('',*,*,#4226,.F.);
#4226 = EDGE_CURVE('',#4201,#4218,#4227,.T.);
#4227 = LINE('',#4228,#4229);
#4228 = CARTESIAN_POINT('',(21.050431536947,2.,-35.02199028283));
#4229 = VECTOR('',#4230,1.);
#4230 = DIRECTION('',(-0.,-1.,-0.));
#4231 = CYLINDRICAL_SURFACE('',#4232,1.5);
#4232 = AXIS2_PLACEMENT_3D('',#4233,#4234,#4235);
#4233 = CARTESIAN_POINT('',(21.050431536947,2.,-33.52199028283));
#4234 = DIRECTION('',(-0.,-1.,-0.));
#4235 = DIRECTION('',(0.,0.,-1.));
#4236 = ADVANCED_FACE('',(#4237),#4255,.T.);
#4237 = FACE_BOUND('',#4238,.T.);
#4238 = EDGE_LOOP('',(#4239,#4240,#4247,#4248));
#4239 = ORIENTED_EDGE('',*,*,#4209,.F.);
#4240 = ORIENTED_EDGE('',*,*,#4241,.F.);
#4241 = EDGE_CURVE('',#4201,#4199,#4242,.T.);
#4242 = CIRCLE('',#4243,1.5);
#4243 = AXIS2_PLACEMENT_3D('',#4244,#4245,#4246);
#4244 = CARTESIAN_POINT('',(21.050431536947,2.,-33.52199028283));
#4245 = DIRECTION('',(0.,1.,0.));
#4246 = DIRECTION('',(0.,-0.,1.));
#4247 = ORIENTED_EDGE('',*,*,#4226,.T.);
#4248 = ORIENTED_EDGE('',*,*,#4249,.T.);
#4249 = EDGE_CURVE('',#4218,#4210,#4250,.T.);
#4250 = CIRCLE('',#4251,1.5);
#4251 = AXIS2_PLACEMENT_3D('',#4252,#4253,#4254);
#4252 = CARTESIAN_POINT('',(21.050431536947,0.,-33.52199028283));
#4253 = DIRECTION('',(0.,1.,0.));
#4254 = DIRECTION('',(0.,-0.,1.));
#4255 = CYLINDRICAL_SURFACE('',#4256,1.5);
#4256 = AXIS2_PLACEMENT_3D('',#4257,#4258,#4259);
#4257 = CARTESIAN_POINT('',(21.050431536947,2.,-33.52199028283));
#4258 = DIRECTION('',(-0.,-1.,-0.));
#4259 = DIRECTION('',(0.,0.,-1.));
#4260 = ADVANCED_FACE('',(#4261),#4265,.T.);
#4261 = FACE_BOUND('',#4262,.T.);
#4262 = EDGE_LOOP('',(#4263,#4264));
#4263 = ORIENTED_EDGE('',*,*,#4241,.T.);
#4264 = ORIENTED_EDGE('',*,*,#4198,.T.);
#4265 = PLANE('',#4266);
#4266 = AXIS2_PLACEMENT_3D('',#4267,#4268,#4269);
#4267 = CARTESIAN_POINT('',(21.050431536947,2.,-33.52199028283));
#4268 = DIRECTION('',(0.,1.,0.));
#4269 = DIRECTION('',(0.,-0.,1.));
#4270 = ADVANCED_FACE('',(#4271),#4275,.F.);
#4271 = FACE_BOUND('',#4272,.T.);
#4272 = EDGE_LOOP('',(#4273,#4274));
#4273 = ORIENTED_EDGE('',*,*,#4249,.F.);
#4274 = ORIENTED_EDGE('',*,*,#4217,.F.);
#4275 = PLANE('',#4276);
#4276 = AXIS2_PLACEMENT_3D('',#4277,#4278,#4279);
#4277 = CARTESIAN_POINT('',(21.050431536947,0.,-33.52199028283));
#4278 = DIRECTION('',(0.,1.,0.));
#4279 = DIRECTION('',(0.,-0.,1.));
#4280 = MANIFOLD_SOLID_BREP('',#4281);
#4281 = CLOSED_SHELL('',(#4282,#4324,#4348,#4358));
#4282 = ADVANCED_FACE('',(#4283),#4319,.T.);
#4283 = FACE_BOUND('',#4284,.T.);
#4284 = EDGE_LOOP('',(#4285,#4296,#4304,#4313));
#4285 = ORIENTED_EDGE('',*,*,#4286,.F.);
#4286 = EDGE_CURVE('',#4287,#4289,#4291,.T.);
#4287 = VERTEX_POINT('',#4288);
#4288 = CARTESIAN_POINT('',(25.050431536947,2.,-32.02199028283));
#4289 = VERTEX_POINT('',#4290);
#4290 = CARTESIAN_POINT('',(25.050431536947,2.,-35.02199028283));
#4291 = CIRCLE('',#4292,1.5);
#4292 = AXIS2_PLACEMENT_3D('',#4293,#4294,#4295);
#4293 = CARTESIAN_POINT('',(25.050431536947,2.,-33.52199028283));
#4294 = DIRECTION('',(0.,1.,0.));
#4295 = DIRECTION('',(0.,-0.,1.));
#4296 = ORIENTED_EDGE('',*,*,#4297,.T.);
#4297 = EDGE_CURVE('',#4287,#4298,#4300,.T.);
#4298 = VERTEX_POINT('',#4299);
#4299 = CARTESIAN_POINT('',(25.050431536947,0.,-32.02199028283));
#4300 = LINE('',#4301,#4302);
#4301 = CARTESIAN_POINT('',(25.050431536947,2.,-32.02199028283));
#4302 = VECTOR('',#4303,1.);
#4303 = DIRECTION('',(-0.,-1.,-0.));
#4304 = ORIENTED_EDGE('',*,*,#4305,.T.);
#4305 = EDGE_CURVE('',#4298,#4306,#4308,.T.);
#4306 = VERTEX_POINT('',#4307);
#4307 = CARTESIAN_POINT('',(25.050431536947,0.,-35.02199028283));
#4308 = CIRCLE('',#4309,1.5);
#4309 = AXIS2_PLACEMENT_3D('',#4310,#4311,#4312);
#4310 = CARTESIAN_POINT('',(25.050431536947,0.,-33.52199028283));
#4311 = DIRECTION('',(0.,1.,0.));
#4312 = DIRECTION('',(0.,-0.,1.));
#4313 = ORIENTED_EDGE('',*,*,#4314,.F.);
#4314 = EDGE_CURVE('',#4289,#4306,#4315,.T.);
#4315 = LINE('',#4316,#4317);
#4316 = CARTESIAN_POINT('',(25.050431536947,2.,-35.02199028283));
#4317 = VECTOR('',#4318,1.);
#4318 = DIRECTION('',(-0.,-1.,-0.));
#4319 = CYLINDRICAL_SURFACE('',#4320,1.5);
#4320 = AXIS2_PLACEMENT_3D('',#4321,#4322,#4323);
#4321 = CARTESIAN_POINT('',(25.050431536947,2.,-33.52199028283));
#4322 = DIRECTION('',(-0.,-1.,-0.));
#4323 = DIRECTION('',(0.,0.,-1.));
#4324 = ADVANCED_FACE('',(#4325),#4343,.T.);
#4325 = FACE_BOUND('',#4326,.T.);
#4326 = EDGE_LOOP('',(#4327,#4328,#4335,#4336));
#4327 = ORIENTED_EDGE('',*,*,#4297,.F.);
#4328 = ORIENTED_EDGE('',*,*,#4329,.F.);
#4329 = EDGE_CURVE('',#4289,#4287,#4330,.T.);
#4330 = CIRCLE('',#4331,1.5);
#4331 = AXIS2_PLACEMENT_3D('',#4332,#4333,#4334);
#4332 = CARTESIAN_POINT('',(25.050431536947,2.,-33.52199028283));
#4333 = DIRECTION('',(0.,1.,0.));
#4334 = DIRECTION('',(0.,-0.,1.));
#4335 = ORIENTED_EDGE('',*,*,#4314,.T.);
#4336 = ORIENTED_EDGE('',*,*,#4337,.T.);
#4337 = EDGE_CURVE('',#4306,#4298,#4338,.T.);
#4338 = CIRCLE('',#4339,1.5);
#4339 = AXIS2_PLACEMENT_3D('',#4340,#4341,#4342);
#4340 = CARTESIAN_POINT('',(25.050431536947,0.,-33.52199028283));
#4341 = DIRECTION('',(0.,1.,0.));
#4342 = DIRECTION('',(0.,-0.,1.));
#4343 = CYLINDRICAL_SURFACE('',#4344,1.5);
#4344 = AXIS2_PLACEMENT_3D('',#4345,#4346,#4347);
#4345 = CARTESIAN_POINT('',(25.050431536947,2.,-33.52199028283));
#4346 = DIRECTION('',(-0.,-1.,-0.));
#4347 = DIRECTION('',(0.,0.,-1.));
#4348 = ADVANCED_FACE('',(#4349),#4353,.T.);
#4349 = FACE_BOUND('',#4350,.T.);
#4350 = EDGE_LOOP('',(#4351,#4352));
#4351 = ORIENTED_EDGE('',*,*,#4329,.T.);
#4352 = ORIENTED_EDGE('',*,*,#4286,.T.);
#4353 = PLANE('',#4354);
#4354 = AXIS2_PLACEMENT_3D('',#4355,#4356,#4357);
#4355 = CARTESIAN_POINT('',(25.050431536947,2.,-33.52199028283));
#4356 = DIRECTION('',(0.,1.,0.));
#4357 = DIRECTION('',(0.,-0.,1.));
#4358 = ADVANCED_FACE('',(#4359),#4363,.F.);
#4359 = FACE_BOUND('',#4360,.T.);
#4360 = EDGE_LOOP('',(#4361,#4362));
#4361 = ORIENTED_EDGE('',*,*,#4337,.F.);
#4362 = ORIENTED_EDGE('',*,*,#4305,.F.);
#4363 = PLANE('',#4364);
#4364 = AXIS2_PLACEMENT_3D('',#4365,#4366,#4367);
#4365 = CARTESIAN_POINT('',(25.050431536947,0.,-33.52199028283));
#4366 = DIRECTION('',(0.,1.,0.));
#4367 = DIRECTION('',(0.,-0.,1.));
#4368 = MANIFOLD_SOLID_BREP('',#4369);
#4369 = CLOSED_SHELL('',(#4370,#4412,#4436,#4446));
#4370 = ADVANCED_FACE('',(#4371),#4407,.T.);
#4371 = FACE_BOUND('',#4372,.T.);
#4372 = EDGE_LOOP('',(#4373,#4384,#4392,#4401));
#4373 = ORIENTED_EDGE('',*,*,#4374,.F.);
#4374 = EDGE_CURVE('',#4375,#4377,#4379,.T.);
#4375 = VERTEX_POINT('',#4376);
#4376 = CARTESIAN_POINT('',(29.050431536947,2.,-32.02199028283));
#4377 = VERTEX_POINT('',#4378);
#4378 = CARTESIAN_POINT('',(29.050431536947,2.,-35.02199028283));
#4379 = CIRCLE('',#4380,1.5);
#4380 = AXIS2_PLACEMENT_3D('',#4381,#4382,#4383);
#4381 = CARTESIAN_POINT('',(29.050431536947,2.,-33.52199028283));
#4382 = DIRECTION('',(0.,1.,0.));
#4383 = DIRECTION('',(0.,-0.,1.));
#4384 = ORIENTED_EDGE('',*,*,#4385,.T.);
#4385 = EDGE_CURVE('',#4375,#4386,#4388,.T.);
#4386 = VERTEX_POINT('',#4387);
#4387 = CARTESIAN_POINT('',(29.050431536947,0.,-32.02199028283));
#4388 = LINE('',#4389,#4390);
#4389 = CARTESIAN_POINT('',(29.050431536947,2.,-32.02199028283));
#4390 = VECTOR('',#4391,1.);
#4391 = DIRECTION('',(-0.,-1.,-0.));
#4392 = ORIENTED_EDGE('',*,*,#4393,.T.);
#4393 = EDGE_CURVE('',#4386,#4394,#4396,.T.);
#4394 = VERTEX_POINT('',#4395);
#4395 = CARTESIAN_POINT('',(29.050431536947,0.,-35.02199028283));
#4396 = CIRCLE('',#4397,1.5);
#4397 = AXIS2_PLACEMENT_3D('',#4398,#4399,#4400);
#4398 = CARTESIAN_POINT('',(29.050431536947,0.,-33.52199028283));
#4399 = DIRECTION('',(0.,1.,0.));
#4400 = DIRECTION('',(0.,-0.,1.));
#4401 = ORIENTED_EDGE('',*,*,#4402,.F.);
#4402 = EDGE_CURVE('',#4377,#4394,#4403,.T.);
#4403 = LINE('',#4404,#4405);
#4404 = CARTESIAN_POINT('',(29.050431536947,2.,-35.02199028283));
#4405 = VECTOR('',#4406,1.);
#4406 = DIRECTION('',(-0.,-1.,-0.));
#4407 = CYLINDRICAL_SURFACE('',#4408,1.5);
#4408 = AXIS2_PLACEMENT_3D('',#4409,#4410,#4411);
#4409 = CARTESIAN_POINT('',(29.050431536947,2.,-33.52199028283));
#4410 = DIRECTION('',(-0.,-1.,-0.));
#4411 = DIRECTION('',(0.,0.,-1.));
#4412 = ADVANCED_FACE('',(#4413),#4431,.T.);
#4413 = FACE_BOUND('',#4414,.T.);
#4414 = EDGE_LOOP('',(#4415,#4416,#4423,#4424));
#4415 = ORIENTED_EDGE('',*,*,#4385,.F.);
#4416 = ORIENTED_EDGE('',*,*,#4417,.F.);
#4417 = EDGE_CURVE('',#4377,#4375,#4418,.T.);
#4418 = CIRCLE('',#4419,1.5);
#4419 = AXIS2_PLACEMENT_3D('',#4420,#4421,#4422);
#4420 = CARTESIAN_POINT('',(29.050431536947,2.,-33.52199028283));
#4421 = DIRECTION('',(0.,1.,0.));
#4422 = DIRECTION('',(0.,-0.,1.));
#4423 = ORIENTED_EDGE('',*,*,#4402,.T.);
#4424 = ORIENTED_EDGE('',*,*,#4425,.T.);
#4425 = EDGE_CURVE('',#4394,#4386,#4426,.T.);
#4426 = CIRCLE('',#4427,1.5);
#4427 = AXIS2_PLACEMENT_3D('',#4428,#4429,#4430);
#4428 = CARTESIAN_POINT('',(29.050431536947,0.,-33.52199028283));
#4429 = DIRECTION('',(0.,1.,0.));
#4430 = DIRECTION('',(0.,-0.,1.));
#4431 = CYLINDRICAL_SURFACE('',#4432,1.5);
#4432 = AXIS2_PLACEMENT_3D('',#4433,#4434,#4435);
#4433 = CARTESIAN_POINT('',(29.050431536947,2.,-33.52199028283));
#4434 = DIRECTION('',(-0.,-1.,-0.));
#4435 = DIRECTION('',(0.,0.,-1.));
#4436 = ADVANCED_FACE('',(#4437),#4441,.T.);
#4437 = FACE_BOUND('',#4438,.T.);
#4438 = EDGE_LOOP('',(#4439,#4440));
#4439 = ORIENTED_EDGE('',*,*,#4417,.T.);
#4440 = ORIENTED_EDGE('',*,*,#4374,.T.);
#4441 = PLANE('',#4442);
#4442 = AXIS2_PLACEMENT_3D('',#4443,#4444,#4445);
#4443 = CARTESIAN_POINT('',(29.050431536947,2.,-33.52199028283));
#4444 = DIRECTION('',(0.,1.,0.));
#4445 = DIRECTION('',(0.,-0.,1.));
#4446 = ADVANCED_FACE('',(#4447),#4451,.F.);
#4447 = FACE_BOUND('',#4448,.T.);
#4448 = EDGE_LOOP('',(#4449,#4450));
#4449 = ORIENTED_EDGE('',*,*,#4425,.F.);
#4450 = ORIENTED_EDGE('',*,*,#4393,.F.);
#4451 = PLANE('',#4452);
#4452 = AXIS2_PLACEMENT_3D('',#4453,#4454,#4455);
#4453 = CARTESIAN_POINT('',(29.050431536947,0.,-33.52199028283));
#4454 = DIRECTION('',(0.,1.,0.));
#4455 = DIRECTION('',(0.,-0.,1.));
#4456 = MANIFOLD_SOLID_BREP('',#4457);
#4457 = CLOSED_SHELL('',(#4458,#4500,#4524,#4534));
#4458 = ADVANCED_FACE('',(#4459),#4495,.T.);
#4459 = FACE_BOUND('',#4460,.T.);
#4460 = EDGE_LOOP('',(#4461,#4472,#4480,#4489));
#4461 = ORIENTED_EDGE('',*,*,#4462,.F.);
#4462 = EDGE_CURVE('',#4463,#4465,#4467,.T.);
#4463 = VERTEX_POINT('',#4464);
#4464 = CARTESIAN_POINT('',(33.050431536947,2.,-32.02199028283));
#4465 = VERTEX_POINT('',#4466);
#4466 = CARTESIAN_POINT('',(33.050431536947,2.,-35.02199028283));
#4467 = CIRCLE('',#4468,1.5);
#4468 = AXIS2_PLACEMENT_3D('',#4469,#4470,#4471);
#4469 = CARTESIAN_POINT('',(33.050431536947,2.,-33.52199028283));
#4470 = DIRECTION('',(0.,1.,0.));
#4471 = DIRECTION('',(0.,-0.,1.));
#4472 = ORIENTED_EDGE('',*,*,#4473,.T.);
#4473 = EDGE_CURVE('',#4463,#4474,#4476,.T.);
#4474 = VERTEX_POINT('',#4475);
#4475 = CARTESIAN_POINT('',(33.050431536947,0.,-32.02199028283));
#4476 = LINE('',#4477,#4478);
#4477 = CARTESIAN_POINT('',(33.050431536947,2.,-32.02199028283));
#4478 = VECTOR('',#4479,1.);
#4479 = DIRECTION('',(-0.,-1.,-0.));
#4480 = ORIENTED_EDGE('',*,*,#4481,.T.);
#4481 = EDGE_CURVE('',#4474,#4482,#4484,.T.);
#4482 = VERTEX_POINT('',#4483);
#4483 = CARTESIAN_POINT('',(33.050431536947,0.,-35.02199028283));
#4484 = CIRCLE('',#4485,1.5);
#4485 = AXIS2_PLACEMENT_3D('',#4486,#4487,#4488);
#4486 = CARTESIAN_POINT('',(33.050431536947,0.,-33.52199028283));
#4487 = DIRECTION('',(0.,1.,0.));
#4488 = DIRECTION('',(0.,-0.,1.));
#4489 = ORIENTED_EDGE('',*,*,#4490,.F.);
#4490 = EDGE_CURVE('',#4465,#4482,#4491,.T.);
#4491 = LINE('',#4492,#4493);
#4492 = CARTESIAN_POINT('',(33.050431536947,2.,-35.02199028283));
#4493 = VECTOR('',#4494,1.);
#4494 = DIRECTION('',(-0.,-1.,-0.));
#4495 = CYLINDRICAL_SURFACE('',#4496,1.5);
#4496 = AXIS2_PLACEMENT_3D('',#4497,#4498,#4499);
#4497 = CARTESIAN_POINT('',(33.050431536947,2.,-33.52199028283));
#4498 = DIRECTION('',(-0.,-1.,-0.));
#4499 = DIRECTION('',(0.,0.,-1.));
#4500 = ADVANCED_FACE('',(#4501),#4519,.T.);
#4501 = FACE_BOUND('',#4502,.T.);
#4502 = EDGE_LOOP('',(#4503,#4504,#4511,#4512));
#4503 = ORIENTED_EDGE('',*,*,#4473,.F.);
#4504 = ORIENTED_EDGE('',*,*,#4505,.F.);
#4505 = EDGE_CURVE('',#4465,#4463,#4506,.T.);
#4506 = CIRCLE('',#4507,1.5);
#4507 = AXIS2_PLACEMENT_3D('',#4508,#4509,#4510);
#4508 = CARTESIAN_POINT('',(33.050431536947,2.,-33.52199028283));
#4509 = DIRECTION('',(0.,1.,0.));
#4510 = DIRECTION('',(0.,-0.,1.));
#4511 = ORIENTED_EDGE('',*,*,#4490,.T.);
#4512 = ORIENTED_EDGE('',*,*,#4513,.T.);
#4513 = EDGE_CURVE('',#4482,#4474,#4514,.T.);
#4514 = CIRCLE('',#4515,1.5);
#4515 = AXIS2_PLACEMENT_3D('',#4516,#4517,#4518);
#4516 = CARTESIAN_POINT('',(33.050431536947,0.,-33.52199028283));
#4517 = DIRECTION('',(0.,1.,0.));
#4518 = DIRECTION('',(0.,-0.,1.));
#4519 = CYLINDRICAL_SURFACE('',#4520,1.5);
#4520 = AXIS2_PLACEMENT_3D('',#4521,#4522,#4523);
#4521 = CARTESIAN_POINT('',(33.050431536947,2.,-33.52199028283));
#4522 = DIRECTION('',(-0.,-1.,-0.));
#4523 = DIRECTION('',(0.,0.,-1.));
#4524 = ADVANCED_FACE('',(#4525),#4529,.T.);
#4525 = FACE_BOUND('',#4526,.T.);
#4526 = EDGE_LOOP('',(#4527,#4528));
#4527 = ORIENTED_EDGE('',*,*,#4505,.T.);
#4528 = ORIENTED_EDGE('',*,*,#4462,.T.);
#4529 = PLANE('',#4530);
#4530 = AXIS2_PLACEMENT_3D('',#4531,#4532,#4533);
#4531 = CARTESIAN_POINT('',(33.050431536947,2.,-33.52199028283));
#4532 = DIRECTION('',(0.,1.,0.));
#4533 = DIRECTION('',(0.,-0.,1.));
#4534 = ADVANCED_FACE('',(#4535),#4539,.F.);
#4535 = FACE_BOUND('',#4536,.T.);
#4536 = EDGE_LOOP('',(#4537,#4538));
#4537 = ORIENTED_EDGE('',*,*,#4513,.F.);
#4538 = ORIENTED_EDGE('',*,*,#4481,.F.);
#4539 = PLANE('',#4540);
#4540 = AXIS2_PLACEMENT_3D('',#4541,#4542,#4543);
#4541 = CARTESIAN_POINT('',(33.050431536947,0.,-33.52199028283));
#4542 = DIRECTION('',(0.,1.,0.));
#4543 = DIRECTION('',(0.,-0.,1.));
#4544 = MANIFOLD_SOLID_BREP('',#4545);
#4545 = CLOSED_SHELL('',(#4546,#4588,#4612,#4622));
#4546 = ADVANCED_FACE('',(#4547),#4583,.T.);
#4547 = FACE_BOUND('',#4548,.T.);
#4548 = EDGE_LOOP('',(#4549,#4560,#4568,#4577));
#4549 = ORIENTED_EDGE('',*,*,#4550,.F.);
#4550 = EDGE_CURVE('',#4551,#4553,#4555,.T.);
#4551 = VERTEX_POINT('',#4552);
#4552 = CARTESIAN_POINT('',(9.050431536947,2.,-36.02199028283));
#4553 = VERTEX_POINT('',#4554);
#4554 = CARTESIAN_POINT('',(9.050431536947,2.,-39.02199028283));
#4555 = CIRCLE('',#4556,1.5);
#4556 = AXIS2_PLACEMENT_3D('',#4557,#4558,#4559);
#4557 = CARTESIAN_POINT('',(9.050431536947,2.,-37.52199028283));
#4558 = DIRECTION('',(0.,1.,0.));
#4559 = DIRECTION('',(0.,-0.,1.));
#4560 = ORIENTED_EDGE('',*,*,#4561,.T.);
#4561 = EDGE_CURVE('',#4551,#4562,#4564,.T.);
#4562 = VERTEX_POINT('',#4563);
#4563 = CARTESIAN_POINT('',(9.050431536947,0.,-36.02199028283));
#4564 = LINE('',#4565,#4566);
#4565 = CARTESIAN_POINT('',(9.050431536947,2.,-36.02199028283));
#4566 = VECTOR('',#4567,1.);
#4567 = DIRECTION('',(-0.,-1.,-0.));
#4568 = ORIENTED_EDGE('',*,*,#4569,.T.);
#4569 = EDGE_CURVE('',#4562,#4570,#4572,.T.);
#4570 = VERTEX_POINT('',#4571);
#4571 = CARTESIAN_POINT('',(9.050431536947,0.,-39.02199028283));
#4572 = CIRCLE('',#4573,1.5);
#4573 = AXIS2_PLACEMENT_3D('',#4574,#4575,#4576);
#4574 = CARTESIAN_POINT('',(9.050431536947,0.,-37.52199028283));
#4575 = DIRECTION('',(0.,1.,0.));
#4576 = DIRECTION('',(0.,-0.,1.));
#4577 = ORIENTED_EDGE('',*,*,#4578,.F.);
#4578 = EDGE_CURVE('',#4553,#4570,#4579,.T.);
#4579 = LINE('',#4580,#4581);
#4580 = CARTESIAN_POINT('',(9.050431536947,2.,-39.02199028283));
#4581 = VECTOR('',#4582,1.);
#4582 = DIRECTION('',(-0.,-1.,-0.));
#4583 = CYLINDRICAL_SURFACE('',#4584,1.5);
#4584 = AXIS2_PLACEMENT_3D('',#4585,#4586,#4587);
#4585 = CARTESIAN_POINT('',(9.050431536947,2.,-37.52199028283));
#4586 = DIRECTION('',(-0.,-1.,-0.));
#4587 = DIRECTION('',(0.,0.,-1.));
#4588 = ADVANCED_FACE('',(#4589),#4607,.T.);
#4589 = FACE_BOUND('',#4590,.T.);
#4590 = EDGE_LOOP('',(#4591,#4592,#4599,#4600));
#4591 = ORIENTED_EDGE('',*,*,#4561,.F.);
#4592 = ORIENTED_EDGE('',*,*,#4593,.F.);
#4593 = EDGE_CURVE('',#4553,#4551,#4594,.T.);
#4594 = CIRCLE('',#4595,1.5);
#4595 = AXIS2_PLACEMENT_3D('',#4596,#4597,#4598);
#4596 = CARTESIAN_POINT('',(9.050431536947,2.,-37.52199028283));
#4597 = DIRECTION('',(0.,1.,0.));
#4598 = DIRECTION('',(0.,-0.,1.));
#4599 = ORIENTED_EDGE('',*,*,#4578,.T.);
#4600 = ORIENTED_EDGE('',*,*,#4601,.T.);
#4601 = EDGE_CURVE('',#4570,#4562,#4602,.T.);
#4602 = CIRCLE('',#4603,1.5);
#4603 = AXIS2_PLACEMENT_3D('',#4604,#4605,#4606);
#4604 = CARTESIAN_POINT('',(9.050431536947,0.,-37.52199028283));
#4605 = DIRECTION('',(0.,1.,0.));
#4606 = DIRECTION('',(0.,-0.,1.));
#4607 = CYLINDRICAL_SURFACE('',#4608,1.5);
#4608 = AXIS2_PLACEMENT_3D('',#4609,#4610,#4611);
#4609 = CARTESIAN_POINT('',(9.050431536947,2.,-37.52199028283));
#4610 = DIRECTION('',(-0.,-1.,-0.));
#4611 = DIRECTION('',(0.,0.,-1.));
#4612 = ADVANCED_FACE('',(#4613),#4617,.T.);
#4613 = FACE_BOUND('',#4614,.T.);
#4614 = EDGE_LOOP('',(#4615,#4616));
#4615 = ORIENTED_EDGE('',*,*,#4593,.T.);
#4616 = ORIENTED_EDGE('',*,*,#4550,.T.);
#4617 = PLANE('',#4618);
#4618 = AXIS2_PLACEMENT_3D('',#4619,#4620,#4621);
#4619 = CARTESIAN_POINT('',(9.050431536947,2.,-37.52199028283));
#4620 = DIRECTION('',(0.,1.,0.));
#4621 = DIRECTION('',(0.,-0.,1.));
#4622 = ADVANCED_FACE('',(#4623),#4627,.F.);
#4623 = FACE_BOUND('',#4624,.T.);
#4624 = EDGE_LOOP('',(#4625,#4626));
#4625 = ORIENTED_EDGE('',*,*,#4601,.F.);
#4626 = ORIENTED_EDGE('',*,*,#4569,.F.);
#4627 = PLANE('',#4628);
#4628 = AXIS2_PLACEMENT_3D('',#4629,#4630,#4631);
#4629 = CARTESIAN_POINT('',(9.050431536947,0.,-37.52199028283));
#4630 = DIRECTION('',(0.,1.,0.));
#4631 = DIRECTION('',(0.,-0.,1.));
#4632 = MANIFOLD_SOLID_BREP('',#4633);
#4633 = CLOSED_SHELL('',(#4634,#4676,#4700,#4710));
#4634 = ADVANCED_FACE('',(#4635),#4671,.T.);
#4635 = FACE_BOUND('',#4636,.T.);
#4636 = EDGE_LOOP('',(#4637,#4648,#4656,#4665));
#4637 = ORIENTED_EDGE('',*,*,#4638,.F.);
#4638 = EDGE_CURVE('',#4639,#4641,#4643,.T.);
#4639 = VERTEX_POINT('',#4640);
#4640 = CARTESIAN_POINT('',(13.050431536947,2.,-36.02199028283));
#4641 = VERTEX_POINT('',#4642);
#4642 = CARTESIAN_POINT('',(13.050431536947,2.,-39.02199028283));
#4643 = CIRCLE('',#4644,1.5);
#4644 = AXIS2_PLACEMENT_3D('',#4645,#4646,#4647);
#4645 = CARTESIAN_POINT('',(13.050431536947,2.,-37.52199028283));
#4646 = DIRECTION('',(0.,1.,0.));
#4647 = DIRECTION('',(0.,-0.,1.));
#4648 = ORIENTED_EDGE('',*,*,#4649,.T.);
#4649 = EDGE_CURVE('',#4639,#4650,#4652,.T.);
#4650 = VERTEX_POINT('',#4651);
#4651 = CARTESIAN_POINT('',(13.050431536947,0.,-36.02199028283));
#4652 = LINE('',#4653,#4654);
#4653 = CARTESIAN_POINT('',(13.050431536947,2.,-36.02199028283));
#4654 = VECTOR('',#4655,1.);
#4655 = DIRECTION('',(-0.,-1.,-0.));
#4656 = ORIENTED_EDGE('',*,*,#4657,.T.);
#4657 = EDGE_CURVE('',#4650,#4658,#4660,.T.);
#4658 = VERTEX_POINT('',#4659);
#4659 = CARTESIAN_POINT('',(13.050431536947,0.,-39.02199028283));
#4660 = CIRCLE('',#4661,1.5);
#4661 = AXIS2_PLACEMENT_3D('',#4662,#4663,#4664);
#4662 = CARTESIAN_POINT('',(13.050431536947,0.,-37.52199028283));
#4663 = DIRECTION('',(0.,1.,0.));
#4664 = DIRECTION('',(0.,-0.,1.));
#4665 = ORIENTED_EDGE('',*,*,#4666,.F.);
#4666 = EDGE_CURVE('',#4641,#4658,#4667,.T.);
#4667 = LINE('',#4668,#4669);
#4668 = CARTESIAN_POINT('',(13.050431536947,2.,-39.02199028283));
#4669 = VECTOR('',#4670,1.);
#4670 = DIRECTION('',(-0.,-1.,-0.));
#4671 = CYLINDRICAL_SURFACE('',#4672,1.5);
#4672 = AXIS2_PLACEMENT_3D('',#4673,#4674,#4675);
#4673 = CARTESIAN_POINT('',(13.050431536947,2.,-37.52199028283));
#4674 = DIRECTION('',(-0.,-1.,-0.));
#4675 = DIRECTION('',(0.,0.,-1.));
#4676 = ADVANCED_FACE('',(#4677),#4695,.T.);
#4677 = FACE_BOUND('',#4678,.T.);
#4678 = EDGE_LOOP('',(#4679,#4680,#4687,#4688));
#4679 = ORIENTED_EDGE('',*,*,#4649,.F.);
#4680 = ORIENTED_EDGE('',*,*,#4681,.F.);
#4681 = EDGE_CURVE('',#4641,#4639,#4682,.T.);
#4682 = CIRCLE('',#4683,1.5);
#4683 = AXIS2_PLACEMENT_3D('',#4684,#4685,#4686);
#4684 = CARTESIAN_POINT('',(13.050431536947,2.,-37.52199028283));
#4685 = DIRECTION('',(0.,1.,0.));
#4686 = DIRECTION('',(0.,-0.,1.));
#4687 = ORIENTED_EDGE('',*,*,#4666,.T.);
#4688 = ORIENTED_EDGE('',*,*,#4689,.T.);
#4689 = EDGE_CURVE('',#4658,#4650,#4690,.T.);
#4690 = CIRCLE('',#4691,1.5);
#4691 = AXIS2_PLACEMENT_3D('',#4692,#4693,#4694);
#4692 = CARTESIAN_POINT('',(13.050431536947,0.,-37.52199028283));
#4693 = DIRECTION('',(0.,1.,0.));
#4694 = DIRECTION('',(0.,-0.,1.));
#4695 = CYLINDRICAL_SURFACE('',#4696,1.5);
#4696 = AXIS2_PLACEMENT_3D('',#4697,#4698,#4699);
#4697 = CARTESIAN_POINT('',(13.050431536947,2.,-37.52199028283));
#4698 = DIRECTION('',(-0.,-1.,-0.));
#4699 = DIRECTION('',(0.,0.,-1.));
#4700 = ADVANCED_FACE('',(#4701),#4705,.T.);
#4701 = FACE_BOUND('',#4702,.T.);
#4702 = EDGE_LOOP('',(#4703,#4704));
#4703 = ORIENTED_EDGE('',*,*,#4681,.T.);
#4704 = ORIENTED_EDGE('',*,*,#4638,.T.);
#4705 = PLANE('',#4706);
#4706 = AXIS2_PLACEMENT_3D('',#4707,#4708,#4709);
#4707 = CARTESIAN_POINT('',(13.050431536947,2.,-37.52199028283));
#4708 = DIRECTION('',(0.,1.,0.));
#4709 = DIRECTION('',(0.,-0.,1.));
#4710 = ADVANCED_FACE('',(#4711),#4715,.F.);
#4711 = FACE_BOUND('',#4712,.T.);
#4712 = EDGE_LOOP('',(#4713,#4714));
#4713 = ORIENTED_EDGE('',*,*,#4689,.F.);
#4714 = ORIENTED_EDGE('',*,*,#4657,.F.);
#4715 = PLANE('',#4716);
#4716 = AXIS2_PLACEMENT_3D('',#4717,#4718,#4719);
#4717 = CARTESIAN_POINT('',(13.050431536947,0.,-37.52199028283));
#4718 = DIRECTION('',(0.,1.,0.));
#4719 = DIRECTION('',(0.,-0.,1.));
#4720 = MANIFOLD_SOLID_BREP('',#4721);
#4721 = CLOSED_SHELL('',(#4722,#4764,#4788,#4798));
#4722 = ADVANCED_FACE('',(#4723),#4759,.T.);
#4723 = FACE_BOUND('',#4724,.T.);
#4724 = EDGE_LOOP('',(#4725,#4736,#4744,#4753));
#4725 = ORIENTED_EDGE('',*,*,#4726,.F.);
#4726 = EDGE_CURVE('',#4727,#4729,#4731,.T.);
#4727 = VERTEX_POINT('',#4728);
#4728 = CARTESIAN_POINT('',(17.050431536947,2.,-36.02199028283));
#4729 = VERTEX_POINT('',#4730);
#4730 = CARTESIAN_POINT('',(17.050431536947,2.,-39.02199028283));
#4731 = CIRCLE('',#4732,1.5);
#4732 = AXIS2_PLACEMENT_3D('',#4733,#4734,#4735);
#4733 = CARTESIAN_POINT('',(17.050431536947,2.,-37.52199028283));
#4734 = DIRECTION('',(0.,1.,0.));
#4735 = DIRECTION('',(0.,-0.,1.));
#4736 = ORIENTED_EDGE('',*,*,#4737,.T.);
#4737 = EDGE_CURVE('',#4727,#4738,#4740,.T.);
#4738 = VERTEX_POINT('',#4739);
#4739 = CARTESIAN_POINT('',(17.050431536947,0.,-36.02199028283));
#4740 = LINE('',#4741,#4742);
#4741 = CARTESIAN_POINT('',(17.050431536947,2.,-36.02199028283));
#4742 = VECTOR('',#4743,1.);
#4743 = DIRECTION('',(-0.,-1.,-0.));
#4744 = ORIENTED_EDGE('',*,*,#4745,.T.);
#4745 = EDGE_CURVE('',#4738,#4746,#4748,.T.);
#4746 = VERTEX_POINT('',#4747);
#4747 = CARTESIAN_POINT('',(17.050431536947,0.,-39.02199028283));
#4748 = CIRCLE('',#4749,1.5);
#4749 = AXIS2_PLACEMENT_3D('',#4750,#4751,#4752);
#4750 = CARTESIAN_POINT('',(17.050431536947,0.,-37.52199028283));
#4751 = DIRECTION('',(0.,1.,0.));
#4752 = DIRECTION('',(0.,-0.,1.));
#4753 = ORIENTED_EDGE('',*,*,#4754,.F.);
#4754 = EDGE_CURVE('',#4729,#4746,#4755,.T.);
#4755 = LINE('',#4756,#4757);
#4756 = CARTESIAN_POINT('',(17.050431536947,2.,-39.02199028283));
#4757 = VECTOR('',#4758,1.);
#4758 = DIRECTION('',(-0.,-1.,-0.));
#4759 = CYLINDRICAL_SURFACE('',#4760,1.5);
#4760 = AXIS2_PLACEMENT_3D('',#4761,#4762,#4763);
#4761 = CARTESIAN_POINT('',(17.050431536947,2.,-37.52199028283));
#4762 = DIRECTION('',(-0.,-1.,-0.));
#4763 = DIRECTION('',(0.,0.,-1.));
#4764 = ADVANCED_FACE('',(#4765),#4783,.T.);
#4765 = FACE_BOUND('',#4766,.T.);
#4766 = EDGE_LOOP('',(#4767,#4768,#4775,#4776));
#4767 = ORIENTED_EDGE('',*,*,#4737,.F.);
#4768 = ORIENTED_EDGE('',*,*,#4769,.F.);
#4769 = EDGE_CURVE('',#4729,#4727,#4770,.T.);
#4770 = CIRCLE('',#4771,1.5);
#4771 = AXIS2_PLACEMENT_3D('',#4772,#4773,#4774);
#4772 = CARTESIAN_POINT('',(17.050431536947,2.,-37.52199028283));
#4773 = DIRECTION('',(0.,1.,0.));
#4774 = DIRECTION('',(0.,-0.,1.));
#4775 = ORIENTED_EDGE('',*,*,#4754,.T.);
#4776 = ORIENTED_EDGE('',*,*,#4777,.T.);
#4777 = EDGE_CURVE('',#4746,#4738,#4778,.T.);
#4778 = CIRCLE('',#4779,1.5);
#4779 = AXIS2_PLACEMENT_3D('',#4780,#4781,#4782);
#4780 = CARTESIAN_POINT('',(17.050431536947,0.,-37.52199028283));
#4781 = DIRECTION('',(0.,1.,0.));
#4782 = DIRECTION('',(0.,-0.,1.));
#4783 = CYLINDRICAL_SURFACE('',#4784,1.5);
#4784 = AXIS2_PLACEMENT_3D('',#4785,#4786,#4787);
#4785 = CARTESIAN_POINT('',(17.050431536947,2.,-37.52199028283));
#4786 = DIRECTION('',(-0.,-1.,-0.));
#4787 = DIRECTION('',(0.,0.,-1.));
#4788 = ADVANCED_FACE('',(#4789),#4793,.T.);
#4789 = FACE_BOUND('',#4790,.T.);
#4790 = EDGE_LOOP('',(#4791,#4792));
#4791 = ORIENTED_EDGE('',*,*,#4769,.T.);
#4792 = ORIENTED_EDGE('',*,*,#4726,.T.);
#4793 = PLANE('',#4794);
#4794 = AXIS2_PLACEMENT_3D('',#4795,#4796,#4797);
#4795 = CARTESIAN_POINT('',(17.050431536947,2.,-37.52199028283));
#4796 = DIRECTION('',(0.,1.,0.));
#4797 = DIRECTION('',(0.,-0.,1.));
#4798 = ADVANCED_FACE('',(#4799),#4803,.F.);
#4799 = FACE_BOUND('',#4800,.T.);
#4800 = EDGE_LOOP('',(#4801,#4802));
#4801 = ORIENTED_EDGE('',*,*,#4777,.F.);
#4802 = ORIENTED_EDGE('',*,*,#4745,.F.);
#4803 = PLANE('',#4804);
#4804 = AXIS2_PLACEMENT_3D('',#4805,#4806,#4807);
#4805 = CARTESIAN_POINT('',(17.050431536947,0.,-37.52199028283));
#4806 = DIRECTION('',(0.,1.,0.));
#4807 = DIRECTION('',(0.,-0.,1.));
#4808 = MANIFOLD_SOLID_BREP('',#4809);
#4809 = CLOSED_SHELL('',(#4810,#4852,#4876,#4886));
#4810 = ADVANCED_FACE('',(#4811),#4847,.T.);
#4811 = FACE_BOUND('',#4812,.T.);
#4812 = EDGE_LOOP('',(#4813,#4824,#4832,#4841));
#4813 = ORIENTED_EDGE('',*,*,#4814,.F.);
#4814 = EDGE_CURVE('',#4815,#4817,#4819,.T.);
#4815 = VERTEX_POINT('',#4816);
#4816 = CARTESIAN_POINT('',(21.050431536947,2.,-36.02199028283));
#4817 = VERTEX_POINT('',#4818);
#4818 = CARTESIAN_POINT('',(21.050431536947,2.,-39.02199028283));
#4819 = CIRCLE('',#4820,1.5);
#4820 = AXIS2_PLACEMENT_3D('',#4821,#4822,#4823);
#4821 = CARTESIAN_POINT('',(21.050431536947,2.,-37.52199028283));
#4822 = DIRECTION('',(0.,1.,0.));
#4823 = DIRECTION('',(0.,-0.,1.));
#4824 = ORIENTED_EDGE('',*,*,#4825,.T.);
#4825 = EDGE_CURVE('',#4815,#4826,#4828,.T.);
#4826 = VERTEX_POINT('',#4827);
#4827 = CARTESIAN_POINT('',(21.050431536947,0.,-36.02199028283));
#4828 = LINE('',#4829,#4830);
#4829 = CARTESIAN_POINT('',(21.050431536947,2.,-36.02199028283));
#4830 = VECTOR('',#4831,1.);
#4831 = DIRECTION('',(-0.,-1.,-0.));
#4832 = ORIENTED_EDGE('',*,*,#4833,.T.);
#4833 = EDGE_CURVE('',#4826,#4834,#4836,.T.);
#4834 = VERTEX_POINT('',#4835);
#4835 = CARTESIAN_POINT('',(21.050431536947,0.,-39.02199028283));
#4836 = CIRCLE('',#4837,1.5);
#4837 = AXIS2_PLACEMENT_3D('',#4838,#4839,#4840);
#4838 = CARTESIAN_POINT('',(21.050431536947,0.,-37.52199028283));
#4839 = DIRECTION('',(0.,1.,0.));
#4840 = DIRECTION('',(0.,-0.,1.));
#4841 = ORIENTED_EDGE('',*,*,#4842,.F.);
#4842 = EDGE_CURVE('',#4817,#4834,#4843,.T.);
#4843 = LINE('',#4844,#4845);
#4844 = CARTESIAN_POINT('',(21.050431536947,2.,-39.02199028283));
#4845 = VECTOR('',#4846,1.);
#4846 = DIRECTION('',(-0.,-1.,-0.));
#4847 = CYLINDRICAL_SURFACE('',#4848,1.5);
#4848 = AXIS2_PLACEMENT_3D('',#4849,#4850,#4851);
#4849 = CARTESIAN_POINT('',(21.050431536947,2.,-37.52199028283));
#4850 = DIRECTION('',(-0.,-1.,-0.));
#4851 = DIRECTION('',(0.,0.,-1.));
#4852 = ADVANCED_FACE('',(#4853),#4871,.T.);
#4853 = FACE_BOUND('',#4854,.T.);
#4854 = EDGE_LOOP('',(#4855,#4856,#4863,#4864));
#4855 = ORIENTED_EDGE('',*,*,#4825,.F.);
#4856 = ORIENTED_EDGE('',*,*,#4857,.F.);
#4857 = EDGE_CURVE('',#4817,#4815,#4858,.T.);
#4858 = CIRCLE('',#4859,1.5);
#4859 = AXIS2_PLACEMENT_3D('',#4860,#4861,#4862);
#4860 = CARTESIAN_POINT('',(21.050431536947,2.,-37.52199028283));
#4861 = DIRECTION('',(0.,1.,0.));
#4862 = DIRECTION('',(0.,-0.,1.));
#4863 = ORIENTED_EDGE('',*,*,#4842,.T.);
#4864 = ORIENTED_EDGE('',*,*,#4865,.T.);
#4865 = EDGE_CURVE('',#4834,#4826,#4866,.T.);
#4866 = CIRCLE('',#4867,1.5);
#4867 = AXIS2_PLACEMENT_3D('',#4868,#4869,#4870);
#4868 = CARTESIAN_POINT('',(21.050431536947,0.,-37.52199028283));
#4869 = DIRECTION('',(0.,1.,0.));
#4870 = DIRECTION('',(0.,-0.,1.));
#4871 = CYLINDRICAL_SURFACE('',#4872,1.5);
#4872 = AXIS2_PLACEMENT_3D('',#4873,#4874,#4875);
#4873 = CARTESIAN_POINT('',(21.050431536947,2.,-37.52199028283));
#4874 = DIRECTION('',(-0.,-1.,-0.));
#4875 = DIRECTION('',(0.,0.,-1.));
#4876 = ADVANCED_FACE('',(#4877),#4881,.T.);
#4877 = FACE_BOUND('',#4878,.T.);
#4878 = EDGE_LOOP('',(#4879,#4880));
#4879 = ORIENTED_EDGE('',*,*,#4857,.T.);
#4880 = ORIENTED_EDGE('',*,*,#4814,.T.);
#4881 = PLANE('',#4882);
#4882 = AXIS2_PLACEMENT_3D('',#4883,#4884,#4885);
#4883 = CARTESIAN_POINT('',(21.050431536947,2.,-37.52199028283));
#4884 = DIRECTION('',(0.,1.,0.));
#4885 = DIRECTION('',(0.,-0.,1.));
#4886 = ADVANCED_FACE('',(#4887),#4891,.F.);
#4887 = FACE_BOUND('',#4888,.T.);
#4888 = EDGE_LOOP('',(#4889,#4890));
#4889 = ORIENTED_EDGE('',*,*,#4865,.F.);
#4890 = ORIENTED_EDGE('',*,*,#4833,.F.);
#4891 = PLANE('',#4892);
#4892 = AXIS2_PLACEMENT_3D('',#4893,#4894,#4895);
#4893 = CARTESIAN_POINT('',(21.050431536947,0.,-37.52199028283));
#4894 = DIRECTION('',(0.,1.,0.));
#4895 = DIRECTION('',(0.,-0.,1.));
#4896 = MANIFOLD_SOLID_BREP('',#4897);
#4897 = CLOSED_SHELL('',(#4898,#4940,#4964,#4974));
#4898 = ADVANCED_FACE('',(#4899),#4935,.T.);
#4899 = FACE_BOUND('',#4900,.T.);
#4900 = EDGE_LOOP('',(#4901,#4912,#4920,#4929));
#4901 = ORIENTED_EDGE('',*,*,#4902,.F.);
#4902 = EDGE_CURVE('',#4903,#4905,#4907,.T.);
#4903 = VERTEX_POINT('',#4904);
#4904 = CARTESIAN_POINT('',(25.050431536947,2.,-36.02199028283));
#4905 = VERTEX_POINT('',#4906);
#4906 = CARTESIAN_POINT('',(25.050431536947,2.,-39.02199028283));
#4907 = CIRCLE('',#4908,1.5);
#4908 = AXIS2_PLACEMENT_3D('',#4909,#4910,#4911);
#4909 = CARTESIAN_POINT('',(25.050431536947,2.,-37.52199028283));
#4910 = DIRECTION('',(0.,1.,0.));
#4911 = DIRECTION('',(0.,-0.,1.));
#4912 = ORIENTED_EDGE('',*,*,#4913,.T.);
#4913 = EDGE_CURVE('',#4903,#4914,#4916,.T.);
#4914 = VERTEX_POINT('',#4915);
#4915 = CARTESIAN_POINT('',(25.050431536947,0.,-36.02199028283));
#4916 = LINE('',#4917,#4918);
#4917 = CARTESIAN_POINT('',(25.050431536947,2.,-36.02199028283));
#4918 = VECTOR('',#4919,1.);
#4919 = DIRECTION('',(-0.,-1.,-0.));
#4920 = ORIENTED_EDGE('',*,*,#4921,.T.);
#4921 = EDGE_CURVE('',#4914,#4922,#4924,.T.);
#4922 = VERTEX_POINT('',#4923);
#4923 = CARTESIAN_POINT('',(25.050431536947,0.,-39.02199028283));
#4924 = CIRCLE('',#4925,1.5);
#4925 = AXIS2_PLACEMENT_3D('',#4926,#4927,#4928);
#4926 = CARTESIAN_POINT('',(25.050431536947,0.,-37.52199028283));
#4927 = DIRECTION('',(0.,1.,0.));
#4928 = DIRECTION('',(0.,-0.,1.));
#4929 = ORIENTED_EDGE('',*,*,#4930,.F.);
#4930 = EDGE_CURVE('',#4905,#4922,#4931,.T.);
#4931 = LINE('',#4932,#4933);
#4932 = CARTESIAN_POINT('',(25.050431536947,2.,-39.02199028283));
#4933 = VECTOR('',#4934,1.);
#4934 = DIRECTION('',(-0.,-1.,-0.));
#4935 = CYLINDRICAL_SURFACE('',#4936,1.5);
#4936 = AXIS2_PLACEMENT_3D('',#4937,#4938,#4939);
#4937 = CARTESIAN_POINT('',(25.050431536947,2.,-37.52199028283));
#4938 = DIRECTION('',(-0.,-1.,-0.));
#4939 = DIRECTION('',(0.,0.,-1.));
#4940 = ADVANCED_FACE('',(#4941),#4959,.T.);
#4941 = FACE_BOUND('',#4942,.T.);
#4942 = EDGE_LOOP('',(#4943,#4944,#4951,#4952));
#4943 = ORIENTED_EDGE('',*,*,#4913,.F.);
#4944 = ORIENTED_EDGE('',*,*,#4945,.F.);
#4945 = EDGE_CURVE('',#4905,#4903,#4946,.T.);
#4946 = CIRCLE('',#4947,1.5);
#4947 = AXIS2_PLACEMENT_3D('',#4948,#4949,#4950);
#4948 = CARTESIAN_POINT('',(25.050431536947,2.,-37.52199028283));
#4949 = DIRECTION('',(0.,1.,0.));
#4950 = DIRECTION('',(0.,-0.,1.));
#4951 = ORIENTED_EDGE('',*,*,#4930,.T.);
#4952 = ORIENTED_EDGE('',*,*,#4953,.T.);
#4953 = EDGE_CURVE('',#4922,#4914,#4954,.T.);
#4954 = CIRCLE('',#4955,1.5);
#4955 = AXIS2_PLACEMENT_3D('',#4956,#4957,#4958);
#4956 = CARTESIAN_POINT('',(25.050431536947,0.,-37.52199028283));
#4957 = DIRECTION('',(0.,1.,0.));
#4958 = DIRECTION('',(0.,-0.,1.));
#4959 = CYLINDRICAL_SURFACE('',#4960,1.5);
#4960 = AXIS2_PLACEMENT_3D('',#4961,#4962,#4963);
#4961 = CARTESIAN_POINT('',(25.050431536947,2.,-37.52199028283));
#4962 = DIRECTION('',(-0.,-1.,-0.));
#4963 = DIRECTION('',(0.,0.,-1.));
#4964 = ADVANCED_FACE('',(#4965),#4969,.T.);
#4965 = FACE_BOUND('',#4966,.T.);
#4966 = EDGE_LOOP('',(#4967,#4968));
#4967 = ORIENTED_EDGE('',*,*,#4945,.T.);
#4968 = ORIENTED_EDGE('',*,*,#4902,.T.);
#4969 = PLANE('',#4970);
#4970 = AXIS2_PLACEMENT_3D('',#4971,#4972,#4973);
#4971 = CARTESIAN_POINT('',(25.050431536947,2.,-37.52199028283));
#4972 = DIRECTION('',(0.,1.,0.));
#4973 = DIRECTION('',(0.,-0.,1.));
#4974 = ADVANCED_FACE('',(#4975),#4979,.F.);
#4975 = FACE_BOUND('',#4976,.T.);
#4976 = EDGE_LOOP('',(#4977,#4978));
#4977 = ORIENTED_EDGE('',*,*,#4953,.F.);
#4978 = ORIENTED_EDGE('',*,*,#4921,.F.);
#4979 = PLANE('',#4980);
#4980 = AXIS2_PLACEMENT_3D('',#4981,#4982,#4983);
#4981 = CARTESIAN_POINT('',(25.050431536947,0.,-37.52199028283));
#4982 = DIRECTION('',(0.,1.,0.));
#4983 = DIRECTION('',(0.,-0.,1.));
#4984 = MANIFOLD_SOLID_BREP('',#4985);
#4985 = CLOSED_SHELL('',(#4986,#5028,#5052,#5062));
#4986 = ADVANCED_FACE('',(#4987),#5023,.T.);
#4987 = FACE_BOUND('',#4988,.T.);
#4988 = EDGE_LOOP('',(#4989,#5000,#5008,#5017));
#4989 = ORIENTED_EDGE('',*,*,#4990,.F.);
#4990 = EDGE_CURVE('',#4991,#4993,#4995,.T.);
#4991 = VERTEX_POINT('',#4992);
#4992 = CARTESIAN_POINT('',(29.050431536947,2.,-36.02199028283));
#4993 = VERTEX_POINT('',#4994);
#4994 = CARTESIAN_POINT('',(29.050431536947,2.,-39.02199028283));
#4995 = CIRCLE('',#4996,1.5);
#4996 = AXIS2_PLACEMENT_3D('',#4997,#4998,#4999);
#4997 = CARTESIAN_POINT('',(29.050431536947,2.,-37.52199028283));
#4998 = DIRECTION('',(0.,1.,0.));
#4999 = DIRECTION('',(0.,-0.,1.));
#5000 = ORIENTED_EDGE('',*,*,#5001,.T.);
#5001 = EDGE_CURVE('',#4991,#5002,#5004,.T.);
#5002 = VERTEX_POINT('',#5003);
#5003 = CARTESIAN_POINT('',(29.050431536947,0.,-36.02199028283));
#5004 = LINE('',#5005,#5006);
#5005 = CARTESIAN_POINT('',(29.050431536947,2.,-36.02199028283));
#5006 = VECTOR('',#5007,1.);
#5007 = DIRECTION('',(-0.,-1.,-0.));
#5008 = ORIENTED_EDGE('',*,*,#5009,.T.);
#5009 = EDGE_CURVE('',#5002,#5010,#5012,.T.);
#5010 = VERTEX_POINT('',#5011);
#5011 = CARTESIAN_POINT('',(29.050431536947,0.,-39.02199028283));
#5012 = CIRCLE('',#5013,1.5);
#5013 = AXIS2_PLACEMENT_3D('',#5014,#5015,#5016);
#5014 = CARTESIAN_POINT('',(29.050431536947,0.,-37.52199028283));
#5015 = DIRECTION('',(0.,1.,0.));
#5016 = DIRECTION('',(0.,-0.,1.));
#5017 = ORIENTED_EDGE('',*,*,#5018,.F.);
#5018 = EDGE_CURVE('',#4993,#5010,#5019,.T.);
#5019 = LINE('',#5020,#5021);
#5020 = CARTESIAN_POINT('',(29.050431536947,2.,-39.02199028283));
#5021 = VECTOR('',#5022,1.);
#5022 = DIRECTION('',(-0.,-1.,-0.));
#5023 = CYLINDRICAL_SURFACE('',#5024,1.5);
#5024 = AXIS2_PLACEMENT_3D('',#5025,#5026,#5027);
#5025 = CARTESIAN_POINT('',(29.050431536947,2.,-37.52199028283));
#5026 = DIRECTION('',(-0.,-1.,-0.));
#5027 = DIRECTION('',(0.,0.,-1.));
#5028 = ADVANCED_FACE('',(#5029),#5047,.T.);
#5029 = FACE_BOUND('',#5030,.T.);
#5030 = EDGE_LOOP('',(#5031,#5032,#5039,#5040));
#5031 = ORIENTED_EDGE('',*,*,#5001,.F.);
#5032 = ORIENTED_EDGE('',*,*,#5033,.F.);
#5033 = EDGE_CURVE('',#4993,#4991,#5034,.T.);
#5034 = CIRCLE('',#5035,1.5);
#5035 = AXIS2_PLACEMENT_3D('',#5036,#5037,#5038);
#5036 = CARTESIAN_POINT('',(29.050431536947,2.,-37.52199028283));
#5037 = DIRECTION('',(0.,1.,0.));
#5038 = DIRECTION('',(0.,-0.,1.));
#5039 = ORIENTED_EDGE('',*,*,#5018,.T.);
#5040 = ORIENTED_EDGE('',*,*,#5041,.T.);
#5041 = EDGE_CURVE('',#5010,#5002,#5042,.T.);
#5042 = CIRCLE('',#5043,1.5);
#5043 = AXIS2_PLACEMENT_3D('',#5044,#5045,#5046);
#5044 = CARTESIAN_POINT('',(29.050431536947,0.,-37.52199028283));
#5045 = DIRECTION('',(0.,1.,0.));
#5046 = DIRECTION('',(0.,-0.,1.));
#5047 = CYLINDRICAL_SURFACE('',#5048,1.5);
#5048 = AXIS2_PLACEMENT_3D('',#5049,#5050,#5051);
#5049 = CARTESIAN_POINT('',(29.050431536947,2.,-37.52199028283));
#5050 = DIRECTION('',(-0.,-1.,-0.));
#5051 = DIRECTION('',(0.,0.,-1.));
#5052 = ADVANCED_FACE('',(#5053),#5057,.T.);
#5053 = FACE_BOUND('',#5054,.T.);
#5054 = EDGE_LOOP('',(#5055,#5056));
#5055 = ORIENTED_EDGE('',*,*,#5033,.T.);
#5056 = ORIENTED_EDGE('',*,*,#4990,.T.);
#5057 = PLANE('',#5058);
#5058 = AXIS2_PLACEMENT_3D('',#5059,#5060,#5061);
#5059 = CARTESIAN_POINT('',(29.050431536947,2.,-37.52199028283));
#5060 = DIRECTION('',(0.,1.,0.));
#5061 = DIRECTION('',(0.,-0.,1.));
#5062 = ADVANCED_FACE('',(#5063),#5067,.F.);
#5063 = FACE_BOUND('',#5064,.T.);
#5064 = EDGE_LOOP('',(#5065,#5066));
#5065 = ORIENTED_EDGE('',*,*,#5041,.F.);
#5066 = ORIENTED_EDGE('',*,*,#5009,.F.);
#5067 = PLANE('',#5068);
#5068 = AXIS2_PLACEMENT_3D('',#5069,#5070,#5071);
#5069 = CARTESIAN_POINT('',(29.050431536947,0.,-37.52199028283));
#5070 = DIRECTION('',(0.,1.,0.));
#5071 = DIRECTION('',(0.,-0.,1.));
#5072 = MANIFOLD_SOLID_BREP('',#5073);
#5073 = CLOSED_SHELL('',(#5074,#5116,#5140,#5150));
#5074 = ADVANCED_FACE('',(#5075),#5111,.T.);
#5075 = FACE_BOUND('',#5076,.T.);
#5076 = EDGE_LOOP('',(#5077,#5088,#5096,#5105));
#5077 = ORIENTED_EDGE('',*,*,#5078,.F.);
#5078 = EDGE_CURVE('',#5079,#5081,#5083,.T.);
#5079 = VERTEX_POINT('',#5080);
#5080 = CARTESIAN_POINT('',(33.050431536947,2.,-36.02199028283));
#5081 = VERTEX_POINT('',#5082);
#5082 = CARTESIAN_POINT('',(33.050431536947,2.,-39.02199028283));
#5083 = CIRCLE('',#5084,1.5);
#5084 = AXIS2_PLACEMENT_3D('',#5085,#5086,#5087);
#5085 = CARTESIAN_POINT('',(33.050431536947,2.,-37.52199028283));
#5086 = DIRECTION('',(0.,1.,0.));
#5087 = DIRECTION('',(0.,-0.,1.));
#5088 = ORIENTED_EDGE('',*,*,#5089,.T.);
#5089 = EDGE_CURVE('',#5079,#5090,#5092,.T.);
#5090 = VERTEX_POINT('',#5091);
#5091 = CARTESIAN_POINT('',(33.050431536947,0.,-36.02199028283));
#5092 = LINE('',#5093,#5094);
#5093 = CARTESIAN_POINT('',(33.050431536947,2.,-36.02199028283));
#5094 = VECTOR('',#5095,1.);
#5095 = DIRECTION('',(-0.,-1.,-0.));
#5096 = ORIENTED_EDGE('',*,*,#5097,.T.);
#5097 = EDGE_CURVE('',#5090,#5098,#5100,.T.);
#5098 = VERTEX_POINT('',#5099);
#5099 = CARTESIAN_POINT('',(33.050431536947,0.,-39.02199028283));
#5100 = CIRCLE('',#5101,1.5);
#5101 = AXIS2_PLACEMENT_3D('',#5102,#5103,#5104);
#5102 = CARTESIAN_POINT('',(33.050431536947,0.,-37.52199028283));
#5103 = DIRECTION('',(0.,1.,0.));
#5104 = DIRECTION('',(0.,-0.,1.));
#5105 = ORIENTED_EDGE('',*,*,#5106,.F.);
#5106 = EDGE_CURVE('',#5081,#5098,#5107,.T.);
#5107 = LINE('',#5108,#5109);
#5108 = CARTESIAN_POINT('',(33.050431536947,2.,-39.02199028283));
#5109 = VECTOR('',#5110,1.);
#5110 = DIRECTION('',(-0.,-1.,-0.));
#5111 = CYLINDRICAL_SURFACE('',#5112,1.5);
#5112 = AXIS2_PLACEMENT_3D('',#5113,#5114,#5115);
#5113 = CARTESIAN_POINT('',(33.050431536947,2.,-37.52199028283));
#5114 = DIRECTION('',(-0.,-1.,-0.));
#5115 = DIRECTION('',(0.,0.,-1.));
#5116 = ADVANCED_FACE('',(#5117),#5135,.T.);
#5117 = FACE_BOUND('',#5118,.T.);
#5118 = EDGE_LOOP('',(#5119,#5120,#5127,#5128));
#5119 = ORIENTED_EDGE('',*,*,#5089,.F.);
#5120 = ORIENTED_EDGE('',*,*,#5121,.F.);
#5121 = EDGE_CURVE('',#5081,#5079,#5122,.T.);
#5122 = CIRCLE('',#5123,1.5);
#5123 = AXIS2_PLACEMENT_3D('',#5124,#5125,#5126);
#5124 = CARTESIAN_POINT('',(33.050431536947,2.,-37.52199028283));
#5125 = DIRECTION('',(0.,1.,0.));
#5126 = DIRECTION('',(0.,-0.,1.));
#5127 = ORIENTED_EDGE('',*,*,#5106,.T.);
#5128 = ORIENTED_EDGE('',*,*,#5129,.T.);
#5129 = EDGE_CURVE('',#5098,#5090,#5130,.T.);
#5130 = CIRCLE('',#5131,1.5);
#5131 = AXIS2_PLACEMENT_3D('',#5132,#5133,#5134);
#5132 = CARTESIAN_POINT('',(33.050431536947,0.,-37.52199028283));
#5133 = DIRECTION('',(0.,1.,0.));
#5134 = DIRECTION('',(0.,-0.,1.));
#5135 = CYLINDRICAL_SURFACE('',#5136,1.5);
#5136 = AXIS2_PLACEMENT_3D('',#5137,#5138,#5139);
#5137 = CARTESIAN_POINT('',(33.050431536947,2.,-37.52199028283));
#5138 = DIRECTION('',(-0.,-1.,-0.));
#5139 = DIRECTION('',(0.,0.,-1.));
#5140 = ADVANCED_FACE('',(#5141),#5145,.T.);
#5141 = FACE_BOUND('',#5142,.T.);
#5142 = EDGE_LOOP('',(#5143,#5144));
#5143 = ORIENTED_EDGE('',*,*,#5121,.T.);
#5144 = ORIENTED_EDGE('',*,*,#5078,.T.);
#5145 = PLANE('',#5146);
#5146 = AXIS2_PLACEMENT_3D('',#5147,#5148,#5149);
#5147 = CARTESIAN_POINT('',(33.050431536947,2.,-37.52199028283));
#5148 = DIRECTION('',(0.,1.,0.));
#5149 = DIRECTION('',(0.,-0.,1.));
#5150 = ADVANCED_FACE('',(#5151),#5155,.F.);
#5151 = FACE_BOUND('',#5152,.T.);
#5152 = EDGE_LOOP('',(#5153,#5154));
#5153 = ORIENTED_EDGE('',*,*,#5129,.F.);
#5154 = ORIENTED_EDGE('',*,*,#5097,.F.);
#5155 = PLANE('',#5156);
#5156 = AXIS2_PLACEMENT_3D('',#5157,#5158,#5159);
#5157 = CARTESIAN_POINT('',(33.050431536947,0.,-37.52199028283));
#5158 = DIRECTION('',(0.,1.,0.));
#5159 = DIRECTION('',(0.,-0.,1.));
#5160 = MANIFOLD_SOLID_BREP('',#5161);
#5161 = CLOSED_SHELL('',(#5162,#5204,#5228,#5238));
#5162 = ADVANCED_FACE('',(#5163),#5199,.T.);
#5163 = FACE_BOUND('',#5164,.T.);
#5164 = EDGE_LOOP('',(#5165,#5176,#5184,#5193));
#5165 = ORIENTED_EDGE('',*,*,#5166,.F.);
#5166 = EDGE_CURVE('',#5167,#5169,#5171,.T.);
#5167 = VERTEX_POINT('',#5168);
#5168 = CARTESIAN_POINT('',(5.050431536947,2.,-12.02199028283));
#5169 = VERTEX_POINT('',#5170);
#5170 = CARTESIAN_POINT('',(5.050431536947,2.,-15.02199028283));
#5171 = CIRCLE('',#5172,1.5);
#5172 = AXIS2_PLACEMENT_3D('',#5173,#5174,#5175);
#5173 = CARTESIAN_POINT('',(5.050431536947,2.,-13.52199028283));
#5174 = DIRECTION('',(0.,1.,0.));
#5175 = DIRECTION('',(0.,-0.,1.));
#5176 = ORIENTED_EDGE('',*,*,#5177,.T.);
#5177 = EDGE_CURVE('',#5167,#5178,#5180,.T.);
#5178 = VERTEX_POINT('',#5179);
#5179 = CARTESIAN_POINT('',(5.050431536947,0.,-12.02199028283));
#5180 = LINE('',#5181,#5182);
#5181 = CARTESIAN_POINT('',(5.050431536947,2.,-12.02199028283));
#5182 = VECTOR('',#5183,1.);
#5183 = DIRECTION('',(-0.,-1.,-0.));
#5184 = ORIENTED_EDGE('',*,*,#5185,.T.);
#5185 = EDGE_CURVE('',#5178,#5186,#5188,.T.);
#5186 = VERTEX_POINT('',#5187);
#5187 = CARTESIAN_POINT('',(5.050431536947,0.,-15.02199028283));
#5188 = CIRCLE('',#5189,1.5);
#5189 = AXIS2_PLACEMENT_3D('',#5190,#5191,#5192);
#5190 = CARTESIAN_POINT('',(5.050431536947,0.,-13.52199028283));
#5191 = DIRECTION('',(0.,1.,0.));
#5192 = DIRECTION('',(0.,-0.,1.));
#5193 = ORIENTED_EDGE('',*,*,#5194,.F.);
#5194 = EDGE_CURVE('',#5169,#5186,#5195,.T.);
#5195 = LINE('',#5196,#5197);
#5196 = CARTESIAN_POINT('',(5.050431536947,2.,-15.02199028283));
#5197 = VECTOR('',#5198,1.);
#5198 = DIRECTION('',(-0.,-1.,-0.));
#5199 = CYLINDRICAL_SURFACE('',#5200,1.5);
#5200 = AXIS2_PLACEMENT_3D('',#5201,#5202,#5203);
#5201 = CARTESIAN_POINT('',(5.050431536947,2.,-13.52199028283));
#5202 = DIRECTION('',(-0.,-1.,-0.));
#5203 = DIRECTION('',(0.,0.,-1.));
#5204 = ADVANCED_FACE('',(#5205),#5223,.T.);
#5205 = FACE_BOUND('',#5206,.T.);
#5206 = EDGE_LOOP('',(#5207,#5208,#5215,#5216));
#5207 = ORIENTED_EDGE('',*,*,#5177,.F.);
#5208 = ORIENTED_EDGE('',*,*,#5209,.F.);
#5209 = EDGE_CURVE('',#5169,#5167,#5210,.T.);
#5210 = CIRCLE('',#5211,1.5);
#5211 = AXIS2_PLACEMENT_3D('',#5212,#5213,#5214);
#5212 = CARTESIAN_POINT('',(5.050431536947,2.,-13.52199028283));
#5213 = DIRECTION('',(0.,1.,0.));
#5214 = DIRECTION('',(0.,-0.,1.));
#5215 = ORIENTED_EDGE('',*,*,#5194,.T.);
#5216 = ORIENTED_EDGE('',*,*,#5217,.T.);
#5217 = EDGE_CURVE('',#5186,#5178,#5218,.T.);
#5218 = CIRCLE('',#5219,1.5);
#5219 = AXIS2_PLACEMENT_3D('',#5220,#5221,#5222);
#5220 = CARTESIAN_POINT('',(5.050431536947,0.,-13.52199028283));
#5221 = DIRECTION('',(0.,1.,0.));
#5222 = DIRECTION('',(0.,-0.,1.));
#5223 = CYLINDRICAL_SURFACE('',#5224,1.5);
#5224 = AXIS2_PLACEMENT_3D('',#5225,#5226,#5227);
#5225 = CARTESIAN_POINT('',(5.050431536947,2.,-13.52199028283));
#5226 = DIRECTION('',(-0.,-1.,-0.));
#5227 = DIRECTION('',(0.,0.,-1.));
#5228 = ADVANCED_FACE('',(#5229),#5233,.T.);
#5229 = FACE_BOUND('',#5230,.T.);
#5230 = EDGE_LOOP('',(#5231,#5232));
#5231 = ORIENTED_EDGE('',*,*,#5209,.T.);
#5232 = ORIENTED_EDGE('',*,*,#5166,.T.);
#5233 = PLANE('',#5234);
#5234 = AXIS2_PLACEMENT_3D('',#5235,#5236,#5237);
#5235 = CARTESIAN_POINT('',(5.050431536947,2.,-13.52199028283));
#5236 = DIRECTION('',(0.,1.,0.));
#5237 = DIRECTION('',(0.,-0.,1.));
#5238 = ADVANCED_FACE('',(#5239),#5243,.F.);
#5239 = FACE_BOUND('',#5240,.T.);
#5240 = EDGE_LOOP('',(#5241,#5242));
#5241 = ORIENTED_EDGE('',*,*,#5217,.F.);
#5242 = ORIENTED_EDGE('',*,*,#5185,.F.);
#5243 = PLANE('',#5244);
#5244 = AXIS2_PLACEMENT_3D('',#5245,#5246,#5247);
#5245 = CARTESIAN_POINT('',(5.050431536947,0.,-13.52199028283));
#5246 = DIRECTION('',(0.,1.,0.));
#5247 = DIRECTION('',(0.,-0.,1.));
#5248 = MANIFOLD_SOLID_BREP('',#5249);
#5249 = CLOSED_SHELL('',(#5250,#5292,#5316,#5326));
#5250 = ADVANCED_FACE('',(#5251),#5287,.T.);
#5251 = FACE_BOUND('',#5252,.T.);
#5252 = EDGE_LOOP('',(#5253,#5264,#5272,#5281));
#5253 = ORIENTED_EDGE('',*,*,#5254,.F.);
#5254 = EDGE_CURVE('',#5255,#5257,#5259,.T.);
#5255 = VERTEX_POINT('',#5256);
#5256 = CARTESIAN_POINT('',(5.050431536947,2.,-16.02199028283));
#5257 = VERTEX_POINT('',#5258);
#5258 = CARTESIAN_POINT('',(5.050431536947,2.,-19.02199028283));
#5259 = CIRCLE('',#5260,1.5);
#5260 = AXIS2_PLACEMENT_3D('',#5261,#5262,#5263);
#5261 = CARTESIAN_POINT('',(5.050431536947,2.,-17.52199028283));
#5262 = DIRECTION('',(0.,1.,0.));
#5263 = DIRECTION('',(0.,-0.,1.));
#5264 = ORIENTED_EDGE('',*,*,#5265,.T.);
#5265 = EDGE_CURVE('',#5255,#5266,#5268,.T.);
#5266 = VERTEX_POINT('',#5267);
#5267 = CARTESIAN_POINT('',(5.050431536947,0.,-16.02199028283));
#5268 = LINE('',#5269,#5270);
#5269 = CARTESIAN_POINT('',(5.050431536947,2.,-16.02199028283));
#5270 = VECTOR('',#5271,1.);
#5271 = DIRECTION('',(-0.,-1.,-0.));
#5272 = ORIENTED_EDGE('',*,*,#5273,.T.);
#5273 = EDGE_CURVE('',#5266,#5274,#5276,.T.);
#5274 = VERTEX_POINT('',#5275);
#5275 = CARTESIAN_POINT('',(5.050431536947,0.,-19.02199028283));
#5276 = CIRCLE('',#5277,1.5);
#5277 = AXIS2_PLACEMENT_3D('',#5278,#5279,#5280);
#5278 = CARTESIAN_POINT('',(5.050431536947,0.,-17.52199028283));
#5279 = DIRECTION('',(0.,1.,0.));
#5280 = DIRECTION('',(0.,-0.,1.));
#5281 = ORIENTED_EDGE('',*,*,#5282,.F.);
#5282 = EDGE_CURVE('',#5257,#5274,#5283,.T.);
#5283 = LINE('',#5284,#5285);
#5284 = CARTESIAN_POINT('',(5.050431536947,2.,-19.02199028283));
#5285 = VECTOR('',#5286,1.);
#5286 = DIRECTION('',(-0.,-1.,-0.));
#5287 = CYLINDRICAL_SURFACE('',#5288,1.5);
#5288 = AXIS2_PLACEMENT_3D('',#5289,#5290,#5291);
#5289 = CARTESIAN_POINT('',(5.050431536947,2.,-17.52199028283));
#5290 = DIRECTION('',(-0.,-1.,-0.));
#5291 = DIRECTION('',(0.,0.,-1.));
#5292 = ADVANCED_FACE('',(#5293),#5311,.T.);
#5293 = FACE_BOUND('',#5294,.T.);
#5294 = EDGE_LOOP('',(#5295,#5296,#5303,#5304));
#5295 = ORIENTED_EDGE('',*,*,#5265,.F.);
#5296 = ORIENTED_EDGE('',*,*,#5297,.F.);
#5297 = EDGE_CURVE('',#5257,#5255,#5298,.T.);
#5298 = CIRCLE('',#5299,1.5);
#5299 = AXIS2_PLACEMENT_3D('',#5300,#5301,#5302);
#5300 = CARTESIAN_POINT('',(5.050431536947,2.,-17.52199028283));
#5301 = DIRECTION('',(0.,1.,0.));
#5302 = DIRECTION('',(0.,-0.,1.));
#5303 = ORIENTED_EDGE('',*,*,#5282,.T.);
#5304 = ORIENTED_EDGE('',*,*,#5305,.T.);
#5305 = EDGE_CURVE('',#5274,#5266,#5306,.T.);
#5306 = CIRCLE('',#5307,1.5);
#5307 = AXIS2_PLACEMENT_3D('',#5308,#5309,#5310);
#5308 = CARTESIAN_POINT('',(5.050431536947,0.,-17.52199028283));
#5309 = DIRECTION('',(0.,1.,0.));
#5310 = DIRECTION('',(0.,-0.,1.));
#5311 = CYLINDRICAL_SURFACE('',#5312,1.5);
#5312 = AXIS2_PLACEMENT_3D('',#5313,#5314,#5315);
#5313 = CARTESIAN_POINT('',(5.050431536947,2.,-17.52199028283));
#5314 = DIRECTION('',(-0.,-1.,-0.));
#5315 = DIRECTION('',(0.,0.,-1.));
#5316 = ADVANCED_FACE('',(#5317),#5321,.T.);
#5317 = FACE_BOUND('',#5318,.T.);
#5318 = EDGE_LOOP('',(#5319,#5320));
#5319 = ORIENTED_EDGE('',*,*,#5297,.T.);
#5320 = ORIENTED_EDGE('',*,*,#5254,.T.);
#5321 = PLANE('',#5322);
#5322 = AXIS2_PLACEMENT_3D('',#5323,#5324,#5325);
#5323 = CARTESIAN_POINT('',(5.050431536947,2.,-17.52199028283));
#5324 = DIRECTION('',(0.,1.,0.));
#5325 = DIRECTION('',(0.,-0.,1.));
#5326 = ADVANCED_FACE('',(#5327),#5331,.F.);
#5327 = FACE_BOUND('',#5328,.T.);
#5328 = EDGE_LOOP('',(#5329,#5330));
#5329 = ORIENTED_EDGE('',*,*,#5305,.F.);
#5330 = ORIENTED_EDGE('',*,*,#5273,.F.);
#5331 = PLANE('',#5332);
#5332 = AXIS2_PLACEMENT_3D('',#5333,#5334,#5335);
#5333 = CARTESIAN_POINT('',(5.050431536947,0.,-17.52199028283));
#5334 = DIRECTION('',(0.,1.,0.));
#5335 = DIRECTION('',(0.,-0.,1.));
#5336 = MANIFOLD_SOLID_BREP('',#5337);
#5337 = CLOSED_SHELL('',(#5338,#5380,#5404,#5414));
#5338 = ADVANCED_FACE('',(#5339),#5375,.T.);
#5339 = FACE_BOUND('',#5340,.T.);
#5340 = EDGE_LOOP('',(#5341,#5352,#5360,#5369));
#5341 = ORIENTED_EDGE('',*,*,#5342,.F.);
#5342 = EDGE_CURVE('',#5343,#5345,#5347,.T.);
#5343 = VERTEX_POINT('',#5344);
#5344 = CARTESIAN_POINT('',(5.050431536947,2.,-20.02199028283));
#5345 = VERTEX_POINT('',#5346);
#5346 = CARTESIAN_POINT('',(5.050431536947,2.,-23.02199028283));
#5347 = CIRCLE('',#5348,1.5);
#5348 = AXIS2_PLACEMENT_3D('',#5349,#5350,#5351);
#5349 = CARTESIAN_POINT('',(5.050431536947,2.,-21.52199028283));
#5350 = DIRECTION('',(0.,1.,0.));
#5351 = DIRECTION('',(0.,-0.,1.));
#5352 = ORIENTED_EDGE('',*,*,#5353,.T.);
#5353 = EDGE_CURVE('',#5343,#5354,#5356,.T.);
#5354 = VERTEX_POINT('',#5355);
#5355 = CARTESIAN_POINT('',(5.050431536947,0.,-20.02199028283));
#5356 = LINE('',#5357,#5358);
#5357 = CARTESIAN_POINT('',(5.050431536947,2.,-20.02199028283));
#5358 = VECTOR('',#5359,1.);
#5359 = DIRECTION('',(-0.,-1.,-0.));
#5360 = ORIENTED_EDGE('',*,*,#5361,.T.);
#5361 = EDGE_CURVE('',#5354,#5362,#5364,.T.);
#5362 = VERTEX_POINT('',#5363);
#5363 = CARTESIAN_POINT('',(5.050431536947,0.,-23.02199028283));
#5364 = CIRCLE('',#5365,1.5);
#5365 = AXIS2_PLACEMENT_3D('',#5366,#5367,#5368);
#5366 = CARTESIAN_POINT('',(5.050431536947,0.,-21.52199028283));
#5367 = DIRECTION('',(0.,1.,0.));
#5368 = DIRECTION('',(0.,-0.,1.));
#5369 = ORIENTED_EDGE('',*,*,#5370,.F.);
#5370 = EDGE_CURVE('',#5345,#5362,#5371,.T.);
#5371 = LINE('',#5372,#5373);
#5372 = CARTESIAN_POINT('',(5.050431536947,2.,-23.02199028283));
#5373 = VECTOR('',#5374,1.);
#5374 = DIRECTION('',(-0.,-1.,-0.));
#5375 = CYLINDRICAL_SURFACE('',#5376,1.5);
#5376 = AXIS2_PLACEMENT_3D('',#5377,#5378,#5379);
#5377 = CARTESIAN_POINT('',(5.050431536947,2.,-21.52199028283));
#5378 = DIRECTION('',(-0.,-1.,-0.));
#5379 = DIRECTION('',(0.,0.,-1.));
#5380 = ADVANCED_FACE('',(#5381),#5399,.T.);
#5381 = FACE_BOUND('',#5382,.T.);
#5382 = EDGE_LOOP('',(#5383,#5384,#5391,#5392));
#5383 = ORIENTED_EDGE('',*,*,#5353,.F.);
#5384 = ORIENTED_EDGE('',*,*,#5385,.F.);
#5385 = EDGE_CURVE('',#5345,#5343,#5386,.T.);
#5386 = CIRCLE('',#5387,1.5);
#5387 = AXIS2_PLACEMENT_3D('',#5388,#5389,#5390);
#5388 = CARTESIAN_POINT('',(5.050431536947,2.,-21.52199028283));
#5389 = DIRECTION('',(0.,1.,0.));
#5390 = DIRECTION('',(0.,-0.,1.));
#5391 = ORIENTED_EDGE('',*,*,#5370,.T.);
#5392 = ORIENTED_EDGE('',*,*,#5393,.T.);
#5393 = EDGE_CURVE('',#5362,#5354,#5394,.T.);
#5394 = CIRCLE('',#5395,1.5);
#5395 = AXIS2_PLACEMENT_3D('',#5396,#5397,#5398);
#5396 = CARTESIAN_POINT('',(5.050431536947,0.,-21.52199028283));
#5397 = DIRECTION('',(0.,1.,0.));
#5398 = DIRECTION('',(0.,-0.,1.));
#5399 = CYLINDRICAL_SURFACE('',#5400,1.5);
#5400 = AXIS2_PLACEMENT_3D('',#5401,#5402,#5403);
#5401 = CARTESIAN_POINT('',(5.050431536947,2.,-21.52199028283));
#5402 = DIRECTION('',(-0.,-1.,-0.));
#5403 = DIRECTION('',(0.,0.,-1.));
#5404 = ADVANCED_FACE('',(#5405),#5409,.T.);
#5405 = FACE_BOUND('',#5406,.T.);
#5406 = EDGE_LOOP('',(#5407,#5408));
#5407 = ORIENTED_EDGE('',*,*,#5385,.T.);
#5408 = ORIENTED_EDGE('',*,*,#5342,.T.);
#5409 = PLANE('',#5410);
#5410 = AXIS2_PLACEMENT_3D('',#5411,#5412,#5413);
#5411 = CARTESIAN_POINT('',(5.050431536947,2.,-21.52199028283));
#5412 = DIRECTION('',(0.,1.,0.));
#5413 = DIRECTION('',(0.,-0.,1.));
#5414 = ADVANCED_FACE('',(#5415),#5419,.F.);
#5415 = FACE_BOUND('',#5416,.T.);
#5416 = EDGE_LOOP('',(#5417,#5418));
#5417 = ORIENTED_EDGE('',*,*,#5393,.F.);
#5418 = ORIENTED_EDGE('',*,*,#5361,.F.);
#5419 = PLANE('',#5420);
#5420 = AXIS2_PLACEMENT_3D('',#5421,#5422,#5423);
#5421 = CARTESIAN_POINT('',(5.050431536947,0.,-21.52199028283));
#5422 = DIRECTION('',(0.,1.,0.));
#5423 = DIRECTION('',(0.,-0.,1.));
#5424 = MANIFOLD_SOLID_BREP('',#5425);
#5425 = CLOSED_SHELL('',(#5426,#5468,#5492,#5502));
#5426 = ADVANCED_FACE('',(#5427),#5463,.T.);
#5427 = FACE_BOUND('',#5428,.T.);
#5428 = EDGE_LOOP('',(#5429,#5440,#5448,#5457));
#5429 = ORIENTED_EDGE('',*,*,#5430,.F.);
#5430 = EDGE_CURVE('',#5431,#5433,#5435,.T.);
#5431 = VERTEX_POINT('',#5432);
#5432 = CARTESIAN_POINT('',(5.050431536947,2.,-24.02199028283));
#5433 = VERTEX_POINT('',#5434);
#5434 = CARTESIAN_POINT('',(5.050431536947,2.,-27.02199028283));
#5435 = CIRCLE('',#5436,1.5);
#5436 = AXIS2_PLACEMENT_3D('',#5437,#5438,#5439);
#5437 = CARTESIAN_POINT('',(5.050431536947,2.,-25.52199028283));
#5438 = DIRECTION('',(0.,1.,0.));
#5439 = DIRECTION('',(0.,-0.,1.));
#5440 = ORIENTED_EDGE('',*,*,#5441,.T.);
#5441 = EDGE_CURVE('',#5431,#5442,#5444,.T.);
#5442 = VERTEX_POINT('',#5443);
#5443 = CARTESIAN_POINT('',(5.050431536947,0.,-24.02199028283));
#5444 = LINE('',#5445,#5446);
#5445 = CARTESIAN_POINT('',(5.050431536947,2.,-24.02199028283));
#5446 = VECTOR('',#5447,1.);
#5447 = DIRECTION('',(-0.,-1.,-0.));
#5448 = ORIENTED_EDGE('',*,*,#5449,.T.);
#5449 = EDGE_CURVE('',#5442,#5450,#5452,.T.);
#5450 = VERTEX_POINT('',#5451);
#5451 = CARTESIAN_POINT('',(5.050431536947,0.,-27.02199028283));
#5452 = CIRCLE('',#5453,1.5);
#5453 = AXIS2_PLACEMENT_3D('',#5454,#5455,#5456);
#5454 = CARTESIAN_POINT('',(5.050431536947,0.,-25.52199028283));
#5455 = DIRECTION('',(0.,1.,0.));
#5456 = DIRECTION('',(0.,-0.,1.));
#5457 = ORIENTED_EDGE('',*,*,#5458,.F.);
#5458 = EDGE_CURVE('',#5433,#5450,#5459,.T.);
#5459 = LINE('',#5460,#5461);
#5460 = CARTESIAN_POINT('',(5.050431536947,2.,-27.02199028283));
#5461 = VECTOR('',#5462,1.);
#5462 = DIRECTION('',(-0.,-1.,-0.));
#5463 = CYLINDRICAL_SURFACE('',#5464,1.5);
#5464 = AXIS2_PLACEMENT_3D('',#5465,#5466,#5467);
#5465 = CARTESIAN_POINT('',(5.050431536947,2.,-25.52199028283));
#5466 = DIRECTION('',(-0.,-1.,-0.));
#5467 = DIRECTION('',(0.,0.,-1.));
#5468 = ADVANCED_FACE('',(#5469),#5487,.T.);
#5469 = FACE_BOUND('',#5470,.T.);
#5470 = EDGE_LOOP('',(#5471,#5472,#5479,#5480));
#5471 = ORIENTED_EDGE('',*,*,#5441,.F.);
#5472 = ORIENTED_EDGE('',*,*,#5473,.F.);
#5473 = EDGE_CURVE('',#5433,#5431,#5474,.T.);
#5474 = CIRCLE('',#5475,1.5);
#5475 = AXIS2_PLACEMENT_3D('',#5476,#5477,#5478);
#5476 = CARTESIAN_POINT('',(5.050431536947,2.,-25.52199028283));
#5477 = DIRECTION('',(0.,1.,0.));
#5478 = DIRECTION('',(0.,-0.,1.));
#5479 = ORIENTED_EDGE('',*,*,#5458,.T.);
#5480 = ORIENTED_EDGE('',*,*,#5481,.T.);
#5481 = EDGE_CURVE('',#5450,#5442,#5482,.T.);
#5482 = CIRCLE('',#5483,1.5);
#5483 = AXIS2_PLACEMENT_3D('',#5484,#5485,#5486);
#5484 = CARTESIAN_POINT('',(5.050431536947,0.,-25.52199028283));
#5485 = DIRECTION('',(0.,1.,0.));
#5486 = DIRECTION('',(0.,-0.,1.));
#5487 = CYLINDRICAL_SURFACE('',#5488,1.5);
#5488 = AXIS2_PLACEMENT_3D('',#5489,#5490,#5491);
#5489 = CARTESIAN_POINT('',(5.050431536947,2.,-25.52199028283));
#5490 = DIRECTION('',(-0.,-1.,-0.));
#5491 = DIRECTION('',(0.,0.,-1.));
#5492 = ADVANCED_FACE('',(#5493),#5497,.T.);
#5493 = FACE_BOUND('',#5494,.T.);
#5494 = EDGE_LOOP('',(#5495,#5496));
#5495 = ORIENTED_EDGE('',*,*,#5473,.T.);
#5496 = ORIENTED_EDGE('',*,*,#5430,.T.);
#5497 = PLANE('',#5498);
#5498 = AXIS2_PLACEMENT_3D('',#5499,#5500,#5501);
#5499 = CARTESIAN_POINT('',(5.050431536947,2.,-25.52199028283));
#5500 = DIRECTION('',(0.,1.,0.));
#5501 = DIRECTION('',(0.,-0.,1.));
#5502 = ADVANCED_FACE('',(#5503),#5507,.F.);
#5503 = FACE_BOUND('',#5504,.T.);
#5504 = EDGE_LOOP('',(#5505,#5506));
#5505 = ORIENTED_EDGE('',*,*,#5481,.F.);
#5506 = ORIENTED_EDGE('',*,*,#5449,.F.);
#5507 = PLANE('',#5508);
#5508 = AXIS2_PLACEMENT_3D('',#5509,#5510,#5511);
#5509 = CARTESIAN_POINT('',(5.050431536947,0.,-25.52199028283));
#5510 = DIRECTION('',(0.,1.,0.));
#5511 = DIRECTION('',(0.,-0.,1.));
#5512 = MANIFOLD_SOLID_BREP('',#5513);
#5513 = CLOSED_SHELL('',(#5514,#5556,#5580,#5590));
#5514 = ADVANCED_FACE('',(#5515),#5551,.T.);
#5515 = FACE_BOUND('',#5516,.T.);
#5516 = EDGE_LOOP('',(#5517,#5528,#5536,#5545));
#5517 = ORIENTED_EDGE('',*,*,#5518,.F.);
#5518 = EDGE_CURVE('',#5519,#5521,#5523,.T.);
#5519 = VERTEX_POINT('',#5520);
#5520 = CARTESIAN_POINT('',(5.050431536947,2.,-28.02199028283));
#5521 = VERTEX_POINT('',#5522);
#5522 = CARTESIAN_POINT('',(5.050431536947,2.,-31.02199028283));
#5523 = CIRCLE('',#5524,1.5);
#5524 = AXIS2_PLACEMENT_3D('',#5525,#5526,#5527);
#5525 = CARTESIAN_POINT('',(5.050431536947,2.,-29.52199028283));
#5526 = DIRECTION('',(0.,1.,0.));
#5527 = DIRECTION('',(0.,-0.,1.));
#5528 = ORIENTED_EDGE('',*,*,#5529,.T.);
#5529 = EDGE_CURVE('',#5519,#5530,#5532,.T.);
#5530 = VERTEX_POINT('',#5531);
#5531 = CARTESIAN_POINT('',(5.050431536947,0.,-28.02199028283));
#5532 = LINE('',#5533,#5534);
#5533 = CARTESIAN_POINT('',(5.050431536947,2.,-28.02199028283));
#5534 = VECTOR('',#5535,1.);
#5535 = DIRECTION('',(-0.,-1.,-0.));
#5536 = ORIENTED_EDGE('',*,*,#5537,.T.);
#5537 = EDGE_CURVE('',#5530,#5538,#5540,.T.);
#5538 = VERTEX_POINT('',#5539);
#5539 = CARTESIAN_POINT('',(5.050431536947,0.,-31.02199028283));
#5540 = CIRCLE('',#5541,1.5);
#5541 = AXIS2_PLACEMENT_3D('',#5542,#5543,#5544);
#5542 = CARTESIAN_POINT('',(5.050431536947,0.,-29.52199028283));
#5543 = DIRECTION('',(0.,1.,0.));
#5544 = DIRECTION('',(0.,-0.,1.));
#5545 = ORIENTED_EDGE('',*,*,#5546,.F.);
#5546 = EDGE_CURVE('',#5521,#5538,#5547,.T.);
#5547 = LINE('',#5548,#5549);
#5548 = CARTESIAN_POINT('',(5.050431536947,2.,-31.02199028283));
#5549 = VECTOR('',#5550,1.);
#5550 = DIRECTION('',(-0.,-1.,-0.));
#5551 = CYLINDRICAL_SURFACE('',#5552,1.5);
#5552 = AXIS2_PLACEMENT_3D('',#5553,#5554,#5555);
#5553 = CARTESIAN_POINT('',(5.050431536947,2.,-29.52199028283));
#5554 = DIRECTION('',(-0.,-1.,-0.));
#5555 = DIRECTION('',(0.,0.,-1.));
#5556 = ADVANCED_FACE('',(#5557),#5575,.T.);
#5557 = FACE_BOUND('',#5558,.T.);
#5558 = EDGE_LOOP('',(#5559,#5560,#5567,#5568));
#5559 = ORIENTED_EDGE('',*,*,#5529,.F.);
#5560 = ORIENTED_EDGE('',*,*,#5561,.F.);
#5561 = EDGE_CURVE('',#5521,#5519,#5562,.T.);
#5562 = CIRCLE('',#5563,1.5);
#5563 = AXIS2_PLACEMENT_3D('',#5564,#5565,#5566);
#5564 = CARTESIAN_POINT('',(5.050431536947,2.,-29.52199028283));
#5565 = DIRECTION('',(0.,1.,0.));
#5566 = DIRECTION('',(0.,-0.,1.));
#5567 = ORIENTED_EDGE('',*,*,#5546,.T.);
#5568 = ORIENTED_EDGE('',*,*,#5569,.T.);
#5569 = EDGE_CURVE('',#5538,#5530,#5570,.T.);
#5570 = CIRCLE('',#5571,1.5);
#5571 = AXIS2_PLACEMENT_3D('',#5572,#5573,#5574);
#5572 = CARTESIAN_POINT('',(5.050431536947,0.,-29.52199028283));
#5573 = DIRECTION('',(0.,1.,0.));
#5574 = DIRECTION('',(0.,-0.,1.));
#5575 = CYLINDRICAL_SURFACE('',#5576,1.5);
#5576 = AXIS2_PLACEMENT_3D('',#5577,#5578,#5579);
#5577 = CARTESIAN_POINT('',(5.050431536947,2.,-29.52199028283));
#5578 = DIRECTION('',(-0.,-1.,-0.));
#5579 = DIRECTION('',(0.,0.,-1.));
#5580 = ADVANCED_FACE('',(#5581),#5585,.T.);
#5581 = FACE_BOUND('',#5582,.T.);
#5582 = EDGE_LOOP('',(#5583,#5584));
#5583 = ORIENTED_EDGE('',*,*,#5561,.T.);
#5584 = ORIENTED_EDGE('',*,*,#5518,.T.);
#5585 = PLANE('',#5586);
#5586 = AXIS2_PLACEMENT_3D('',#5587,#5588,#5589);
#5587 = CARTESIAN_POINT('',(5.050431536947,2.,-29.52199028283));
#5588 = DIRECTION('',(0.,1.,0.));
#5589 = DIRECTION('',(0.,-0.,1.));
#5590 = ADVANCED_FACE('',(#5591),#5595,.F.);
#5591 = FACE_BOUND('',#5592,.T.);
#5592 = EDGE_LOOP('',(#5593,#5594));
#5593 = ORIENTED_EDGE('',*,*,#5569,.F.);
#5594 = ORIENTED_EDGE('',*,*,#5537,.F.);
#5595 = PLANE('',#5596);
#5596 = AXIS2_PLACEMENT_3D('',#5597,#5598,#5599);
#5597 = CARTESIAN_POINT('',(5.050431536947,0.,-29.52199028283));
#5598 = DIRECTION('',(0.,1.,0.));
#5599 = DIRECTION('',(0.,-0.,1.));
#5600 = MANIFOLD_SOLID_BREP('',#5601);
#5601 = CLOSED_SHELL('',(#5602,#5644,#5668,#5678));
#5602 = ADVANCED_FACE('',(#5603),#5639,.T.);
#5603 = FACE_BOUND('',#5604,.T.);
#5604 = EDGE_LOOP('',(#5605,#5616,#5624,#5633));
#5605 = ORIENTED_EDGE('',*,*,#5606,.F.);
#5606 = EDGE_CURVE('',#5607,#5609,#5611,.T.);
#5607 = VERTEX_POINT('',#5608);
#5608 = CARTESIAN_POINT('',(5.050431536947,2.,-32.02199028283));
#5609 = VERTEX_POINT('',#5610);
#5610 = CARTESIAN_POINT('',(5.050431536947,2.,-35.02199028283));
#5611 = CIRCLE('',#5612,1.5);
#5612 = AXIS2_PLACEMENT_3D('',#5613,#5614,#5615);
#5613 = CARTESIAN_POINT('',(5.050431536947,2.,-33.52199028283));
#5614 = DIRECTION('',(0.,1.,0.));
#5615 = DIRECTION('',(0.,-0.,1.));
#5616 = ORIENTED_EDGE('',*,*,#5617,.T.);
#5617 = EDGE_CURVE('',#5607,#5618,#5620,.T.);
#5618 = VERTEX_POINT('',#5619);
#5619 = CARTESIAN_POINT('',(5.050431536947,0.,-32.02199028283));
#5620 = LINE('',#5621,#5622);
#5621 = CARTESIAN_POINT('',(5.050431536947,2.,-32.02199028283));
#5622 = VECTOR('',#5623,1.);
#5623 = DIRECTION('',(-0.,-1.,-0.));
#5624 = ORIENTED_EDGE('',*,*,#5625,.T.);
#5625 = EDGE_CURVE('',#5618,#5626,#5628,.T.);
#5626 = VERTEX_POINT('',#5627);
#5627 = CARTESIAN_POINT('',(5.050431536947,0.,-35.02199028283));
#5628 = CIRCLE('',#5629,1.5);
#5629 = AXIS2_PLACEMENT_3D('',#5630,#5631,#5632);
#5630 = CARTESIAN_POINT('',(5.050431536947,0.,-33.52199028283));
#5631 = DIRECTION('',(0.,1.,0.));
#5632 = DIRECTION('',(0.,-0.,1.));
#5633 = ORIENTED_EDGE('',*,*,#5634,.F.);
#5634 = EDGE_CURVE('',#5609,#5626,#5635,.T.);
#5635 = LINE('',#5636,#5637);
#5636 = CARTESIAN_POINT('',(5.050431536947,2.,-35.02199028283));
#5637 = VECTOR('',#5638,1.);
#5638 = DIRECTION('',(-0.,-1.,-0.));
#5639 = CYLINDRICAL_SURFACE('',#5640,1.5);
#5640 = AXIS2_PLACEMENT_3D('',#5641,#5642,#5643);
#5641 = CARTESIAN_POINT('',(5.050431536947,2.,-33.52199028283));
#5642 = DIRECTION('',(-0.,-1.,-0.));
#5643 = DIRECTION('',(0.,0.,-1.));
#5644 = ADVANCED_FACE('',(#5645),#5663,.T.);
#5645 = FACE_BOUND('',#5646,.T.);
#5646 = EDGE_LOOP('',(#5647,#5648,#5655,#5656));
#5647 = ORIENTED_EDGE('',*,*,#5617,.F.);
#5648 = ORIENTED_EDGE('',*,*,#5649,.F.);
#5649 = EDGE_CURVE('',#5609,#5607,#5650,.T.);
#5650 = CIRCLE('',#5651,1.5);
#5651 = AXIS2_PLACEMENT_3D('',#5652,#5653,#5654);
#5652 = CARTESIAN_POINT('',(5.050431536947,2.,-33.52199028283));
#5653 = DIRECTION('',(0.,1.,0.));
#5654 = DIRECTION('',(0.,-0.,1.));
#5655 = ORIENTED_EDGE('',*,*,#5634,.T.);
#5656 = ORIENTED_EDGE('',*,*,#5657,.T.);
#5657 = EDGE_CURVE('',#5626,#5618,#5658,.T.);
#5658 = CIRCLE('',#5659,1.5);
#5659 = AXIS2_PLACEMENT_3D('',#5660,#5661,#5662);
#5660 = CARTESIAN_POINT('',(5.050431536947,0.,-33.52199028283));
#5661 = DIRECTION('',(0.,1.,0.));
#5662 = DIRECTION('',(0.,-0.,1.));
#5663 = CYLINDRICAL_SURFACE('',#5664,1.5);
#5664 = AXIS2_PLACEMENT_3D('',#5665,#5666,#5667);
#5665 = CARTESIAN_POINT('',(5.050431536947,2.,-33.52199028283));
#5666 = DIRECTION('',(-0.,-1.,-0.));
#5667 = DIRECTION('',(0.,0.,-1.));
#5668 = ADVANCED_FACE('',(#5669),#5673,.T.);
#5669 = FACE_BOUND('',#5670,.T.);
#5670 = EDGE_LOOP('',(#5671,#5672));
#5671 = ORIENTED_EDGE('',*,*,#5649,.T.);
#5672 = ORIENTED_EDGE('',*,*,#5606,.T.);
#5673 = PLANE('',#5674);
#5674 = AXIS2_PLACEMENT_3D('',#5675,#5676,#5677);
#5675 = CARTESIAN_POINT('',(5.050431536947,2.,-33.52199028283));
#5676 = DIRECTION('',(0.,1.,0.));
#5677 = DIRECTION('',(0.,-0.,1.));
#5678 = ADVANCED_FACE('',(#5679),#5683,.F.);
#5679 = FACE_BOUND('',#5680,.T.);
#5680 = EDGE_LOOP('',(#5681,#5682));
#5681 = ORIENTED_EDGE('',*,*,#5657,.F.);
#5682 = ORIENTED_EDGE('',*,*,#5625,.F.);
#5683 = PLANE('',#5684);
#5684 = AXIS2_PLACEMENT_3D('',#5685,#5686,#5687);
#5685 = CARTESIAN_POINT('',(5.050431536947,0.,-33.52199028283));
#5686 = DIRECTION('',(0.,1.,0.));
#5687 = DIRECTION('',(0.,-0.,1.));
#5688 = MANIFOLD_SOLID_BREP('',#5689);
#5689 = CLOSED_SHELL('',(#5690,#5732,#5756,#5766));
#5690 = ADVANCED_FACE('',(#5691),#5727,.T.);
#5691 = FACE_BOUND('',#5692,.T.);
#5692 = EDGE_LOOP('',(#5693,#5704,#5712,#5721));
#5693 = ORIENTED_EDGE('',*,*,#5694,.F.);
#5694 = EDGE_CURVE('',#5695,#5697,#5699,.T.);
#5695 = VERTEX_POINT('',#5696);
#5696 = CARTESIAN_POINT('',(5.050431536947,2.,-36.02199028283));
#5697 = VERTEX_POINT('',#5698);
#5698 = CARTESIAN_POINT('',(5.050431536947,2.,-39.02199028283));
#5699 = CIRCLE('',#5700,1.5);
#5700 = AXIS2_PLACEMENT_3D('',#5701,#5702,#5703);
#5701 = CARTESIAN_POINT('',(5.050431536947,2.,-37.52199028283));
#5702 = DIRECTION('',(0.,1.,0.));
#5703 = DIRECTION('',(0.,-0.,1.));
#5704 = ORIENTED_EDGE('',*,*,#5705,.T.);
#5705 = EDGE_CURVE('',#5695,#5706,#5708,.T.);
#5706 = VERTEX_POINT('',#5707);
#5707 = CARTESIAN_POINT('',(5.050431536947,0.,-36.02199028283));
#5708 = LINE('',#5709,#5710);
#5709 = CARTESIAN_POINT('',(5.050431536947,2.,-36.02199028283));
#5710 = VECTOR('',#5711,1.);
#5711 = DIRECTION('',(-0.,-1.,-0.));
#5712 = ORIENTED_EDGE('',*,*,#5713,.T.);
#5713 = EDGE_CURVE('',#5706,#5714,#5716,.T.);
#5714 = VERTEX_POINT('',#5715);
#5715 = CARTESIAN_POINT('',(5.050431536947,0.,-39.02199028283));
#5716 = CIRCLE('',#5717,1.5);
#5717 = AXIS2_PLACEMENT_3D('',#5718,#5719,#5720);
#5718 = CARTESIAN_POINT('',(5.050431536947,0.,-37.52199028283));
#5719 = DIRECTION('',(0.,1.,0.));
#5720 = DIRECTION('',(0.,-0.,1.));
#5721 = ORIENTED_EDGE('',*,*,#5722,.F.);
#5722 = EDGE_CURVE('',#5697,#5714,#5723,.T.);
#5723 = LINE('',#5724,#5725);
#5724 = CARTESIAN_POINT('',(5.050431536947,2.,-39.02199028283));
#5725 = VECTOR('',#5726,1.);
#5726 = DIRECTION('',(-0.,-1.,-0.));
#5727 = CYLINDRICAL_SURFACE('',#5728,1.5);
#5728 = AXIS2_PLACEMENT_3D('',#5729,#5730,#5731);
#5729 = CARTESIAN_POINT('',(5.050431536947,2.,-37.52199028283));
#5730 = DIRECTION('',(-0.,-1.,-0.));
#5731 = DIRECTION('',(0.,0.,-1.));
#5732 = ADVANCED_FACE('',(#5733),#5751,.T.);
#5733 = FACE_BOUND('',#5734,.T.);
#5734 = EDGE_LOOP('',(#5735,#5736,#5743,#5744));
#5735 = ORIENTED_EDGE('',*,*,#5705,.F.);
#5736 = ORIENTED_EDGE('',*,*,#5737,.F.);
#5737 = EDGE_CURVE('',#5697,#5695,#5738,.T.);
#5738 = CIRCLE('',#5739,1.5);
#5739 = AXIS2_PLACEMENT_3D('',#5740,#5741,#5742);
#5740 = CARTESIAN_POINT('',(5.050431536947,2.,-37.52199028283));
#5741 = DIRECTION('',(0.,1.,0.));
#5742 = DIRECTION('',(0.,-0.,1.));
#5743 = ORIENTED_EDGE('',*,*,#5722,.T.);
#5744 = ORIENTED_EDGE('',*,*,#5745,.T.);
#5745 = EDGE_CURVE('',#5714,#5706,#5746,.T.);
#5746 = CIRCLE('',#5747,1.5);
#5747 = AXIS2_PLACEMENT_3D('',#5748,#5749,#5750);
#5748 = CARTESIAN_POINT('',(5.050431536947,0.,-37.52199028283));
#5749 = DIRECTION('',(0.,1.,0.));
#5750 = DIRECTION('',(0.,-0.,1.));
#5751 = CYLINDRICAL_SURFACE('',#5752,1.5);
#5752 = AXIS2_PLACEMENT_3D('',#5753,#5754,#5755);
#5753 = CARTESIAN_POINT('',(5.050431536947,2.,-37.52199028283));
#5754 = DIRECTION('',(-0.,-1.,-0.));
#5755 = DIRECTION('',(0.,0.,-1.));
#5756 = ADVANCED_FACE('',(#5757),#5761,.T.);
#5757 = FACE_BOUND('',#5758,.T.);
#5758 = EDGE_LOOP('',(#5759,#5760));
#5759 = ORIENTED_EDGE('',*,*,#5737,.T.);
#5760 = ORIENTED_EDGE('',*,*,#5694,.T.);
#5761 = PLANE('',#5762);
#5762 = AXIS2_PLACEMENT_3D('',#5763,#5764,#5765);
#5763 = CARTESIAN_POINT('',(5.050431536947,2.,-37.52199028283));
#5764 = DIRECTION('',(0.,1.,0.));
#5765 = DIRECTION('',(0.,-0.,1.));
#5766 = ADVANCED_FACE('',(#5767),#5771,.F.);
#5767 = FACE_BOUND('',#5768,.T.);
#5768 = EDGE_LOOP('',(#5769,#5770));
#5769 = ORIENTED_EDGE('',*,*,#5745,.F.);
#5770 = ORIENTED_EDGE('',*,*,#5713,.F.);
#5771 = PLANE('',#5772);
#5772 = AXIS2_PLACEMENT_3D('',#5773,#5774,#5775);
#5773 = CARTESIAN_POINT('',(5.050431536947,0.,-37.52199028283));
#5774 = DIRECTION('',(0.,1.,0.));
#5775 = DIRECTION('',(0.,-0.,1.));
#5776 = ( GEOMETRIC_REPRESENTATION_CONTEXT(3) 
GLOBAL_UNCERTAINTY_ASSIGNED_CONTEXT((#5780)) 
GLOBAL_UNIT_ASSIGNED_CONTEXT((#5777,#5778,#5779)) REPRESENTATION_CONTEXT
('Context #1','3D Context with UNIT and UNCERTAINTY') );
#5777 = ( LENGTH_UNIT() NAMED_UNIT(*) SI_UNIT(.MILLI.,.METRE.) );
#5778 = ( NAMED_UNIT(*) PLANE_ANGLE_UNIT() SI_UNIT($,.RADIAN.) );
#5779 = ( NAMED_UNIT(*) SI_UNIT($,.STERADIAN.) SOLID_ANGLE_UNIT() );
#5780 = UNCERTAINTY_MEASURE_WITH_UNIT(LENGTH_MEASURE(1.E-07),#5777,
  'distance_accuracy_value','confusion accuracy');
#5781 = CONTEXT_DEPENDENT_SHAPE_REPRESENTATION(#5782,#5784);
#5782 = ( REPRESENTATION_RELATIONSHIP('','',#143,#48) 
REPRESENTATION_RELATIONSHIP_WITH_TRANSFORMATION(#5783) 
SHAPE_REPRESENTATION_RELATIONSHIP() );
#5783 = ITEM_DEFINED_TRANSFORMATION('','',#11,#49);
#5784 = PRODUCT_DEFINITION_SHAPE('Placement','Placement of an item',
  #5785);
#5785 = NEXT_ASSEMBLY_USAGE_OCCURRENCE('1','NAUO1','',#43,#138,$);
#5786 = PRODUCT_RELATED_PRODUCT_CATEGORY('part',$,(#140));
#5787 = SHAPE_DEFINITION_REPRESENTATION(#5788,#5794);
#5788 = PRODUCT_DEFINITION_SHAPE('','',#5789);
#5789 = PRODUCT_DEFINITION('design','',#5790,#5793);
#5790 = PRODUCT_DEFINITION_FORMATION('','',#5791);
#5791 = PRODUCT('1088-shell','1088-shell','',(#5792));
#5792 = PRODUCT_CONTEXT('',#2,'mechanical');
#5793 = PRODUCT_DEFINITION_CONTEXT('part definition',#2,'design');
#5794 = ADVANCED_BREP_SHAPE_REPRESENTATION('',(#11,#5795),#11409);
#5795 = MANIFOLD_SOLID_BREP('',#5796);
#5796 = CLOSED_SHELL('',(#5797,#5839,#5881,#5923,#5965,#6007,#6049,#6091
    ,#6133,#6175,#6217,#6259,#6301,#6343,#6385,#6427,#6469,#6511,#6553,
    #6595,#6637,#6679,#6721,#6763,#6805,#6847,#6889,#6931,#6973,#7015,
    #7057,#7099,#7141,#7183,#7225,#7267,#7309,#7351,#7393,#7435,#7477,
    #7519,#7561,#7603,#7645,#7687,#7729,#7771,#7813,#7855,#7897,#7939,
    #7981,#8023,#8065,#8107,#8149,#8191,#8233,#8275,#8317,#8359,#8401,
    #8443,#8485,#9165,#9221,#9277,#9333,#9396,#9450,#9497,#9554,#9594,
    #10246,#10270,#10294,#10319,#10343,#10360,#10384,#10408,#10425,
    #10449,#10473,#10490,#10514,#10538,#10555,#10583,#10604,#10625,
    #10641,#10653,#10665,#10677,#10689,#10701,#10713,#10725,#10737,
    #10749,#10761,#10773,#10785,#10797,#10809,#10821,#10833,#10845,
    #10857,#10869,#10881,#10893,#10905,#10917,#10929,#10941,#10953,
    #10965,#10977,#10989,#11001,#11013,#11025,#11037,#11049,#11061,
    #11073,#11085,#11097,#11109,#11121,#11133,#11145,#11157,#11169,
    #11181,#11193,#11205,#11217,#11229,#11241,#11253,#11265,#11277,
    #11289,#11301,#11313,#11325,#11337,#11349,#11361,#11373,#11385,
    #11397));
#5797 = ADVANCED_FACE('',(#5798),#5834,.F.);
#5798 = FACE_BOUND('',#5799,.F.);
#5799 = EDGE_LOOP('',(#5800,#5810,#5819,#5827));
#5800 = ORIENTED_EDGE('',*,*,#5801,.T.);
#5801 = EDGE_CURVE('',#5802,#5804,#5806,.T.);
#5802 = VERTEX_POINT('',#5803);
#5803 = CARTESIAN_POINT('',(18.,1.5,-19.5));
#5804 = VERTEX_POINT('',#5805);
#5805 = CARTESIAN_POINT('',(18.,0.,-19.5));
#5806 = LINE('',#5807,#5808);
#5807 = CARTESIAN_POINT('',(18.,5.742640687119,-19.5));
#5808 = VECTOR('',#5809,1.);
#5809 = DIRECTION('',(-0.,-1.,-0.));
#5810 = ORIENTED_EDGE('',*,*,#5811,.F.);
#5811 = EDGE_CURVE('',#5812,#5804,#5814,.T.);
#5812 = VERTEX_POINT('',#5813);
#5813 = CARTESIAN_POINT('',(18.,0.,-16.5));
#5814 = CIRCLE('',#5815,1.5);
#5815 = AXIS2_PLACEMENT_3D('',#5816,#5817,#5818);
#5816 = CARTESIAN_POINT('',(18.,0.,-18.));
#5817 = DIRECTION('',(0.,-1.,0.));
#5818 = DIRECTION('',(0.,0.,-1.));
#5819 = ORIENTED_EDGE('',*,*,#5820,.F.);
#5820 = EDGE_CURVE('',#5821,#5812,#5823,.T.);
#5821 = VERTEX_POINT('',#5822);
#5822 = CARTESIAN_POINT('',(18.,1.5,-16.5));
#5823 = LINE('',#5824,#5825);
#5824 = CARTESIAN_POINT('',(18.,5.742640687119,-16.5));
#5825 = VECTOR('',#5826,1.);
#5826 = DIRECTION('',(-0.,-1.,-0.));
#5827 = ORIENTED_EDGE('',*,*,#5828,.F.);
#5828 = EDGE_CURVE('',#5802,#5821,#5829,.T.);
#5829 = CIRCLE('',#5830,1.5);
#5830 = AXIS2_PLACEMENT_3D('',#5831,#5832,#5833);
#5831 = CARTESIAN_POINT('',(18.,1.5,-18.));
#5832 = DIRECTION('',(-0.,1.,0.));
#5833 = DIRECTION('',(0.,0.,-1.));
#5834 = CYLINDRICAL_SURFACE('',#5835,1.5);
#5835 = AXIS2_PLACEMENT_3D('',#5836,#5837,#5838);
#5836 = CARTESIAN_POINT('',(18.,5.742640687119,-18.));
#5837 = DIRECTION('',(-0.,-1.,-0.));
#5838 = DIRECTION('',(0.,0.,-1.));
#5839 = ADVANCED_FACE('',(#5840),#5876,.F.);
#5840 = FACE_BOUND('',#5841,.F.);
#5841 = EDGE_LOOP('',(#5842,#5852,#5861,#5869));
#5842 = ORIENTED_EDGE('',*,*,#5843,.T.);
#5843 = EDGE_CURVE('',#5844,#5846,#5848,.T.);
#5844 = VERTEX_POINT('',#5845);
#5845 = CARTESIAN_POINT('',(30.,1.5,-23.5));
#5846 = VERTEX_POINT('',#5847);
#5847 = CARTESIAN_POINT('',(30.,0.,-23.5));
#5848 = LINE('',#5849,#5850);
#5849 = CARTESIAN_POINT('',(30.,5.742640687119,-23.5));
#5850 = VECTOR('',#5851,1.);
#5851 = DIRECTION('',(-0.,-1.,-0.));
#5852 = ORIENTED_EDGE('',*,*,#5853,.F.);
#5853 = EDGE_CURVE('',#5854,#5846,#5856,.T.);
#5854 = VERTEX_POINT('',#5855);
#5855 = CARTESIAN_POINT('',(30.,0.,-20.5));
#5856 = CIRCLE('',#5857,1.5);
#5857 = AXIS2_PLACEMENT_3D('',#5858,#5859,#5860);
#5858 = CARTESIAN_POINT('',(30.,0.,-22.));
#5859 = DIRECTION('',(0.,-1.,0.));
#5860 = DIRECTION('',(0.,0.,-1.));
#5861 = ORIENTED_EDGE('',*,*,#5862,.F.);
#5862 = EDGE_CURVE('',#5863,#5854,#5865,.T.);
#5863 = VERTEX_POINT('',#5864);
#5864 = CARTESIAN_POINT('',(30.,1.5,-20.5));
#5865 = LINE('',#5866,#5867);
#5866 = CARTESIAN_POINT('',(30.,5.742640687119,-20.5));
#5867 = VECTOR('',#5868,1.);
#5868 = DIRECTION('',(-0.,-1.,-0.));
#5869 = ORIENTED_EDGE('',*,*,#5870,.F.);
#5870 = EDGE_CURVE('',#5844,#5863,#5871,.T.);
#5871 = CIRCLE('',#5872,1.5);
#5872 = AXIS2_PLACEMENT_3D('',#5873,#5874,#5875);
#5873 = CARTESIAN_POINT('',(30.,1.5,-22.));
#5874 = DIRECTION('',(-0.,1.,0.));
#5875 = DIRECTION('',(0.,0.,-1.));
#5876 = CYLINDRICAL_SURFACE('',#5877,1.5);
#5877 = AXIS2_PLACEMENT_3D('',#5878,#5879,#5880);
#5878 = CARTESIAN_POINT('',(30.,5.742640687119,-22.));
#5879 = DIRECTION('',(-0.,-1.,-0.));
#5880 = DIRECTION('',(0.,0.,-1.));
#5881 = ADVANCED_FACE('',(#5882),#5918,.F.);
#5882 = FACE_BOUND('',#5883,.F.);
#5883 = EDGE_LOOP('',(#5884,#5894,#5903,#5911));
#5884 = ORIENTED_EDGE('',*,*,#5885,.T.);
#5885 = EDGE_CURVE('',#5886,#5888,#5890,.T.);
#5886 = VERTEX_POINT('',#5887);
#5887 = CARTESIAN_POINT('',(6.,1.5,-19.5));
#5888 = VERTEX_POINT('',#5889);
#5889 = CARTESIAN_POINT('',(6.,0.,-19.5));
#5890 = LINE('',#5891,#5892);
#5891 = CARTESIAN_POINT('',(6.,5.742640687119,-19.5));
#5892 = VECTOR('',#5893,1.);
#5893 = DIRECTION('',(-0.,-1.,-0.));
#5894 = ORIENTED_EDGE('',*,*,#5895,.F.);
#5895 = EDGE_CURVE('',#5896,#5888,#5898,.T.);
#5896 = VERTEX_POINT('',#5897);
#5897 = CARTESIAN_POINT('',(6.,0.,-16.5));
#5898 = CIRCLE('',#5899,1.5);
#5899 = AXIS2_PLACEMENT_3D('',#5900,#5901,#5902);
#5900 = CARTESIAN_POINT('',(6.,0.,-18.));
#5901 = DIRECTION('',(0.,-1.,0.));
#5902 = DIRECTION('',(0.,0.,-1.));
#5903 = ORIENTED_EDGE('',*,*,#5904,.F.);
#5904 = EDGE_CURVE('',#5905,#5896,#5907,.T.);
#5905 = VERTEX_POINT('',#5906);
#5906 = CARTESIAN_POINT('',(6.,1.5,-16.5));
#5907 = LINE('',#5908,#5909);
#5908 = CARTESIAN_POINT('',(6.,5.742640687119,-16.5));
#5909 = VECTOR('',#5910,1.);
#5910 = DIRECTION('',(-0.,-1.,-0.));
#5911 = ORIENTED_EDGE('',*,*,#5912,.F.);
#5912 = EDGE_CURVE('',#5886,#5905,#5913,.T.);
#5913 = CIRCLE('',#5914,1.5);
#5914 = AXIS2_PLACEMENT_3D('',#5915,#5916,#5917);
#5915 = CARTESIAN_POINT('',(6.,1.5,-18.));
#5916 = DIRECTION('',(-0.,1.,0.));
#5917 = DIRECTION('',(0.,0.,-1.));
#5918 = CYLINDRICAL_SURFACE('',#5919,1.5);
#5919 = AXIS2_PLACEMENT_3D('',#5920,#5921,#5922);
#5920 = CARTESIAN_POINT('',(6.,5.742640687119,-18.));
#5921 = DIRECTION('',(-0.,-1.,-0.));
#5922 = DIRECTION('',(0.,0.,-1.));
#5923 = ADVANCED_FACE('',(#5924),#5960,.F.);
#5924 = FACE_BOUND('',#5925,.F.);
#5925 = EDGE_LOOP('',(#5926,#5936,#5945,#5953));
#5926 = ORIENTED_EDGE('',*,*,#5927,.T.);
#5927 = EDGE_CURVE('',#5928,#5930,#5932,.T.);
#5928 = VERTEX_POINT('',#5929);
#5929 = CARTESIAN_POINT('',(10.,1.5,-19.5));
#5930 = VERTEX_POINT('',#5931);
#5931 = CARTESIAN_POINT('',(10.,0.,-19.5));
#5932 = LINE('',#5933,#5934);
#5933 = CARTESIAN_POINT('',(10.,5.742640687119,-19.5));
#5934 = VECTOR('',#5935,1.);
#5935 = DIRECTION('',(-0.,-1.,-0.));
#5936 = ORIENTED_EDGE('',*,*,#5937,.F.);
#5937 = EDGE_CURVE('',#5938,#5930,#5940,.T.);
#5938 = VERTEX_POINT('',#5939);
#5939 = CARTESIAN_POINT('',(10.,0.,-16.5));
#5940 = CIRCLE('',#5941,1.5);
#5941 = AXIS2_PLACEMENT_3D('',#5942,#5943,#5944);
#5942 = CARTESIAN_POINT('',(10.,0.,-18.));
#5943 = DIRECTION('',(0.,-1.,0.));
#5944 = DIRECTION('',(0.,0.,-1.));
#5945 = ORIENTED_EDGE('',*,*,#5946,.F.);
#5946 = EDGE_CURVE('',#5947,#5938,#5949,.T.);
#5947 = VERTEX_POINT('',#5948);
#5948 = CARTESIAN_POINT('',(10.,1.5,-16.5));
#5949 = LINE('',#5950,#5951);
#5950 = CARTESIAN_POINT('',(10.,5.742640687119,-16.5));
#5951 = VECTOR('',#5952,1.);
#5952 = DIRECTION('',(-0.,-1.,-0.));
#5953 = ORIENTED_EDGE('',*,*,#5954,.F.);
#5954 = EDGE_CURVE('',#5928,#5947,#5955,.T.);
#5955 = CIRCLE('',#5956,1.5);
#5956 = AXIS2_PLACEMENT_3D('',#5957,#5958,#5959);
#5957 = CARTESIAN_POINT('',(10.,1.5,-18.));
#5958 = DIRECTION('',(-0.,1.,0.));
#5959 = DIRECTION('',(0.,0.,-1.));
#5960 = CYLINDRICAL_SURFACE('',#5961,1.5);
#5961 = AXIS2_PLACEMENT_3D('',#5962,#5963,#5964);
#5962 = CARTESIAN_POINT('',(10.,5.742640687119,-18.));
#5963 = DIRECTION('',(-0.,-1.,-0.));
#5964 = DIRECTION('',(0.,0.,-1.));
#5965 = ADVANCED_FACE('',(#5966),#6002,.F.);
#5966 = FACE_BOUND('',#5967,.F.);
#5967 = EDGE_LOOP('',(#5968,#5978,#5987,#5995));
#5968 = ORIENTED_EDGE('',*,*,#5969,.T.);
#5969 = EDGE_CURVE('',#5970,#5972,#5974,.T.);
#5970 = VERTEX_POINT('',#5971);
#5971 = CARTESIAN_POINT('',(14.,1.5,-19.5));
#5972 = VERTEX_POINT('',#5973);
#5973 = CARTESIAN_POINT('',(14.,0.,-19.5));
#5974 = LINE('',#5975,#5976);
#5975 = CARTESIAN_POINT('',(14.,5.742640687119,-19.5));
#5976 = VECTOR('',#5977,1.);
#5977 = DIRECTION('',(-0.,-1.,-0.));
#5978 = ORIENTED_EDGE('',*,*,#5979,.F.);
#5979 = EDGE_CURVE('',#5980,#5972,#5982,.T.);
#5980 = VERTEX_POINT('',#5981);
#5981 = CARTESIAN_POINT('',(14.,0.,-16.5));
#5982 = CIRCLE('',#5983,1.5);
#5983 = AXIS2_PLACEMENT_3D('',#5984,#5985,#5986);
#5984 = CARTESIAN_POINT('',(14.,0.,-18.));
#5985 = DIRECTION('',(0.,-1.,0.));
#5986 = DIRECTION('',(0.,0.,-1.));
#5987 = ORIENTED_EDGE('',*,*,#5988,.F.);
#5988 = EDGE_CURVE('',#5989,#5980,#5991,.T.);
#5989 = VERTEX_POINT('',#5990);
#5990 = CARTESIAN_POINT('',(14.,1.5,-16.5));
#5991 = LINE('',#5992,#5993);
#5992 = CARTESIAN_POINT('',(14.,5.742640687119,-16.5));
#5993 = VECTOR('',#5994,1.);
#5994 = DIRECTION('',(-0.,-1.,-0.));
#5995 = ORIENTED_EDGE('',*,*,#5996,.F.);
#5996 = EDGE_CURVE('',#5970,#5989,#5997,.T.);
#5997 = CIRCLE('',#5998,1.5);
#5998 = AXIS2_PLACEMENT_3D('',#5999,#6000,#6001);
#5999 = CARTESIAN_POINT('',(14.,1.5,-18.));
#6000 = DIRECTION('',(-0.,1.,0.));
#6001 = DIRECTION('',(0.,0.,-1.));
#6002 = CYLINDRICAL_SURFACE('',#6003,1.5);
#6003 = AXIS2_PLACEMENT_3D('',#6004,#6005,#6006);
#6004 = CARTESIAN_POINT('',(14.,5.742640687119,-18.));
#6005 = DIRECTION('',(-0.,-1.,-0.));
#6006 = DIRECTION('',(0.,0.,-1.));
#6007 = ADVANCED_FACE('',(#6008),#6044,.F.);
#6008 = FACE_BOUND('',#6009,.F.);
#6009 = EDGE_LOOP('',(#6010,#6020,#6029,#6037));
#6010 = ORIENTED_EDGE('',*,*,#6011,.T.);
#6011 = EDGE_CURVE('',#6012,#6014,#6016,.T.);
#6012 = VERTEX_POINT('',#6013);
#6013 = CARTESIAN_POINT('',(26.,1.5,-23.5));
#6014 = VERTEX_POINT('',#6015);
#6015 = CARTESIAN_POINT('',(26.,0.,-23.5));
#6016 = LINE('',#6017,#6018);
#6017 = CARTESIAN_POINT('',(26.,5.742640687119,-23.5));
#6018 = VECTOR('',#6019,1.);
#6019 = DIRECTION('',(-0.,-1.,-0.));
#6020 = ORIENTED_EDGE('',*,*,#6021,.F.);
#6021 = EDGE_CURVE('',#6022,#6014,#6024,.T.);
#6022 = VERTEX_POINT('',#6023);
#6023 = CARTESIAN_POINT('',(26.,0.,-20.5));
#6024 = CIRCLE('',#6025,1.5);
#6025 = AXIS2_PLACEMENT_3D('',#6026,#6027,#6028);
#6026 = CARTESIAN_POINT('',(26.,0.,-22.));
#6027 = DIRECTION('',(0.,-1.,0.));
#6028 = DIRECTION('',(0.,0.,-1.));
#6029 = ORIENTED_EDGE('',*,*,#6030,.F.);
#6030 = EDGE_CURVE('',#6031,#6022,#6033,.T.);
#6031 = VERTEX_POINT('',#6032);
#6032 = CARTESIAN_POINT('',(26.,1.5,-20.5));
#6033 = LINE('',#6034,#6035);
#6034 = CARTESIAN_POINT('',(26.,5.742640687119,-20.5));
#6035 = VECTOR('',#6036,1.);
#6036 = DIRECTION('',(-0.,-1.,-0.));
#6037 = ORIENTED_EDGE('',*,*,#6038,.F.);
#6038 = EDGE_CURVE('',#6012,#6031,#6039,.T.);
#6039 = CIRCLE('',#6040,1.5);
#6040 = AXIS2_PLACEMENT_3D('',#6041,#6042,#6043);
#6041 = CARTESIAN_POINT('',(26.,1.5,-22.));
#6042 = DIRECTION('',(-0.,1.,0.));
#6043 = DIRECTION('',(0.,0.,-1.));
#6044 = CYLINDRICAL_SURFACE('',#6045,1.5);
#6045 = AXIS2_PLACEMENT_3D('',#6046,#6047,#6048);
#6046 = CARTESIAN_POINT('',(26.,5.742640687119,-22.));
#6047 = DIRECTION('',(-0.,-1.,-0.));
#6048 = DIRECTION('',(0.,0.,-1.));
#6049 = ADVANCED_FACE('',(#6050),#6086,.F.);
#6050 = FACE_BOUND('',#6051,.F.);
#6051 = EDGE_LOOP('',(#6052,#6062,#6071,#6079));
#6052 = ORIENTED_EDGE('',*,*,#6053,.T.);
#6053 = EDGE_CURVE('',#6054,#6056,#6058,.T.);
#6054 = VERTEX_POINT('',#6055);
#6055 = CARTESIAN_POINT('',(22.,1.5,-23.5));
#6056 = VERTEX_POINT('',#6057);
#6057 = CARTESIAN_POINT('',(22.,0.,-23.5));
#6058 = LINE('',#6059,#6060);
#6059 = CARTESIAN_POINT('',(22.,5.742640687119,-23.5));
#6060 = VECTOR('',#6061,1.);
#6061 = DIRECTION('',(-0.,-1.,-0.));
#6062 = ORIENTED_EDGE('',*,*,#6063,.F.);
#6063 = EDGE_CURVE('',#6064,#6056,#6066,.T.);
#6064 = VERTEX_POINT('',#6065);
#6065 = CARTESIAN_POINT('',(22.,0.,-20.5));
#6066 = CIRCLE('',#6067,1.5);
#6067 = AXIS2_PLACEMENT_3D('',#6068,#6069,#6070);
#6068 = CARTESIAN_POINT('',(22.,0.,-22.));
#6069 = DIRECTION('',(0.,-1.,0.));
#6070 = DIRECTION('',(0.,0.,-1.));
#6071 = ORIENTED_EDGE('',*,*,#6072,.F.);
#6072 = EDGE_CURVE('',#6073,#6064,#6075,.T.);
#6073 = VERTEX_POINT('',#6074);
#6074 = CARTESIAN_POINT('',(22.,1.5,-20.5));
#6075 = LINE('',#6076,#6077);
#6076 = CARTESIAN_POINT('',(22.,5.742640687119,-20.5));
#6077 = VECTOR('',#6078,1.);
#6078 = DIRECTION('',(-0.,-1.,-0.));
#6079 = ORIENTED_EDGE('',*,*,#6080,.F.);
#6080 = EDGE_CURVE('',#6054,#6073,#6081,.T.);
#6081 = CIRCLE('',#6082,1.5);
#6082 = AXIS2_PLACEMENT_3D('',#6083,#6084,#6085);
#6083 = CARTESIAN_POINT('',(22.,1.5,-22.));
#6084 = DIRECTION('',(-0.,1.,0.));
#6085 = DIRECTION('',(0.,0.,-1.));
#6086 = CYLINDRICAL_SURFACE('',#6087,1.5);
#6087 = AXIS2_PLACEMENT_3D('',#6088,#6089,#6090);
#6088 = CARTESIAN_POINT('',(22.,5.742640687119,-22.));
#6089 = DIRECTION('',(-0.,-1.,-0.));
#6090 = DIRECTION('',(0.,0.,-1.));
#6091 = ADVANCED_FACE('',(#6092),#6128,.F.);
#6092 = FACE_BOUND('',#6093,.F.);
#6093 = EDGE_LOOP('',(#6094,#6104,#6113,#6121));
#6094 = ORIENTED_EDGE('',*,*,#6095,.T.);
#6095 = EDGE_CURVE('',#6096,#6098,#6100,.T.);
#6096 = VERTEX_POINT('',#6097);
#6097 = CARTESIAN_POINT('',(18.,1.5,-23.5));
#6098 = VERTEX_POINT('',#6099);
#6099 = CARTESIAN_POINT('',(18.,0.,-23.5));
#6100 = LINE('',#6101,#6102);
#6101 = CARTESIAN_POINT('',(18.,5.742640687119,-23.5));
#6102 = VECTOR('',#6103,1.);
#6103 = DIRECTION('',(-0.,-1.,-0.));
#6104 = ORIENTED_EDGE('',*,*,#6105,.F.);
#6105 = EDGE_CURVE('',#6106,#6098,#6108,.T.);
#6106 = VERTEX_POINT('',#6107);
#6107 = CARTESIAN_POINT('',(18.,0.,-20.5));
#6108 = CIRCLE('',#6109,1.5);
#6109 = AXIS2_PLACEMENT_3D('',#6110,#6111,#6112);
#6110 = CARTESIAN_POINT('',(18.,0.,-22.));
#6111 = DIRECTION('',(0.,-1.,0.));
#6112 = DIRECTION('',(0.,0.,-1.));
#6113 = ORIENTED_EDGE('',*,*,#6114,.F.);
#6114 = EDGE_CURVE('',#6115,#6106,#6117,.T.);
#6115 = VERTEX_POINT('',#6116);
#6116 = CARTESIAN_POINT('',(18.,1.5,-20.5));
#6117 = LINE('',#6118,#6119);
#6118 = CARTESIAN_POINT('',(18.,5.742640687119,-20.5));
#6119 = VECTOR('',#6120,1.);
#6120 = DIRECTION('',(-0.,-1.,-0.));
#6121 = ORIENTED_EDGE('',*,*,#6122,.F.);
#6122 = EDGE_CURVE('',#6096,#6115,#6123,.T.);
#6123 = CIRCLE('',#6124,1.5);
#6124 = AXIS2_PLACEMENT_3D('',#6125,#6126,#6127);
#6125 = CARTESIAN_POINT('',(18.,1.5,-22.));
#6126 = DIRECTION('',(-0.,1.,0.));
#6127 = DIRECTION('',(0.,0.,-1.));
#6128 = CYLINDRICAL_SURFACE('',#6129,1.5);
#6129 = AXIS2_PLACEMENT_3D('',#6130,#6131,#6132);
#6130 = CARTESIAN_POINT('',(18.,5.742640687119,-22.));
#6131 = DIRECTION('',(-0.,-1.,-0.));
#6132 = DIRECTION('',(0.,0.,-1.));
#6133 = ADVANCED_FACE('',(#6134),#6170,.F.);
#6134 = FACE_BOUND('',#6135,.F.);
#6135 = EDGE_LOOP('',(#6136,#6146,#6155,#6163));
#6136 = ORIENTED_EDGE('',*,*,#6137,.T.);
#6137 = EDGE_CURVE('',#6138,#6140,#6142,.T.);
#6138 = VERTEX_POINT('',#6139);
#6139 = CARTESIAN_POINT('',(14.,1.5,-23.5));
#6140 = VERTEX_POINT('',#6141);
#6141 = CARTESIAN_POINT('',(14.,0.,-23.5));
#6142 = LINE('',#6143,#6144);
#6143 = CARTESIAN_POINT('',(14.,5.742640687119,-23.5));
#6144 = VECTOR('',#6145,1.);
#6145 = DIRECTION('',(-0.,-1.,-0.));
#6146 = ORIENTED_EDGE('',*,*,#6147,.F.);
#6147 = EDGE_CURVE('',#6148,#6140,#6150,.T.);
#6148 = VERTEX_POINT('',#6149);
#6149 = CARTESIAN_POINT('',(14.,0.,-20.5));
#6150 = CIRCLE('',#6151,1.5);
#6151 = AXIS2_PLACEMENT_3D('',#6152,#6153,#6154);
#6152 = CARTESIAN_POINT('',(14.,0.,-22.));
#6153 = DIRECTION('',(0.,-1.,0.));
#6154 = DIRECTION('',(0.,0.,-1.));
#6155 = ORIENTED_EDGE('',*,*,#6156,.F.);
#6156 = EDGE_CURVE('',#6157,#6148,#6159,.T.);
#6157 = VERTEX_POINT('',#6158);
#6158 = CARTESIAN_POINT('',(14.,1.5,-20.5));
#6159 = LINE('',#6160,#6161);
#6160 = CARTESIAN_POINT('',(14.,5.742640687119,-20.5));
#6161 = VECTOR('',#6162,1.);
#6162 = DIRECTION('',(-0.,-1.,-0.));
#6163 = ORIENTED_EDGE('',*,*,#6164,.F.);
#6164 = EDGE_CURVE('',#6138,#6157,#6165,.T.);
#6165 = CIRCLE('',#6166,1.5);
#6166 = AXIS2_PLACEMENT_3D('',#6167,#6168,#6169);
#6167 = CARTESIAN_POINT('',(14.,1.5,-22.));
#6168 = DIRECTION('',(-0.,1.,0.));
#6169 = DIRECTION('',(0.,0.,-1.));
#6170 = CYLINDRICAL_SURFACE('',#6171,1.5);
#6171 = AXIS2_PLACEMENT_3D('',#6172,#6173,#6174);
#6172 = CARTESIAN_POINT('',(14.,5.742640687119,-22.));
#6173 = DIRECTION('',(-0.,-1.,-0.));
#6174 = DIRECTION('',(0.,0.,-1.));
#6175 = ADVANCED_FACE('',(#6176),#6212,.F.);
#6176 = FACE_BOUND('',#6177,.F.);
#6177 = EDGE_LOOP('',(#6178,#6188,#6197,#6205));
#6178 = ORIENTED_EDGE('',*,*,#6179,.T.);
#6179 = EDGE_CURVE('',#6180,#6182,#6184,.T.);
#6180 = VERTEX_POINT('',#6181);
#6181 = CARTESIAN_POINT('',(22.,1.5,-19.5));
#6182 = VERTEX_POINT('',#6183);
#6183 = CARTESIAN_POINT('',(22.,0.,-19.5));
#6184 = LINE('',#6185,#6186);
#6185 = CARTESIAN_POINT('',(22.,5.742640687119,-19.5));
#6186 = VECTOR('',#6187,1.);
#6187 = DIRECTION('',(-0.,-1.,-0.));
#6188 = ORIENTED_EDGE('',*,*,#6189,.F.);
#6189 = EDGE_CURVE('',#6190,#6182,#6192,.T.);
#6190 = VERTEX_POINT('',#6191);
#6191 = CARTESIAN_POINT('',(22.,0.,-16.5));
#6192 = CIRCLE('',#6193,1.5);
#6193 = AXIS2_PLACEMENT_3D('',#6194,#6195,#6196);
#6194 = CARTESIAN_POINT('',(22.,0.,-18.));
#6195 = DIRECTION('',(0.,-1.,0.));
#6196 = DIRECTION('',(0.,0.,-1.));
#6197 = ORIENTED_EDGE('',*,*,#6198,.F.);
#6198 = EDGE_CURVE('',#6199,#6190,#6201,.T.);
#6199 = VERTEX_POINT('',#6200);
#6200 = CARTESIAN_POINT('',(22.,1.5,-16.5));
#6201 = LINE('',#6202,#6203);
#6202 = CARTESIAN_POINT('',(22.,5.742640687119,-16.5));
#6203 = VECTOR('',#6204,1.);
#6204 = DIRECTION('',(-0.,-1.,-0.));
#6205 = ORIENTED_EDGE('',*,*,#6206,.F.);
#6206 = EDGE_CURVE('',#6180,#6199,#6207,.T.);
#6207 = CIRCLE('',#6208,1.5);
#6208 = AXIS2_PLACEMENT_3D('',#6209,#6210,#6211);
#6209 = CARTESIAN_POINT('',(22.,1.5,-18.));
#6210 = DIRECTION('',(-0.,1.,0.));
#6211 = DIRECTION('',(0.,0.,-1.));
#6212 = CYLINDRICAL_SURFACE('',#6213,1.5);
#6213 = AXIS2_PLACEMENT_3D('',#6214,#6215,#6216);
#6214 = CARTESIAN_POINT('',(22.,5.742640687119,-18.));
#6215 = DIRECTION('',(-0.,-1.,-0.));
#6216 = DIRECTION('',(0.,0.,-1.));
#6217 = ADVANCED_FACE('',(#6218),#6254,.F.);
#6218 = FACE_BOUND('',#6219,.F.);
#6219 = EDGE_LOOP('',(#6220,#6230,#6239,#6247));
#6220 = ORIENTED_EDGE('',*,*,#6221,.T.);
#6221 = EDGE_CURVE('',#6222,#6224,#6226,.T.);
#6222 = VERTEX_POINT('',#6223);
#6223 = CARTESIAN_POINT('',(26.,1.5,-19.5));
#6224 = VERTEX_POINT('',#6225);
#6225 = CARTESIAN_POINT('',(26.,0.,-19.5));
#6226 = LINE('',#6227,#6228);
#6227 = CARTESIAN_POINT('',(26.,5.742640687119,-19.5));
#6228 = VECTOR('',#6229,1.);
#6229 = DIRECTION('',(-0.,-1.,-0.));
#6230 = ORIENTED_EDGE('',*,*,#6231,.F.);
#6231 = EDGE_CURVE('',#6232,#6224,#6234,.T.);
#6232 = VERTEX_POINT('',#6233);
#6233 = CARTESIAN_POINT('',(26.,0.,-16.5));
#6234 = CIRCLE('',#6235,1.5);
#6235 = AXIS2_PLACEMENT_3D('',#6236,#6237,#6238);
#6236 = CARTESIAN_POINT('',(26.,0.,-18.));
#6237 = DIRECTION('',(0.,-1.,0.));
#6238 = DIRECTION('',(0.,0.,-1.));
#6239 = ORIENTED_EDGE('',*,*,#6240,.F.);
#6240 = EDGE_CURVE('',#6241,#6232,#6243,.T.);
#6241 = VERTEX_POINT('',#6242);
#6242 = CARTESIAN_POINT('',(26.,1.5,-16.5));
#6243 = LINE('',#6244,#6245);
#6244 = CARTESIAN_POINT('',(26.,5.742640687119,-16.5));
#6245 = VECTOR('',#6246,1.);
#6246 = DIRECTION('',(-0.,-1.,-0.));
#6247 = ORIENTED_EDGE('',*,*,#6248,.F.);
#6248 = EDGE_CURVE('',#6222,#6241,#6249,.T.);
#6249 = CIRCLE('',#6250,1.5);
#6250 = AXIS2_PLACEMENT_3D('',#6251,#6252,#6253);
#6251 = CARTESIAN_POINT('',(26.,1.5,-18.));
#6252 = DIRECTION('',(-0.,1.,0.));
#6253 = DIRECTION('',(0.,0.,-1.));
#6254 = CYLINDRICAL_SURFACE('',#6255,1.5);
#6255 = AXIS2_PLACEMENT_3D('',#6256,#6257,#6258);
#6256 = CARTESIAN_POINT('',(26.,5.742640687119,-18.));
#6257 = DIRECTION('',(-0.,-1.,-0.));
#6258 = DIRECTION('',(0.,0.,-1.));
#6259 = ADVANCED_FACE('',(#6260),#6296,.F.);
#6260 = FACE_BOUND('',#6261,.F.);
#6261 = EDGE_LOOP('',(#6262,#6272,#6281,#6289));
#6262 = ORIENTED_EDGE('',*,*,#6263,.T.);
#6263 = EDGE_CURVE('',#6264,#6266,#6268,.T.);
#6264 = VERTEX_POINT('',#6265);
#6265 = CARTESIAN_POINT('',(30.,1.5,-19.5));
#6266 = VERTEX_POINT('',#6267);
#6267 = CARTESIAN_POINT('',(30.,0.,-19.5));
#6268 = LINE('',#6269,#6270);
#6269 = CARTESIAN_POINT('',(30.,5.742640687119,-19.5));
#6270 = VECTOR('',#6271,1.);
#6271 = DIRECTION('',(-0.,-1.,-0.));
#6272 = ORIENTED_EDGE('',*,*,#6273,.F.);
#6273 = EDGE_CURVE('',#6274,#6266,#6276,.T.);
#6274 = VERTEX_POINT('',#6275);
#6275 = CARTESIAN_POINT('',(30.,0.,-16.5));
#6276 = CIRCLE('',#6277,1.5);
#6277 = AXIS2_PLACEMENT_3D('',#6278,#6279,#6280);
#6278 = CARTESIAN_POINT('',(30.,0.,-18.));
#6279 = DIRECTION('',(0.,-1.,0.));
#6280 = DIRECTION('',(0.,0.,-1.));
#6281 = ORIENTED_EDGE('',*,*,#6282,.F.);
#6282 = EDGE_CURVE('',#6283,#6274,#6285,.T.);
#6283 = VERTEX_POINT('',#6284);
#6284 = CARTESIAN_POINT('',(30.,1.5,-16.5));
#6285 = LINE('',#6286,#6287);
#6286 = CARTESIAN_POINT('',(30.,5.742640687119,-16.5));
#6287 = VECTOR('',#6288,1.);
#6288 = DIRECTION('',(-0.,-1.,-0.));
#6289 = ORIENTED_EDGE('',*,*,#6290,.F.);
#6290 = EDGE_CURVE('',#6264,#6283,#6291,.T.);
#6291 = CIRCLE('',#6292,1.5);
#6292 = AXIS2_PLACEMENT_3D('',#6293,#6294,#6295);
#6293 = CARTESIAN_POINT('',(30.,1.5,-18.));
#6294 = DIRECTION('',(-0.,1.,0.));
#6295 = DIRECTION('',(0.,0.,-1.));
#6296 = CYLINDRICAL_SURFACE('',#6297,1.5);
#6297 = AXIS2_PLACEMENT_3D('',#6298,#6299,#6300);
#6298 = CARTESIAN_POINT('',(30.,5.742640687119,-18.));
#6299 = DIRECTION('',(-0.,-1.,-0.));
#6300 = DIRECTION('',(0.,0.,-1.));
#6301 = ADVANCED_FACE('',(#6302),#6338,.F.);
#6302 = FACE_BOUND('',#6303,.F.);
#6303 = EDGE_LOOP('',(#6304,#6314,#6323,#6331));
#6304 = ORIENTED_EDGE('',*,*,#6305,.T.);
#6305 = EDGE_CURVE('',#6306,#6308,#6310,.T.);
#6306 = VERTEX_POINT('',#6307);
#6307 = CARTESIAN_POINT('',(6.,1.5,-15.5));
#6308 = VERTEX_POINT('',#6309);
#6309 = CARTESIAN_POINT('',(6.,0.,-15.5));
#6310 = LINE('',#6311,#6312);
#6311 = CARTESIAN_POINT('',(6.,5.742640687119,-15.5));
#6312 = VECTOR('',#6313,1.);
#6313 = DIRECTION('',(-0.,-1.,-0.));
#6314 = ORIENTED_EDGE('',*,*,#6315,.F.);
#6315 = EDGE_CURVE('',#6316,#6308,#6318,.T.);
#6316 = VERTEX_POINT('',#6317);
#6317 = CARTESIAN_POINT('',(6.,0.,-12.5));
#6318 = CIRCLE('',#6319,1.5);
#6319 = AXIS2_PLACEMENT_3D('',#6320,#6321,#6322);
#6320 = CARTESIAN_POINT('',(6.,0.,-14.));
#6321 = DIRECTION('',(0.,-1.,0.));
#6322 = DIRECTION('',(0.,0.,-1.));
#6323 = ORIENTED_EDGE('',*,*,#6324,.F.);
#6324 = EDGE_CURVE('',#6325,#6316,#6327,.T.);
#6325 = VERTEX_POINT('',#6326);
#6326 = CARTESIAN_POINT('',(6.,1.5,-12.5));
#6327 = LINE('',#6328,#6329);
#6328 = CARTESIAN_POINT('',(6.,5.742640687119,-12.5));
#6329 = VECTOR('',#6330,1.);
#6330 = DIRECTION('',(-0.,-1.,-0.));
#6331 = ORIENTED_EDGE('',*,*,#6332,.F.);
#6332 = EDGE_CURVE('',#6306,#6325,#6333,.T.);
#6333 = CIRCLE('',#6334,1.5);
#6334 = AXIS2_PLACEMENT_3D('',#6335,#6336,#6337);
#6335 = CARTESIAN_POINT('',(6.,1.5,-14.));
#6336 = DIRECTION('',(-0.,1.,0.));
#6337 = DIRECTION('',(0.,0.,-1.));
#6338 = CYLINDRICAL_SURFACE('',#6339,1.5);
#6339 = AXIS2_PLACEMENT_3D('',#6340,#6341,#6342);
#6340 = CARTESIAN_POINT('',(6.,5.742640687119,-14.));
#6341 = DIRECTION('',(-0.,-1.,-0.));
#6342 = DIRECTION('',(0.,0.,-1.));
#6343 = ADVANCED_FACE('',(#6344),#6380,.F.);
#6344 = FACE_BOUND('',#6345,.F.);
#6345 = EDGE_LOOP('',(#6346,#6356,#6365,#6373));
#6346 = ORIENTED_EDGE('',*,*,#6347,.T.);
#6347 = EDGE_CURVE('',#6348,#6350,#6352,.T.);
#6348 = VERTEX_POINT('',#6349);
#6349 = CARTESIAN_POINT('',(10.,1.5,-15.5));
#6350 = VERTEX_POINT('',#6351);
#6351 = CARTESIAN_POINT('',(10.,0.,-15.5));
#6352 = LINE('',#6353,#6354);
#6353 = CARTESIAN_POINT('',(10.,5.742640687119,-15.5));
#6354 = VECTOR('',#6355,1.);
#6355 = DIRECTION('',(-0.,-1.,-0.));
#6356 = ORIENTED_EDGE('',*,*,#6357,.F.);
#6357 = EDGE_CURVE('',#6358,#6350,#6360,.T.);
#6358 = VERTEX_POINT('',#6359);
#6359 = CARTESIAN_POINT('',(10.,0.,-12.5));
#6360 = CIRCLE('',#6361,1.5);
#6361 = AXIS2_PLACEMENT_3D('',#6362,#6363,#6364);
#6362 = CARTESIAN_POINT('',(10.,0.,-14.));
#6363 = DIRECTION('',(0.,-1.,0.));
#6364 = DIRECTION('',(0.,0.,-1.));
#6365 = ORIENTED_EDGE('',*,*,#6366,.F.);
#6366 = EDGE_CURVE('',#6367,#6358,#6369,.T.);
#6367 = VERTEX_POINT('',#6368);
#6368 = CARTESIAN_POINT('',(10.,1.5,-12.5));
#6369 = LINE('',#6370,#6371);
#6370 = CARTESIAN_POINT('',(10.,5.742640687119,-12.5));
#6371 = VECTOR('',#6372,1.);
#6372 = DIRECTION('',(-0.,-1.,-0.));
#6373 = ORIENTED_EDGE('',*,*,#6374,.F.);
#6374 = EDGE_CURVE('',#6348,#6367,#6375,.T.);
#6375 = CIRCLE('',#6376,1.5);
#6376 = AXIS2_PLACEMENT_3D('',#6377,#6378,#6379);
#6377 = CARTESIAN_POINT('',(10.,1.5,-14.));
#6378 = DIRECTION('',(-0.,1.,0.));
#6379 = DIRECTION('',(0.,0.,-1.));
#6380 = CYLINDRICAL_SURFACE('',#6381,1.5);
#6381 = AXIS2_PLACEMENT_3D('',#6382,#6383,#6384);
#6382 = CARTESIAN_POINT('',(10.,5.742640687119,-14.));
#6383 = DIRECTION('',(-0.,-1.,-0.));
#6384 = DIRECTION('',(0.,0.,-1.));
#6385 = ADVANCED_FACE('',(#6386),#6422,.F.);
#6386 = FACE_BOUND('',#6387,.F.);
#6387 = EDGE_LOOP('',(#6388,#6398,#6407,#6415));
#6388 = ORIENTED_EDGE('',*,*,#6389,.T.);
#6389 = EDGE_CURVE('',#6390,#6392,#6394,.T.);
#6390 = VERTEX_POINT('',#6391);
#6391 = CARTESIAN_POINT('',(14.,1.5,-15.5));
#6392 = VERTEX_POINT('',#6393);
#6393 = CARTESIAN_POINT('',(14.,0.,-15.5));
#6394 = LINE('',#6395,#6396);
#6395 = CARTESIAN_POINT('',(14.,5.742640687119,-15.5));
#6396 = VECTOR('',#6397,1.);
#6397 = DIRECTION('',(-0.,-1.,-0.));
#6398 = ORIENTED_EDGE('',*,*,#6399,.F.);
#6399 = EDGE_CURVE('',#6400,#6392,#6402,.T.);
#6400 = VERTEX_POINT('',#6401);
#6401 = CARTESIAN_POINT('',(14.,0.,-12.5));
#6402 = CIRCLE('',#6403,1.5);
#6403 = AXIS2_PLACEMENT_3D('',#6404,#6405,#6406);
#6404 = CARTESIAN_POINT('',(14.,0.,-14.));
#6405 = DIRECTION('',(0.,-1.,0.));
#6406 = DIRECTION('',(0.,0.,-1.));
#6407 = ORIENTED_EDGE('',*,*,#6408,.F.);
#6408 = EDGE_CURVE('',#6409,#6400,#6411,.T.);
#6409 = VERTEX_POINT('',#6410);
#6410 = CARTESIAN_POINT('',(14.,1.5,-12.5));
#6411 = LINE('',#6412,#6413);
#6412 = CARTESIAN_POINT('',(14.,5.742640687119,-12.5));
#6413 = VECTOR('',#6414,1.);
#6414 = DIRECTION('',(-0.,-1.,-0.));
#6415 = ORIENTED_EDGE('',*,*,#6416,.F.);
#6416 = EDGE_CURVE('',#6390,#6409,#6417,.T.);
#6417 = CIRCLE('',#6418,1.5);
#6418 = AXIS2_PLACEMENT_3D('',#6419,#6420,#6421);
#6419 = CARTESIAN_POINT('',(14.,1.5,-14.));
#6420 = DIRECTION('',(-0.,1.,0.));
#6421 = DIRECTION('',(0.,0.,-1.));
#6422 = CYLINDRICAL_SURFACE('',#6423,1.5);
#6423 = AXIS2_PLACEMENT_3D('',#6424,#6425,#6426);
#6424 = CARTESIAN_POINT('',(14.,5.742640687119,-14.));
#6425 = DIRECTION('',(-0.,-1.,-0.));
#6426 = DIRECTION('',(0.,0.,-1.));
#6427 = ADVANCED_FACE('',(#6428),#6464,.F.);
#6428 = FACE_BOUND('',#6429,.F.);
#6429 = EDGE_LOOP('',(#6430,#6440,#6449,#6457));
#6430 = ORIENTED_EDGE('',*,*,#6431,.T.);
#6431 = EDGE_CURVE('',#6432,#6434,#6436,.T.);
#6432 = VERTEX_POINT('',#6433);
#6433 = CARTESIAN_POINT('',(18.,1.5,-15.5));
#6434 = VERTEX_POINT('',#6435);
#6435 = CARTESIAN_POINT('',(18.,0.,-15.5));
#6436 = LINE('',#6437,#6438);
#6437 = CARTESIAN_POINT('',(18.,5.742640687119,-15.5));
#6438 = VECTOR('',#6439,1.);
#6439 = DIRECTION('',(-0.,-1.,-0.));
#6440 = ORIENTED_EDGE('',*,*,#6441,.F.);
#6441 = EDGE_CURVE('',#6442,#6434,#6444,.T.);
#6442 = VERTEX_POINT('',#6443);
#6443 = CARTESIAN_POINT('',(18.,0.,-12.5));
#6444 = CIRCLE('',#6445,1.5);
#6445 = AXIS2_PLACEMENT_3D('',#6446,#6447,#6448);
#6446 = CARTESIAN_POINT('',(18.,0.,-14.));
#6447 = DIRECTION('',(0.,-1.,0.));
#6448 = DIRECTION('',(0.,0.,-1.));
#6449 = ORIENTED_EDGE('',*,*,#6450,.F.);
#6450 = EDGE_CURVE('',#6451,#6442,#6453,.T.);
#6451 = VERTEX_POINT('',#6452);
#6452 = CARTESIAN_POINT('',(18.,1.5,-12.5));
#6453 = LINE('',#6454,#6455);
#6454 = CARTESIAN_POINT('',(18.,5.742640687119,-12.5));
#6455 = VECTOR('',#6456,1.);
#6456 = DIRECTION('',(-0.,-1.,-0.));
#6457 = ORIENTED_EDGE('',*,*,#6458,.F.);
#6458 = EDGE_CURVE('',#6432,#6451,#6459,.T.);
#6459 = CIRCLE('',#6460,1.5);
#6460 = AXIS2_PLACEMENT_3D('',#6461,#6462,#6463);
#6461 = CARTESIAN_POINT('',(18.,1.5,-14.));
#6462 = DIRECTION('',(-0.,1.,0.));
#6463 = DIRECTION('',(0.,0.,-1.));
#6464 = CYLINDRICAL_SURFACE('',#6465,1.5);
#6465 = AXIS2_PLACEMENT_3D('',#6466,#6467,#6468);
#6466 = CARTESIAN_POINT('',(18.,5.742640687119,-14.));
#6467 = DIRECTION('',(-0.,-1.,-0.));
#6468 = DIRECTION('',(0.,0.,-1.));
#6469 = ADVANCED_FACE('',(#6470),#6506,.F.);
#6470 = FACE_BOUND('',#6471,.F.);
#6471 = EDGE_LOOP('',(#6472,#6482,#6491,#6499));
#6472 = ORIENTED_EDGE('',*,*,#6473,.T.);
#6473 = EDGE_CURVE('',#6474,#6476,#6478,.T.);
#6474 = VERTEX_POINT('',#6475);
#6475 = CARTESIAN_POINT('',(22.,1.5,-31.5));
#6476 = VERTEX_POINT('',#6477);
#6477 = CARTESIAN_POINT('',(22.,0.,-31.5));
#6478 = LINE('',#6479,#6480);
#6479 = CARTESIAN_POINT('',(22.,5.742640687119,-31.5));
#6480 = VECTOR('',#6481,1.);
#6481 = DIRECTION('',(-0.,-1.,-0.));
#6482 = ORIENTED_EDGE('',*,*,#6483,.F.);
#6483 = EDGE_CURVE('',#6484,#6476,#6486,.T.);
#6484 = VERTEX_POINT('',#6485);
#6485 = CARTESIAN_POINT('',(22.,0.,-28.5));
#6486 = CIRCLE('',#6487,1.5);
#6487 = AXIS2_PLACEMENT_3D('',#6488,#6489,#6490);
#6488 = CARTESIAN_POINT('',(22.,0.,-30.));
#6489 = DIRECTION('',(0.,-1.,0.));
#6490 = DIRECTION('',(0.,0.,-1.));
#6491 = ORIENTED_EDGE('',*,*,#6492,.F.);
#6492 = EDGE_CURVE('',#6493,#6484,#6495,.T.);
#6493 = VERTEX_POINT('',#6494);
#6494 = CARTESIAN_POINT('',(22.,1.5,-28.5));
#6495 = LINE('',#6496,#6497);
#6496 = CARTESIAN_POINT('',(22.,5.742640687119,-28.5));
#6497 = VECTOR('',#6498,1.);
#6498 = DIRECTION('',(-0.,-1.,-0.));
#6499 = ORIENTED_EDGE('',*,*,#6500,.F.);
#6500 = EDGE_CURVE('',#6474,#6493,#6501,.T.);
#6501 = CIRCLE('',#6502,1.5);
#6502 = AXIS2_PLACEMENT_3D('',#6503,#6504,#6505);
#6503 = CARTESIAN_POINT('',(22.,1.5,-30.));
#6504 = DIRECTION('',(-0.,1.,0.));
#6505 = DIRECTION('',(0.,0.,-1.));
#6506 = CYLINDRICAL_SURFACE('',#6507,1.5);
#6507 = AXIS2_PLACEMENT_3D('',#6508,#6509,#6510);
#6508 = CARTESIAN_POINT('',(22.,5.742640687119,-30.));
#6509 = DIRECTION('',(-0.,-1.,-0.));
#6510 = DIRECTION('',(0.,0.,-1.));
#6511 = ADVANCED_FACE('',(#6512),#6548,.F.);
#6512 = FACE_BOUND('',#6513,.F.);
#6513 = EDGE_LOOP('',(#6514,#6524,#6533,#6541));
#6514 = ORIENTED_EDGE('',*,*,#6515,.T.);
#6515 = EDGE_CURVE('',#6516,#6518,#6520,.T.);
#6516 = VERTEX_POINT('',#6517);
#6517 = CARTESIAN_POINT('',(26.,1.5,-31.5));
#6518 = VERTEX_POINT('',#6519);
#6519 = CARTESIAN_POINT('',(26.,0.,-31.5));
#6520 = LINE('',#6521,#6522);
#6521 = CARTESIAN_POINT('',(26.,5.742640687119,-31.5));
#6522 = VECTOR('',#6523,1.);
#6523 = DIRECTION('',(-0.,-1.,-0.));
#6524 = ORIENTED_EDGE('',*,*,#6525,.F.);
#6525 = EDGE_CURVE('',#6526,#6518,#6528,.T.);
#6526 = VERTEX_POINT('',#6527);
#6527 = CARTESIAN_POINT('',(26.,0.,-28.5));
#6528 = CIRCLE('',#6529,1.5);
#6529 = AXIS2_PLACEMENT_3D('',#6530,#6531,#6532);
#6530 = CARTESIAN_POINT('',(26.,0.,-30.));
#6531 = DIRECTION('',(0.,-1.,0.));
#6532 = DIRECTION('',(0.,0.,-1.));
#6533 = ORIENTED_EDGE('',*,*,#6534,.F.);
#6534 = EDGE_CURVE('',#6535,#6526,#6537,.T.);
#6535 = VERTEX_POINT('',#6536);
#6536 = CARTESIAN_POINT('',(26.,1.5,-28.5));
#6537 = LINE('',#6538,#6539);
#6538 = CARTESIAN_POINT('',(26.,5.742640687119,-28.5));
#6539 = VECTOR('',#6540,1.);
#6540 = DIRECTION('',(-0.,-1.,-0.));
#6541 = ORIENTED_EDGE('',*,*,#6542,.F.);
#6542 = EDGE_CURVE('',#6516,#6535,#6543,.T.);
#6543 = CIRCLE('',#6544,1.5);
#6544 = AXIS2_PLACEMENT_3D('',#6545,#6546,#6547);
#6545 = CARTESIAN_POINT('',(26.,1.5,-30.));
#6546 = DIRECTION('',(-0.,1.,0.));
#6547 = DIRECTION('',(0.,0.,-1.));
#6548 = CYLINDRICAL_SURFACE('',#6549,1.5);
#6549 = AXIS2_PLACEMENT_3D('',#6550,#6551,#6552);
#6550 = CARTESIAN_POINT('',(26.,5.742640687119,-30.));
#6551 = DIRECTION('',(-0.,-1.,-0.));
#6552 = DIRECTION('',(0.,0.,-1.));
#6553 = ADVANCED_FACE('',(#6554),#6590,.F.);
#6554 = FACE_BOUND('',#6555,.F.);
#6555 = EDGE_LOOP('',(#6556,#6566,#6575,#6583));
#6556 = ORIENTED_EDGE('',*,*,#6557,.T.);
#6557 = EDGE_CURVE('',#6558,#6560,#6562,.T.);
#6558 = VERTEX_POINT('',#6559);
#6559 = CARTESIAN_POINT('',(30.,1.5,-31.5));
#6560 = VERTEX_POINT('',#6561);
#6561 = CARTESIAN_POINT('',(30.,0.,-31.5));
#6562 = LINE('',#6563,#6564);
#6563 = CARTESIAN_POINT('',(30.,5.742640687119,-31.5));
#6564 = VECTOR('',#6565,1.);
#6565 = DIRECTION('',(-0.,-1.,-0.));
#6566 = ORIENTED_EDGE('',*,*,#6567,.F.);
#6567 = EDGE_CURVE('',#6568,#6560,#6570,.T.);
#6568 = VERTEX_POINT('',#6569);
#6569 = CARTESIAN_POINT('',(30.,0.,-28.5));
#6570 = CIRCLE('',#6571,1.5);
#6571 = AXIS2_PLACEMENT_3D('',#6572,#6573,#6574);
#6572 = CARTESIAN_POINT('',(30.,0.,-30.));
#6573 = DIRECTION('',(0.,-1.,0.));
#6574 = DIRECTION('',(0.,0.,-1.));
#6575 = ORIENTED_EDGE('',*,*,#6576,.F.);
#6576 = EDGE_CURVE('',#6577,#6568,#6579,.T.);
#6577 = VERTEX_POINT('',#6578);
#6578 = CARTESIAN_POINT('',(30.,1.5,-28.5));
#6579 = LINE('',#6580,#6581);
#6580 = CARTESIAN_POINT('',(30.,5.742640687119,-28.5));
#6581 = VECTOR('',#6582,1.);
#6582 = DIRECTION('',(-0.,-1.,-0.));
#6583 = ORIENTED_EDGE('',*,*,#6584,.F.);
#6584 = EDGE_CURVE('',#6558,#6577,#6585,.T.);
#6585 = CIRCLE('',#6586,1.5);
#6586 = AXIS2_PLACEMENT_3D('',#6587,#6588,#6589);
#6587 = CARTESIAN_POINT('',(30.,1.5,-30.));
#6588 = DIRECTION('',(-0.,1.,0.));
#6589 = DIRECTION('',(0.,0.,-1.));
#6590 = CYLINDRICAL_SURFACE('',#6591,1.5);
#6591 = AXIS2_PLACEMENT_3D('',#6592,#6593,#6594);
#6592 = CARTESIAN_POINT('',(30.,5.742640687119,-30.));
#6593 = DIRECTION('',(-0.,-1.,-0.));
#6594 = DIRECTION('',(0.,0.,-1.));
#6595 = ADVANCED_FACE('',(#6596),#6632,.F.);
#6596 = FACE_BOUND('',#6597,.F.);
#6597 = EDGE_LOOP('',(#6598,#6608,#6617,#6625));
#6598 = ORIENTED_EDGE('',*,*,#6599,.T.);
#6599 = EDGE_CURVE('',#6600,#6602,#6604,.T.);
#6600 = VERTEX_POINT('',#6601);
#6601 = CARTESIAN_POINT('',(6.,1.5,-27.5));
#6602 = VERTEX_POINT('',#6603);
#6603 = CARTESIAN_POINT('',(6.,0.,-27.5));
#6604 = LINE('',#6605,#6606);
#6605 = CARTESIAN_POINT('',(6.,5.742640687119,-27.5));
#6606 = VECTOR('',#6607,1.);
#6607 = DIRECTION('',(-0.,-1.,-0.));
#6608 = ORIENTED_EDGE('',*,*,#6609,.F.);
#6609 = EDGE_CURVE('',#6610,#6602,#6612,.T.);
#6610 = VERTEX_POINT('',#6611);
#6611 = CARTESIAN_POINT('',(6.,0.,-24.5));
#6612 = CIRCLE('',#6613,1.5);
#6613 = AXIS2_PLACEMENT_3D('',#6614,#6615,#6616);
#6614 = CARTESIAN_POINT('',(6.,0.,-26.));
#6615 = DIRECTION('',(0.,-1.,0.));
#6616 = DIRECTION('',(0.,0.,-1.));
#6617 = ORIENTED_EDGE('',*,*,#6618,.F.);
#6618 = EDGE_CURVE('',#6619,#6610,#6621,.T.);
#6619 = VERTEX_POINT('',#6620);
#6620 = CARTESIAN_POINT('',(6.,1.5,-24.5));
#6621 = LINE('',#6622,#6623);
#6622 = CARTESIAN_POINT('',(6.,5.742640687119,-24.5));
#6623 = VECTOR('',#6624,1.);
#6624 = DIRECTION('',(-0.,-1.,-0.));
#6625 = ORIENTED_EDGE('',*,*,#6626,.F.);
#6626 = EDGE_CURVE('',#6600,#6619,#6627,.T.);
#6627 = CIRCLE('',#6628,1.5);
#6628 = AXIS2_PLACEMENT_3D('',#6629,#6630,#6631);
#6629 = CARTESIAN_POINT('',(6.,1.5,-26.));
#6630 = DIRECTION('',(-0.,1.,0.));
#6631 = DIRECTION('',(0.,0.,-1.));
#6632 = CYLINDRICAL_SURFACE('',#6633,1.5);
#6633 = AXIS2_PLACEMENT_3D('',#6634,#6635,#6636);
#6634 = CARTESIAN_POINT('',(6.,5.742640687119,-26.));
#6635 = DIRECTION('',(-0.,-1.,-0.));
#6636 = DIRECTION('',(0.,0.,-1.));
#6637 = ADVANCED_FACE('',(#6638),#6674,.F.);
#6638 = FACE_BOUND('',#6639,.F.);
#6639 = EDGE_LOOP('',(#6640,#6650,#6659,#6667));
#6640 = ORIENTED_EDGE('',*,*,#6641,.T.);
#6641 = EDGE_CURVE('',#6642,#6644,#6646,.T.);
#6642 = VERTEX_POINT('',#6643);
#6643 = CARTESIAN_POINT('',(18.,1.5,-31.5));
#6644 = VERTEX_POINT('',#6645);
#6645 = CARTESIAN_POINT('',(18.,0.,-31.5));
#6646 = LINE('',#6647,#6648);
#6647 = CARTESIAN_POINT('',(18.,5.742640687119,-31.5));
#6648 = VECTOR('',#6649,1.);
#6649 = DIRECTION('',(-0.,-1.,-0.));
#6650 = ORIENTED_EDGE('',*,*,#6651,.F.);
#6651 = EDGE_CURVE('',#6652,#6644,#6654,.T.);
#6652 = VERTEX_POINT('',#6653);
#6653 = CARTESIAN_POINT('',(18.,0.,-28.5));
#6654 = CIRCLE('',#6655,1.5);
#6655 = AXIS2_PLACEMENT_3D('',#6656,#6657,#6658);
#6656 = CARTESIAN_POINT('',(18.,0.,-30.));
#6657 = DIRECTION('',(0.,-1.,0.));
#6658 = DIRECTION('',(0.,0.,-1.));
#6659 = ORIENTED_EDGE('',*,*,#6660,.F.);
#6660 = EDGE_CURVE('',#6661,#6652,#6663,.T.);
#6661 = VERTEX_POINT('',#6662);
#6662 = CARTESIAN_POINT('',(18.,1.5,-28.5));
#6663 = LINE('',#6664,#6665);
#6664 = CARTESIAN_POINT('',(18.,5.742640687119,-28.5));
#6665 = VECTOR('',#6666,1.);
#6666 = DIRECTION('',(-0.,-1.,-0.));
#6667 = ORIENTED_EDGE('',*,*,#6668,.F.);
#6668 = EDGE_CURVE('',#6642,#6661,#6669,.T.);
#6669 = CIRCLE('',#6670,1.5);
#6670 = AXIS2_PLACEMENT_3D('',#6671,#6672,#6673);
#6671 = CARTESIAN_POINT('',(18.,1.5,-30.));
#6672 = DIRECTION('',(-0.,1.,0.));
#6673 = DIRECTION('',(0.,0.,-1.));
#6674 = CYLINDRICAL_SURFACE('',#6675,1.5);
#6675 = AXIS2_PLACEMENT_3D('',#6676,#6677,#6678);
#6676 = CARTESIAN_POINT('',(18.,5.742640687119,-30.));
#6677 = DIRECTION('',(-0.,-1.,-0.));
#6678 = DIRECTION('',(0.,0.,-1.));
#6679 = ADVANCED_FACE('',(#6680),#6716,.F.);
#6680 = FACE_BOUND('',#6681,.F.);
#6681 = EDGE_LOOP('',(#6682,#6692,#6701,#6709));
#6682 = ORIENTED_EDGE('',*,*,#6683,.T.);
#6683 = EDGE_CURVE('',#6684,#6686,#6688,.T.);
#6684 = VERTEX_POINT('',#6685);
#6685 = CARTESIAN_POINT('',(14.,1.5,-31.5));
#6686 = VERTEX_POINT('',#6687);
#6687 = CARTESIAN_POINT('',(14.,0.,-31.5));
#6688 = LINE('',#6689,#6690);
#6689 = CARTESIAN_POINT('',(14.,5.742640687119,-31.5));
#6690 = VECTOR('',#6691,1.);
#6691 = DIRECTION('',(-0.,-1.,-0.));
#6692 = ORIENTED_EDGE('',*,*,#6693,.F.);
#6693 = EDGE_CURVE('',#6694,#6686,#6696,.T.);
#6694 = VERTEX_POINT('',#6695);
#6695 = CARTESIAN_POINT('',(14.,0.,-28.5));
#6696 = CIRCLE('',#6697,1.5);
#6697 = AXIS2_PLACEMENT_3D('',#6698,#6699,#6700);
#6698 = CARTESIAN_POINT('',(14.,0.,-30.));
#6699 = DIRECTION('',(0.,-1.,0.));
#6700 = DIRECTION('',(0.,0.,-1.));
#6701 = ORIENTED_EDGE('',*,*,#6702,.F.);
#6702 = EDGE_CURVE('',#6703,#6694,#6705,.T.);
#6703 = VERTEX_POINT('',#6704);
#6704 = CARTESIAN_POINT('',(14.,1.5,-28.5));
#6705 = LINE('',#6706,#6707);
#6706 = CARTESIAN_POINT('',(14.,5.742640687119,-28.5));
#6707 = VECTOR('',#6708,1.);
#6708 = DIRECTION('',(-0.,-1.,-0.));
#6709 = ORIENTED_EDGE('',*,*,#6710,.F.);
#6710 = EDGE_CURVE('',#6684,#6703,#6711,.T.);
#6711 = CIRCLE('',#6712,1.5);
#6712 = AXIS2_PLACEMENT_3D('',#6713,#6714,#6715);
#6713 = CARTESIAN_POINT('',(14.,1.5,-30.));
#6714 = DIRECTION('',(-0.,1.,0.));
#6715 = DIRECTION('',(0.,0.,-1.));
#6716 = CYLINDRICAL_SURFACE('',#6717,1.5);
#6717 = AXIS2_PLACEMENT_3D('',#6718,#6719,#6720);
#6718 = CARTESIAN_POINT('',(14.,5.742640687119,-30.));
#6719 = DIRECTION('',(-0.,-1.,-0.));
#6720 = DIRECTION('',(0.,0.,-1.));
#6721 = ADVANCED_FACE('',(#6722),#6758,.F.);
#6722 = FACE_BOUND('',#6723,.F.);
#6723 = EDGE_LOOP('',(#6724,#6734,#6743,#6751));
#6724 = ORIENTED_EDGE('',*,*,#6725,.T.);
#6725 = EDGE_CURVE('',#6726,#6728,#6730,.T.);
#6726 = VERTEX_POINT('',#6727);
#6727 = CARTESIAN_POINT('',(10.,1.5,-31.5));
#6728 = VERTEX_POINT('',#6729);
#6729 = CARTESIAN_POINT('',(10.,0.,-31.5));
#6730 = LINE('',#6731,#6732);
#6731 = CARTESIAN_POINT('',(10.,5.742640687119,-31.5));
#6732 = VECTOR('',#6733,1.);
#6733 = DIRECTION('',(-0.,-1.,-0.));
#6734 = ORIENTED_EDGE('',*,*,#6735,.F.);
#6735 = EDGE_CURVE('',#6736,#6728,#6738,.T.);
#6736 = VERTEX_POINT('',#6737);
#6737 = CARTESIAN_POINT('',(10.,0.,-28.5));
#6738 = CIRCLE('',#6739,1.5);
#6739 = AXIS2_PLACEMENT_3D('',#6740,#6741,#6742);
#6740 = CARTESIAN_POINT('',(10.,0.,-30.));
#6741 = DIRECTION('',(0.,-1.,0.));
#6742 = DIRECTION('',(0.,0.,-1.));
#6743 = ORIENTED_EDGE('',*,*,#6744,.F.);
#6744 = EDGE_CURVE('',#6745,#6736,#6747,.T.);
#6745 = VERTEX_POINT('',#6746);
#6746 = CARTESIAN_POINT('',(10.,1.5,-28.5));
#6747 = LINE('',#6748,#6749);
#6748 = CARTESIAN_POINT('',(10.,5.742640687119,-28.5));
#6749 = VECTOR('',#6750,1.);
#6750 = DIRECTION('',(-0.,-1.,-0.));
#6751 = ORIENTED_EDGE('',*,*,#6752,.F.);
#6752 = EDGE_CURVE('',#6726,#6745,#6753,.T.);
#6753 = CIRCLE('',#6754,1.5);
#6754 = AXIS2_PLACEMENT_3D('',#6755,#6756,#6757);
#6755 = CARTESIAN_POINT('',(10.,1.5,-30.));
#6756 = DIRECTION('',(-0.,1.,0.));
#6757 = DIRECTION('',(0.,0.,-1.));
#6758 = CYLINDRICAL_SURFACE('',#6759,1.5);
#6759 = AXIS2_PLACEMENT_3D('',#6760,#6761,#6762);
#6760 = CARTESIAN_POINT('',(10.,5.742640687119,-30.));
#6761 = DIRECTION('',(-0.,-1.,-0.));
#6762 = DIRECTION('',(0.,0.,-1.));
#6763 = ADVANCED_FACE('',(#6764),#6800,.F.);
#6764 = FACE_BOUND('',#6765,.F.);
#6765 = EDGE_LOOP('',(#6766,#6776,#6785,#6793));
#6766 = ORIENTED_EDGE('',*,*,#6767,.T.);
#6767 = EDGE_CURVE('',#6768,#6770,#6772,.T.);
#6768 = VERTEX_POINT('',#6769);
#6769 = CARTESIAN_POINT('',(6.,1.5,-31.5));
#6770 = VERTEX_POINT('',#6771);
#6771 = CARTESIAN_POINT('',(6.,0.,-31.5));
#6772 = LINE('',#6773,#6774);
#6773 = CARTESIAN_POINT('',(6.,5.742640687119,-31.5));
#6774 = VECTOR('',#6775,1.);
#6775 = DIRECTION('',(-0.,-1.,-0.));
#6776 = ORIENTED_EDGE('',*,*,#6777,.F.);
#6777 = EDGE_CURVE('',#6778,#6770,#6780,.T.);
#6778 = VERTEX_POINT('',#6779);
#6779 = CARTESIAN_POINT('',(6.,0.,-28.5));
#6780 = CIRCLE('',#6781,1.5);
#6781 = AXIS2_PLACEMENT_3D('',#6782,#6783,#6784);
#6782 = CARTESIAN_POINT('',(6.,0.,-30.));
#6783 = DIRECTION('',(0.,-1.,0.));
#6784 = DIRECTION('',(0.,0.,-1.));
#6785 = ORIENTED_EDGE('',*,*,#6786,.F.);
#6786 = EDGE_CURVE('',#6787,#6778,#6789,.T.);
#6787 = VERTEX_POINT('',#6788);
#6788 = CARTESIAN_POINT('',(6.,1.5,-28.5));
#6789 = LINE('',#6790,#6791);
#6790 = CARTESIAN_POINT('',(6.,5.742640687119,-28.5));
#6791 = VECTOR('',#6792,1.);
#6792 = DIRECTION('',(-0.,-1.,-0.));
#6793 = ORIENTED_EDGE('',*,*,#6794,.F.);
#6794 = EDGE_CURVE('',#6768,#6787,#6795,.T.);
#6795 = CIRCLE('',#6796,1.5);
#6796 = AXIS2_PLACEMENT_3D('',#6797,#6798,#6799);
#6797 = CARTESIAN_POINT('',(6.,1.5,-30.));
#6798 = DIRECTION('',(-0.,1.,0.));
#6799 = DIRECTION('',(0.,0.,-1.));
#6800 = CYLINDRICAL_SURFACE('',#6801,1.5);
#6801 = AXIS2_PLACEMENT_3D('',#6802,#6803,#6804);
#6802 = CARTESIAN_POINT('',(6.,5.742640687119,-30.));
#6803 = DIRECTION('',(-0.,-1.,-0.));
#6804 = DIRECTION('',(0.,0.,-1.));
#6805 = ADVANCED_FACE('',(#6806),#6842,.F.);
#6806 = FACE_BOUND('',#6807,.F.);
#6807 = EDGE_LOOP('',(#6808,#6818,#6827,#6835));
#6808 = ORIENTED_EDGE('',*,*,#6809,.T.);
#6809 = EDGE_CURVE('',#6810,#6812,#6814,.T.);
#6810 = VERTEX_POINT('',#6811);
#6811 = CARTESIAN_POINT('',(10.,1.5,-23.5));
#6812 = VERTEX_POINT('',#6813);
#6813 = CARTESIAN_POINT('',(10.,0.,-23.5));
#6814 = LINE('',#6815,#6816);
#6815 = CARTESIAN_POINT('',(10.,5.742640687119,-23.5));
#6816 = VECTOR('',#6817,1.);
#6817 = DIRECTION('',(-0.,-1.,-0.));
#6818 = ORIENTED_EDGE('',*,*,#6819,.F.);
#6819 = EDGE_CURVE('',#6820,#6812,#6822,.T.);
#6820 = VERTEX_POINT('',#6821);
#6821 = CARTESIAN_POINT('',(10.,0.,-20.5));
#6822 = CIRCLE('',#6823,1.5);
#6823 = AXIS2_PLACEMENT_3D('',#6824,#6825,#6826);
#6824 = CARTESIAN_POINT('',(10.,0.,-22.));
#6825 = DIRECTION('',(0.,-1.,0.));
#6826 = DIRECTION('',(0.,0.,-1.));
#6827 = ORIENTED_EDGE('',*,*,#6828,.F.);
#6828 = EDGE_CURVE('',#6829,#6820,#6831,.T.);
#6829 = VERTEX_POINT('',#6830);
#6830 = CARTESIAN_POINT('',(10.,1.5,-20.5));
#6831 = LINE('',#6832,#6833);
#6832 = CARTESIAN_POINT('',(10.,5.742640687119,-20.5));
#6833 = VECTOR('',#6834,1.);
#6834 = DIRECTION('',(-0.,-1.,-0.));
#6835 = ORIENTED_EDGE('',*,*,#6836,.F.);
#6836 = EDGE_CURVE('',#6810,#6829,#6837,.T.);
#6837 = CIRCLE('',#6838,1.5);
#6838 = AXIS2_PLACEMENT_3D('',#6839,#6840,#6841);
#6839 = CARTESIAN_POINT('',(10.,1.5,-22.));
#6840 = DIRECTION('',(-0.,1.,0.));
#6841 = DIRECTION('',(0.,0.,-1.));
#6842 = CYLINDRICAL_SURFACE('',#6843,1.5);
#6843 = AXIS2_PLACEMENT_3D('',#6844,#6845,#6846);
#6844 = CARTESIAN_POINT('',(10.,5.742640687119,-22.));
#6845 = DIRECTION('',(-0.,-1.,-0.));
#6846 = DIRECTION('',(0.,0.,-1.));
#6847 = ADVANCED_FACE('',(#6848),#6884,.F.);
#6848 = FACE_BOUND('',#6849,.F.);
#6849 = EDGE_LOOP('',(#6850,#6860,#6869,#6877));
#6850 = ORIENTED_EDGE('',*,*,#6851,.T.);
#6851 = EDGE_CURVE('',#6852,#6854,#6856,.T.);
#6852 = VERTEX_POINT('',#6853);
#6853 = CARTESIAN_POINT('',(6.,1.5,-23.5));
#6854 = VERTEX_POINT('',#6855);
#6855 = CARTESIAN_POINT('',(6.,0.,-23.5));
#6856 = LINE('',#6857,#6858);
#6857 = CARTESIAN_POINT('',(6.,5.742640687119,-23.5));
#6858 = VECTOR('',#6859,1.);
#6859 = DIRECTION('',(-0.,-1.,-0.));
#6860 = ORIENTED_EDGE('',*,*,#6861,.F.);
#6861 = EDGE_CURVE('',#6862,#6854,#6864,.T.);
#6862 = VERTEX_POINT('',#6863);
#6863 = CARTESIAN_POINT('',(6.,0.,-20.5));
#6864 = CIRCLE('',#6865,1.5);
#6865 = AXIS2_PLACEMENT_3D('',#6866,#6867,#6868);
#6866 = CARTESIAN_POINT('',(6.,0.,-22.));
#6867 = DIRECTION('',(0.,-1.,0.));
#6868 = DIRECTION('',(0.,0.,-1.));
#6869 = ORIENTED_EDGE('',*,*,#6870,.F.);
#6870 = EDGE_CURVE('',#6871,#6862,#6873,.T.);
#6871 = VERTEX_POINT('',#6872);
#6872 = CARTESIAN_POINT('',(6.,1.5,-20.5));
#6873 = LINE('',#6874,#6875);
#6874 = CARTESIAN_POINT('',(6.,5.742640687119,-20.5));
#6875 = VECTOR('',#6876,1.);
#6876 = DIRECTION('',(-0.,-1.,-0.));
#6877 = ORIENTED_EDGE('',*,*,#6878,.F.);
#6878 = EDGE_CURVE('',#6852,#6871,#6879,.T.);
#6879 = CIRCLE('',#6880,1.5);
#6880 = AXIS2_PLACEMENT_3D('',#6881,#6882,#6883);
#6881 = CARTESIAN_POINT('',(6.,1.5,-22.));
#6882 = DIRECTION('',(-0.,1.,0.));
#6883 = DIRECTION('',(0.,0.,-1.));
#6884 = CYLINDRICAL_SURFACE('',#6885,1.5);
#6885 = AXIS2_PLACEMENT_3D('',#6886,#6887,#6888);
#6886 = CARTESIAN_POINT('',(6.,5.742640687119,-22.));
#6887 = DIRECTION('',(-0.,-1.,-0.));
#6888 = DIRECTION('',(0.,0.,-1.));
#6889 = ADVANCED_FACE('',(#6890),#6926,.F.);
#6890 = FACE_BOUND('',#6891,.F.);
#6891 = EDGE_LOOP('',(#6892,#6902,#6911,#6919));
#6892 = ORIENTED_EDGE('',*,*,#6893,.T.);
#6893 = EDGE_CURVE('',#6894,#6896,#6898,.T.);
#6894 = VERTEX_POINT('',#6895);
#6895 = CARTESIAN_POINT('',(30.,1.5,-27.5));
#6896 = VERTEX_POINT('',#6897);
#6897 = CARTESIAN_POINT('',(30.,0.,-27.5));
#6898 = LINE('',#6899,#6900);
#6899 = CARTESIAN_POINT('',(30.,5.742640687119,-27.5));
#6900 = VECTOR('',#6901,1.);
#6901 = DIRECTION('',(-0.,-1.,-0.));
#6902 = ORIENTED_EDGE('',*,*,#6903,.F.);
#6903 = EDGE_CURVE('',#6904,#6896,#6906,.T.);
#6904 = VERTEX_POINT('',#6905);
#6905 = CARTESIAN_POINT('',(30.,0.,-24.5));
#6906 = CIRCLE('',#6907,1.5);
#6907 = AXIS2_PLACEMENT_3D('',#6908,#6909,#6910);
#6908 = CARTESIAN_POINT('',(30.,0.,-26.));
#6909 = DIRECTION('',(0.,-1.,0.));
#6910 = DIRECTION('',(0.,0.,-1.));
#6911 = ORIENTED_EDGE('',*,*,#6912,.F.);
#6912 = EDGE_CURVE('',#6913,#6904,#6915,.T.);
#6913 = VERTEX_POINT('',#6914);
#6914 = CARTESIAN_POINT('',(30.,1.5,-24.5));
#6915 = LINE('',#6916,#6917);
#6916 = CARTESIAN_POINT('',(30.,5.742640687119,-24.5));
#6917 = VECTOR('',#6918,1.);
#6918 = DIRECTION('',(-0.,-1.,-0.));
#6919 = ORIENTED_EDGE('',*,*,#6920,.F.);
#6920 = EDGE_CURVE('',#6894,#6913,#6921,.T.);
#6921 = CIRCLE('',#6922,1.5);
#6922 = AXIS2_PLACEMENT_3D('',#6923,#6924,#6925);
#6923 = CARTESIAN_POINT('',(30.,1.5,-26.));
#6924 = DIRECTION('',(-0.,1.,0.));
#6925 = DIRECTION('',(0.,0.,-1.));
#6926 = CYLINDRICAL_SURFACE('',#6927,1.5);
#6927 = AXIS2_PLACEMENT_3D('',#6928,#6929,#6930);
#6928 = CARTESIAN_POINT('',(30.,5.742640687119,-26.));
#6929 = DIRECTION('',(-0.,-1.,-0.));
#6930 = DIRECTION('',(0.,0.,-1.));
#6931 = ADVANCED_FACE('',(#6932),#6968,.F.);
#6932 = FACE_BOUND('',#6933,.F.);
#6933 = EDGE_LOOP('',(#6934,#6944,#6953,#6961));
#6934 = ORIENTED_EDGE('',*,*,#6935,.T.);
#6935 = EDGE_CURVE('',#6936,#6938,#6940,.T.);
#6936 = VERTEX_POINT('',#6937);
#6937 = CARTESIAN_POINT('',(26.,1.5,-27.5));
#6938 = VERTEX_POINT('',#6939);
#6939 = CARTESIAN_POINT('',(26.,0.,-27.5));
#6940 = LINE('',#6941,#6942);
#6941 = CARTESIAN_POINT('',(26.,5.742640687119,-27.5));
#6942 = VECTOR('',#6943,1.);
#6943 = DIRECTION('',(-0.,-1.,-0.));
#6944 = ORIENTED_EDGE('',*,*,#6945,.F.);
#6945 = EDGE_CURVE('',#6946,#6938,#6948,.T.);
#6946 = VERTEX_POINT('',#6947);
#6947 = CARTESIAN_POINT('',(26.,0.,-24.5));
#6948 = CIRCLE('',#6949,1.5);
#6949 = AXIS2_PLACEMENT_3D('',#6950,#6951,#6952);
#6950 = CARTESIAN_POINT('',(26.,0.,-26.));
#6951 = DIRECTION('',(0.,-1.,0.));
#6952 = DIRECTION('',(0.,0.,-1.));
#6953 = ORIENTED_EDGE('',*,*,#6954,.F.);
#6954 = EDGE_CURVE('',#6955,#6946,#6957,.T.);
#6955 = VERTEX_POINT('',#6956);
#6956 = CARTESIAN_POINT('',(26.,1.5,-24.5));
#6957 = LINE('',#6958,#6959);
#6958 = CARTESIAN_POINT('',(26.,5.742640687119,-24.5));
#6959 = VECTOR('',#6960,1.);
#6960 = DIRECTION('',(-0.,-1.,-0.));
#6961 = ORIENTED_EDGE('',*,*,#6962,.F.);
#6962 = EDGE_CURVE('',#6936,#6955,#6963,.T.);
#6963 = CIRCLE('',#6964,1.5);
#6964 = AXIS2_PLACEMENT_3D('',#6965,#6966,#6967);
#6965 = CARTESIAN_POINT('',(26.,1.5,-26.));
#6966 = DIRECTION('',(-0.,1.,0.));
#6967 = DIRECTION('',(0.,0.,-1.));
#6968 = CYLINDRICAL_SURFACE('',#6969,1.5);
#6969 = AXIS2_PLACEMENT_3D('',#6970,#6971,#6972);
#6970 = CARTESIAN_POINT('',(26.,5.742640687119,-26.));
#6971 = DIRECTION('',(-0.,-1.,-0.));
#6972 = DIRECTION('',(0.,0.,-1.));
#6973 = ADVANCED_FACE('',(#6974),#7010,.F.);
#6974 = FACE_BOUND('',#6975,.F.);
#6975 = EDGE_LOOP('',(#6976,#6986,#6995,#7003));
#6976 = ORIENTED_EDGE('',*,*,#6977,.T.);
#6977 = EDGE_CURVE('',#6978,#6980,#6982,.T.);
#6978 = VERTEX_POINT('',#6979);
#6979 = CARTESIAN_POINT('',(22.,1.5,-27.5));
#6980 = VERTEX_POINT('',#6981);
#6981 = CARTESIAN_POINT('',(22.,0.,-27.5));
#6982 = LINE('',#6983,#6984);
#6983 = CARTESIAN_POINT('',(22.,5.742640687119,-27.5));
#6984 = VECTOR('',#6985,1.);
#6985 = DIRECTION('',(-0.,-1.,-0.));
#6986 = ORIENTED_EDGE('',*,*,#6987,.F.);
#6987 = EDGE_CURVE('',#6988,#6980,#6990,.T.);
#6988 = VERTEX_POINT('',#6989);
#6989 = CARTESIAN_POINT('',(22.,0.,-24.5));
#6990 = CIRCLE('',#6991,1.5);
#6991 = AXIS2_PLACEMENT_3D('',#6992,#6993,#6994);
#6992 = CARTESIAN_POINT('',(22.,0.,-26.));
#6993 = DIRECTION('',(0.,-1.,0.));
#6994 = DIRECTION('',(0.,0.,-1.));
#6995 = ORIENTED_EDGE('',*,*,#6996,.F.);
#6996 = EDGE_CURVE('',#6997,#6988,#6999,.T.);
#6997 = VERTEX_POINT('',#6998);
#6998 = CARTESIAN_POINT('',(22.,1.5,-24.5));
#6999 = LINE('',#7000,#7001);
#7000 = CARTESIAN_POINT('',(22.,5.742640687119,-24.5));
#7001 = VECTOR('',#7002,1.);
#7002 = DIRECTION('',(-0.,-1.,-0.));
#7003 = ORIENTED_EDGE('',*,*,#7004,.F.);
#7004 = EDGE_CURVE('',#6978,#6997,#7005,.T.);
#7005 = CIRCLE('',#7006,1.5);
#7006 = AXIS2_PLACEMENT_3D('',#7007,#7008,#7009);
#7007 = CARTESIAN_POINT('',(22.,1.5,-26.));
#7008 = DIRECTION('',(-0.,1.,0.));
#7009 = DIRECTION('',(0.,0.,-1.));
#7010 = CYLINDRICAL_SURFACE('',#7011,1.5);
#7011 = AXIS2_PLACEMENT_3D('',#7012,#7013,#7014);
#7012 = CARTESIAN_POINT('',(22.,5.742640687119,-26.));
#7013 = DIRECTION('',(-0.,-1.,-0.));
#7014 = DIRECTION('',(0.,0.,-1.));
#7015 = ADVANCED_FACE('',(#7016),#7052,.F.);
#7016 = FACE_BOUND('',#7017,.F.);
#7017 = EDGE_LOOP('',(#7018,#7028,#7037,#7045));
#7018 = ORIENTED_EDGE('',*,*,#7019,.T.);
#7019 = EDGE_CURVE('',#7020,#7022,#7024,.T.);
#7020 = VERTEX_POINT('',#7021);
#7021 = CARTESIAN_POINT('',(18.,1.5,-27.5));
#7022 = VERTEX_POINT('',#7023);
#7023 = CARTESIAN_POINT('',(18.,0.,-27.5));
#7024 = LINE('',#7025,#7026);
#7025 = CARTESIAN_POINT('',(18.,5.742640687119,-27.5));
#7026 = VECTOR('',#7027,1.);
#7027 = DIRECTION('',(-0.,-1.,-0.));
#7028 = ORIENTED_EDGE('',*,*,#7029,.F.);
#7029 = EDGE_CURVE('',#7030,#7022,#7032,.T.);
#7030 = VERTEX_POINT('',#7031);
#7031 = CARTESIAN_POINT('',(18.,0.,-24.5));
#7032 = CIRCLE('',#7033,1.5);
#7033 = AXIS2_PLACEMENT_3D('',#7034,#7035,#7036);
#7034 = CARTESIAN_POINT('',(18.,0.,-26.));
#7035 = DIRECTION('',(0.,-1.,0.));
#7036 = DIRECTION('',(0.,0.,-1.));
#7037 = ORIENTED_EDGE('',*,*,#7038,.F.);
#7038 = EDGE_CURVE('',#7039,#7030,#7041,.T.);
#7039 = VERTEX_POINT('',#7040);
#7040 = CARTESIAN_POINT('',(18.,1.5,-24.5));
#7041 = LINE('',#7042,#7043);
#7042 = CARTESIAN_POINT('',(18.,5.742640687119,-24.5));
#7043 = VECTOR('',#7044,1.);
#7044 = DIRECTION('',(-0.,-1.,-0.));
#7045 = ORIENTED_EDGE('',*,*,#7046,.F.);
#7046 = EDGE_CURVE('',#7020,#7039,#7047,.T.);
#7047 = CIRCLE('',#7048,1.5);
#7048 = AXIS2_PLACEMENT_3D('',#7049,#7050,#7051);
#7049 = CARTESIAN_POINT('',(18.,1.5,-26.));
#7050 = DIRECTION('',(-0.,1.,0.));
#7051 = DIRECTION('',(0.,0.,-1.));
#7052 = CYLINDRICAL_SURFACE('',#7053,1.5);
#7053 = AXIS2_PLACEMENT_3D('',#7054,#7055,#7056);
#7054 = CARTESIAN_POINT('',(18.,5.742640687119,-26.));
#7055 = DIRECTION('',(-0.,-1.,-0.));
#7056 = DIRECTION('',(0.,0.,-1.));
#7057 = ADVANCED_FACE('',(#7058),#7094,.F.);
#7058 = FACE_BOUND('',#7059,.F.);
#7059 = EDGE_LOOP('',(#7060,#7070,#7079,#7087));
#7060 = ORIENTED_EDGE('',*,*,#7061,.T.);
#7061 = EDGE_CURVE('',#7062,#7064,#7066,.T.);
#7062 = VERTEX_POINT('',#7063);
#7063 = CARTESIAN_POINT('',(14.,1.5,-27.5));
#7064 = VERTEX_POINT('',#7065);
#7065 = CARTESIAN_POINT('',(14.,0.,-27.5));
#7066 = LINE('',#7067,#7068);
#7067 = CARTESIAN_POINT('',(14.,5.742640687119,-27.5));
#7068 = VECTOR('',#7069,1.);
#7069 = DIRECTION('',(-0.,-1.,-0.));
#7070 = ORIENTED_EDGE('',*,*,#7071,.F.);
#7071 = EDGE_CURVE('',#7072,#7064,#7074,.T.);
#7072 = VERTEX_POINT('',#7073);
#7073 = CARTESIAN_POINT('',(14.,0.,-24.5));
#7074 = CIRCLE('',#7075,1.5);
#7075 = AXIS2_PLACEMENT_3D('',#7076,#7077,#7078);
#7076 = CARTESIAN_POINT('',(14.,0.,-26.));
#7077 = DIRECTION('',(0.,-1.,0.));
#7078 = DIRECTION('',(0.,0.,-1.));
#7079 = ORIENTED_EDGE('',*,*,#7080,.F.);
#7080 = EDGE_CURVE('',#7081,#7072,#7083,.T.);
#7081 = VERTEX_POINT('',#7082);
#7082 = CARTESIAN_POINT('',(14.,1.5,-24.5));
#7083 = LINE('',#7084,#7085);
#7084 = CARTESIAN_POINT('',(14.,5.742640687119,-24.5));
#7085 = VECTOR('',#7086,1.);
#7086 = DIRECTION('',(-0.,-1.,-0.));
#7087 = ORIENTED_EDGE('',*,*,#7088,.F.);
#7088 = EDGE_CURVE('',#7062,#7081,#7089,.T.);
#7089 = CIRCLE('',#7090,1.5);
#7090 = AXIS2_PLACEMENT_3D('',#7091,#7092,#7093);
#7091 = CARTESIAN_POINT('',(14.,1.5,-26.));
#7092 = DIRECTION('',(-0.,1.,0.));
#7093 = DIRECTION('',(0.,0.,-1.));
#7094 = CYLINDRICAL_SURFACE('',#7095,1.5);
#7095 = AXIS2_PLACEMENT_3D('',#7096,#7097,#7098);
#7096 = CARTESIAN_POINT('',(14.,5.742640687119,-26.));
#7097 = DIRECTION('',(-0.,-1.,-0.));
#7098 = DIRECTION('',(0.,0.,-1.));
#7099 = ADVANCED_FACE('',(#7100),#7136,.F.);
#7100 = FACE_BOUND('',#7101,.F.);
#7101 = EDGE_LOOP('',(#7102,#7112,#7121,#7129));
#7102 = ORIENTED_EDGE('',*,*,#7103,.T.);
#7103 = EDGE_CURVE('',#7104,#7106,#7108,.T.);
#7104 = VERTEX_POINT('',#7105);
#7105 = CARTESIAN_POINT('',(10.,1.5,-27.5));
#7106 = VERTEX_POINT('',#7107);
#7107 = CARTESIAN_POINT('',(10.,0.,-27.5));
#7108 = LINE('',#7109,#7110);
#7109 = CARTESIAN_POINT('',(10.,5.742640687119,-27.5));
#7110 = VECTOR('',#7111,1.);
#7111 = DIRECTION('',(-0.,-1.,-0.));
#7112 = ORIENTED_EDGE('',*,*,#7113,.F.);
#7113 = EDGE_CURVE('',#7114,#7106,#7116,.T.);
#7114 = VERTEX_POINT('',#7115);
#7115 = CARTESIAN_POINT('',(10.,0.,-24.5));
#7116 = CIRCLE('',#7117,1.5);
#7117 = AXIS2_PLACEMENT_3D('',#7118,#7119,#7120);
#7118 = CARTESIAN_POINT('',(10.,0.,-26.));
#7119 = DIRECTION('',(0.,-1.,0.));
#7120 = DIRECTION('',(0.,0.,-1.));
#7121 = ORIENTED_EDGE('',*,*,#7122,.F.);
#7122 = EDGE_CURVE('',#7123,#7114,#7125,.T.);
#7123 = VERTEX_POINT('',#7124);
#7124 = CARTESIAN_POINT('',(10.,1.5,-24.5));
#7125 = LINE('',#7126,#7127);
#7126 = CARTESIAN_POINT('',(10.,5.742640687119,-24.5));
#7127 = VECTOR('',#7128,1.);
#7128 = DIRECTION('',(-0.,-1.,-0.));
#7129 = ORIENTED_EDGE('',*,*,#7130,.F.);
#7130 = EDGE_CURVE('',#7104,#7123,#7131,.T.);
#7131 = CIRCLE('',#7132,1.5);
#7132 = AXIS2_PLACEMENT_3D('',#7133,#7134,#7135);
#7133 = CARTESIAN_POINT('',(10.,1.5,-26.));
#7134 = DIRECTION('',(-0.,1.,0.));
#7135 = DIRECTION('',(0.,0.,-1.));
#7136 = CYLINDRICAL_SURFACE('',#7137,1.5);
#7137 = AXIS2_PLACEMENT_3D('',#7138,#7139,#7140);
#7138 = CARTESIAN_POINT('',(10.,5.742640687119,-26.));
#7139 = DIRECTION('',(-0.,-1.,-0.));
#7140 = DIRECTION('',(0.,0.,-1.));
#7141 = ADVANCED_FACE('',(#7142),#7178,.F.);
#7142 = FACE_BOUND('',#7143,.F.);
#7143 = EDGE_LOOP('',(#7144,#7154,#7163,#7171));
#7144 = ORIENTED_EDGE('',*,*,#7145,.T.);
#7145 = EDGE_CURVE('',#7146,#7148,#7150,.T.);
#7146 = VERTEX_POINT('',#7147);
#7147 = CARTESIAN_POINT('',(2.,1.5,-3.5));
#7148 = VERTEX_POINT('',#7149);
#7149 = CARTESIAN_POINT('',(2.,0.,-3.5));
#7150 = LINE('',#7151,#7152);
#7151 = CARTESIAN_POINT('',(2.,5.742640687119,-3.5));
#7152 = VECTOR('',#7153,1.);
#7153 = DIRECTION('',(-0.,-1.,-0.));
#7154 = ORIENTED_EDGE('',*,*,#7155,.F.);
#7155 = EDGE_CURVE('',#7156,#7148,#7158,.T.);
#7156 = VERTEX_POINT('',#7157);
#7157 = CARTESIAN_POINT('',(2.,0.,-0.5));
#7158 = CIRCLE('',#7159,1.5);
#7159 = AXIS2_PLACEMENT_3D('',#7160,#7161,#7162);
#7160 = CARTESIAN_POINT('',(2.,0.,-2.));
#7161 = DIRECTION('',(0.,-1.,0.));
#7162 = DIRECTION('',(0.,0.,-1.));
#7163 = ORIENTED_EDGE('',*,*,#7164,.F.);
#7164 = EDGE_CURVE('',#7165,#7156,#7167,.T.);
#7165 = VERTEX_POINT('',#7166);
#7166 = CARTESIAN_POINT('',(2.,1.5,-0.5));
#7167 = LINE('',#7168,#7169);
#7168 = CARTESIAN_POINT('',(2.,5.742640687119,-0.5));
#7169 = VECTOR('',#7170,1.);
#7170 = DIRECTION('',(-0.,-1.,-0.));
#7171 = ORIENTED_EDGE('',*,*,#7172,.F.);
#7172 = EDGE_CURVE('',#7146,#7165,#7173,.T.);
#7173 = CIRCLE('',#7174,1.5);
#7174 = AXIS2_PLACEMENT_3D('',#7175,#7176,#7177);
#7175 = CARTESIAN_POINT('',(2.,1.5,-2.));
#7176 = DIRECTION('',(-0.,1.,0.));
#7177 = DIRECTION('',(0.,0.,-1.));
#7178 = CYLINDRICAL_SURFACE('',#7179,1.5);
#7179 = AXIS2_PLACEMENT_3D('',#7180,#7181,#7182);
#7180 = CARTESIAN_POINT('',(2.,5.742640687119,-2.));
#7181 = DIRECTION('',(-0.,-1.,-0.));
#7182 = DIRECTION('',(0.,0.,-1.));
#7183 = ADVANCED_FACE('',(#7184),#7220,.F.);
#7184 = FACE_BOUND('',#7185,.F.);
#7185 = EDGE_LOOP('',(#7186,#7196,#7205,#7213));
#7186 = ORIENTED_EDGE('',*,*,#7187,.T.);
#7187 = EDGE_CURVE('',#7188,#7190,#7192,.T.);
#7188 = VERTEX_POINT('',#7189);
#7189 = CARTESIAN_POINT('',(2.,1.5,-7.5));
#7190 = VERTEX_POINT('',#7191);
#7191 = CARTESIAN_POINT('',(2.,0.,-7.5));
#7192 = LINE('',#7193,#7194);
#7193 = CARTESIAN_POINT('',(2.,5.742640687119,-7.5));
#7194 = VECTOR('',#7195,1.);
#7195 = DIRECTION('',(-0.,-1.,-0.));
#7196 = ORIENTED_EDGE('',*,*,#7197,.F.);
#7197 = EDGE_CURVE('',#7198,#7190,#7200,.T.);
#7198 = VERTEX_POINT('',#7199);
#7199 = CARTESIAN_POINT('',(2.,0.,-4.5));
#7200 = CIRCLE('',#7201,1.5);
#7201 = AXIS2_PLACEMENT_3D('',#7202,#7203,#7204);
#7202 = CARTESIAN_POINT('',(2.,0.,-6.));
#7203 = DIRECTION('',(0.,-1.,0.));
#7204 = DIRECTION('',(0.,0.,-1.));
#7205 = ORIENTED_EDGE('',*,*,#7206,.F.);
#7206 = EDGE_CURVE('',#7207,#7198,#7209,.T.);
#7207 = VERTEX_POINT('',#7208);
#7208 = CARTESIAN_POINT('',(2.,1.5,-4.5));
#7209 = LINE('',#7210,#7211);
#7210 = CARTESIAN_POINT('',(2.,5.742640687119,-4.5));
#7211 = VECTOR('',#7212,1.);
#7212 = DIRECTION('',(-0.,-1.,-0.));
#7213 = ORIENTED_EDGE('',*,*,#7214,.F.);
#7214 = EDGE_CURVE('',#7188,#7207,#7215,.T.);
#7215 = CIRCLE('',#7216,1.5);
#7216 = AXIS2_PLACEMENT_3D('',#7217,#7218,#7219);
#7217 = CARTESIAN_POINT('',(2.,1.5,-6.));
#7218 = DIRECTION('',(-0.,1.,0.));
#7219 = DIRECTION('',(0.,0.,-1.));
#7220 = CYLINDRICAL_SURFACE('',#7221,1.5);
#7221 = AXIS2_PLACEMENT_3D('',#7222,#7223,#7224);
#7222 = CARTESIAN_POINT('',(2.,5.742640687119,-6.));
#7223 = DIRECTION('',(-0.,-1.,-0.));
#7224 = DIRECTION('',(0.,0.,-1.));
#7225 = ADVANCED_FACE('',(#7226),#7262,.F.);
#7226 = FACE_BOUND('',#7227,.F.);
#7227 = EDGE_LOOP('',(#7228,#7238,#7247,#7255));
#7228 = ORIENTED_EDGE('',*,*,#7229,.T.);
#7229 = EDGE_CURVE('',#7230,#7232,#7234,.T.);
#7230 = VERTEX_POINT('',#7231);
#7231 = CARTESIAN_POINT('',(2.,1.5,-11.5));
#7232 = VERTEX_POINT('',#7233);
#7233 = CARTESIAN_POINT('',(2.,0.,-11.5));
#7234 = LINE('',#7235,#7236);
#7235 = CARTESIAN_POINT('',(2.,5.742640687119,-11.5));
#7236 = VECTOR('',#7237,1.);
#7237 = DIRECTION('',(-0.,-1.,-0.));
#7238 = ORIENTED_EDGE('',*,*,#7239,.F.);
#7239 = EDGE_CURVE('',#7240,#7232,#7242,.T.);
#7240 = VERTEX_POINT('',#7241);
#7241 = CARTESIAN_POINT('',(2.,0.,-8.5));
#7242 = CIRCLE('',#7243,1.5);
#7243 = AXIS2_PLACEMENT_3D('',#7244,#7245,#7246);
#7244 = CARTESIAN_POINT('',(2.,0.,-10.));
#7245 = DIRECTION('',(0.,-1.,0.));
#7246 = DIRECTION('',(0.,0.,-1.));
#7247 = ORIENTED_EDGE('',*,*,#7248,.F.);
#7248 = EDGE_CURVE('',#7249,#7240,#7251,.T.);
#7249 = VERTEX_POINT('',#7250);
#7250 = CARTESIAN_POINT('',(2.,1.5,-8.5));
#7251 = LINE('',#7252,#7253);
#7252 = CARTESIAN_POINT('',(2.,5.742640687119,-8.5));
#7253 = VECTOR('',#7254,1.);
#7254 = DIRECTION('',(-0.,-1.,-0.));
#7255 = ORIENTED_EDGE('',*,*,#7256,.F.);
#7256 = EDGE_CURVE('',#7230,#7249,#7257,.T.);
#7257 = CIRCLE('',#7258,1.5);
#7258 = AXIS2_PLACEMENT_3D('',#7259,#7260,#7261);
#7259 = CARTESIAN_POINT('',(2.,1.5,-10.));
#7260 = DIRECTION('',(-0.,1.,0.));
#7261 = DIRECTION('',(0.,0.,-1.));
#7262 = CYLINDRICAL_SURFACE('',#7263,1.5);
#7263 = AXIS2_PLACEMENT_3D('',#7264,#7265,#7266);
#7264 = CARTESIAN_POINT('',(2.,5.742640687119,-10.));
#7265 = DIRECTION('',(-0.,-1.,-0.));
#7266 = DIRECTION('',(0.,0.,-1.));
#7267 = ADVANCED_FACE('',(#7268),#7304,.F.);
#7268 = FACE_BOUND('',#7269,.F.);
#7269 = EDGE_LOOP('',(#7270,#7280,#7289,#7297));
#7270 = ORIENTED_EDGE('',*,*,#7271,.T.);
#7271 = EDGE_CURVE('',#7272,#7274,#7276,.T.);
#7272 = VERTEX_POINT('',#7273);
#7273 = CARTESIAN_POINT('',(2.,1.5,-15.5));
#7274 = VERTEX_POINT('',#7275);
#7275 = CARTESIAN_POINT('',(2.,0.,-15.5));
#7276 = LINE('',#7277,#7278);
#7277 = CARTESIAN_POINT('',(2.,5.742640687119,-15.5));
#7278 = VECTOR('',#7279,1.);
#7279 = DIRECTION('',(-0.,-1.,-0.));
#7280 = ORIENTED_EDGE('',*,*,#7281,.F.);
#7281 = EDGE_CURVE('',#7282,#7274,#7284,.T.);
#7282 = VERTEX_POINT('',#7283);
#7283 = CARTESIAN_POINT('',(2.,0.,-12.5));
#7284 = CIRCLE('',#7285,1.5);
#7285 = AXIS2_PLACEMENT_3D('',#7286,#7287,#7288);
#7286 = CARTESIAN_POINT('',(2.,0.,-14.));
#7287 = DIRECTION('',(0.,-1.,0.));
#7288 = DIRECTION('',(0.,0.,-1.));
#7289 = ORIENTED_EDGE('',*,*,#7290,.F.);
#7290 = EDGE_CURVE('',#7291,#7282,#7293,.T.);
#7291 = VERTEX_POINT('',#7292);
#7292 = CARTESIAN_POINT('',(2.,1.5,-12.5));
#7293 = LINE('',#7294,#7295);
#7294 = CARTESIAN_POINT('',(2.,5.742640687119,-12.5));
#7295 = VECTOR('',#7296,1.);
#7296 = DIRECTION('',(-0.,-1.,-0.));
#7297 = ORIENTED_EDGE('',*,*,#7298,.F.);
#7298 = EDGE_CURVE('',#7272,#7291,#7299,.T.);
#7299 = CIRCLE('',#7300,1.5);
#7300 = AXIS2_PLACEMENT_3D('',#7301,#7302,#7303);
#7301 = CARTESIAN_POINT('',(2.,1.5,-14.));
#7302 = DIRECTION('',(-0.,1.,0.));
#7303 = DIRECTION('',(0.,0.,-1.));
#7304 = CYLINDRICAL_SURFACE('',#7305,1.5);
#7305 = AXIS2_PLACEMENT_3D('',#7306,#7307,#7308);
#7306 = CARTESIAN_POINT('',(2.,5.742640687119,-14.));
#7307 = DIRECTION('',(-0.,-1.,-0.));
#7308 = DIRECTION('',(0.,0.,-1.));
#7309 = ADVANCED_FACE('',(#7310),#7346,.F.);
#7310 = FACE_BOUND('',#7311,.F.);
#7311 = EDGE_LOOP('',(#7312,#7322,#7331,#7339));
#7312 = ORIENTED_EDGE('',*,*,#7313,.T.);
#7313 = EDGE_CURVE('',#7314,#7316,#7318,.T.);
#7314 = VERTEX_POINT('',#7315);
#7315 = CARTESIAN_POINT('',(2.,1.5,-19.5));
#7316 = VERTEX_POINT('',#7317);
#7317 = CARTESIAN_POINT('',(2.,0.,-19.5));
#7318 = LINE('',#7319,#7320);
#7319 = CARTESIAN_POINT('',(2.,5.742640687119,-19.5));
#7320 = VECTOR('',#7321,1.);
#7321 = DIRECTION('',(-0.,-1.,-0.));
#7322 = ORIENTED_EDGE('',*,*,#7323,.F.);
#7323 = EDGE_CURVE('',#7324,#7316,#7326,.T.);
#7324 = VERTEX_POINT('',#7325);
#7325 = CARTESIAN_POINT('',(2.,0.,-16.5));
#7326 = CIRCLE('',#7327,1.5);
#7327 = AXIS2_PLACEMENT_3D('',#7328,#7329,#7330);
#7328 = CARTESIAN_POINT('',(2.,0.,-18.));
#7329 = DIRECTION('',(0.,-1.,0.));
#7330 = DIRECTION('',(0.,0.,-1.));
#7331 = ORIENTED_EDGE('',*,*,#7332,.F.);
#7332 = EDGE_CURVE('',#7333,#7324,#7335,.T.);
#7333 = VERTEX_POINT('',#7334);
#7334 = CARTESIAN_POINT('',(2.,1.5,-16.5));
#7335 = LINE('',#7336,#7337);
#7336 = CARTESIAN_POINT('',(2.,5.742640687119,-16.5));
#7337 = VECTOR('',#7338,1.);
#7338 = DIRECTION('',(-0.,-1.,-0.));
#7339 = ORIENTED_EDGE('',*,*,#7340,.F.);
#7340 = EDGE_CURVE('',#7314,#7333,#7341,.T.);
#7341 = CIRCLE('',#7342,1.5);
#7342 = AXIS2_PLACEMENT_3D('',#7343,#7344,#7345);
#7343 = CARTESIAN_POINT('',(2.,1.5,-18.));
#7344 = DIRECTION('',(-0.,1.,0.));
#7345 = DIRECTION('',(0.,0.,-1.));
#7346 = CYLINDRICAL_SURFACE('',#7347,1.5);
#7347 = AXIS2_PLACEMENT_3D('',#7348,#7349,#7350);
#7348 = CARTESIAN_POINT('',(2.,5.742640687119,-18.));
#7349 = DIRECTION('',(-0.,-1.,-0.));
#7350 = DIRECTION('',(0.,0.,-1.));
#7351 = ADVANCED_FACE('',(#7352),#7388,.F.);
#7352 = FACE_BOUND('',#7353,.F.);
#7353 = EDGE_LOOP('',(#7354,#7364,#7373,#7381));
#7354 = ORIENTED_EDGE('',*,*,#7355,.T.);
#7355 = EDGE_CURVE('',#7356,#7358,#7360,.T.);
#7356 = VERTEX_POINT('',#7357);
#7357 = CARTESIAN_POINT('',(2.,1.5,-23.5));
#7358 = VERTEX_POINT('',#7359);
#7359 = CARTESIAN_POINT('',(2.,0.,-23.5));
#7360 = LINE('',#7361,#7362);
#7361 = CARTESIAN_POINT('',(2.,5.742640687119,-23.5));
#7362 = VECTOR('',#7363,1.);
#7363 = DIRECTION('',(-0.,-1.,-0.));
#7364 = ORIENTED_EDGE('',*,*,#7365,.F.);
#7365 = EDGE_CURVE('',#7366,#7358,#7368,.T.);
#7366 = VERTEX_POINT('',#7367);
#7367 = CARTESIAN_POINT('',(2.,0.,-20.5));
#7368 = CIRCLE('',#7369,1.5);
#7369 = AXIS2_PLACEMENT_3D('',#7370,#7371,#7372);
#7370 = CARTESIAN_POINT('',(2.,0.,-22.));
#7371 = DIRECTION('',(0.,-1.,0.));
#7372 = DIRECTION('',(0.,0.,-1.));
#7373 = ORIENTED_EDGE('',*,*,#7374,.F.);
#7374 = EDGE_CURVE('',#7375,#7366,#7377,.T.);
#7375 = VERTEX_POINT('',#7376);
#7376 = CARTESIAN_POINT('',(2.,1.5,-20.5));
#7377 = LINE('',#7378,#7379);
#7378 = CARTESIAN_POINT('',(2.,5.742640687119,-20.5));
#7379 = VECTOR('',#7380,1.);
#7380 = DIRECTION('',(-0.,-1.,-0.));
#7381 = ORIENTED_EDGE('',*,*,#7382,.F.);
#7382 = EDGE_CURVE('',#7356,#7375,#7383,.T.);
#7383 = CIRCLE('',#7384,1.5);
#7384 = AXIS2_PLACEMENT_3D('',#7385,#7386,#7387);
#7385 = CARTESIAN_POINT('',(2.,1.5,-22.));
#7386 = DIRECTION('',(-0.,1.,0.));
#7387 = DIRECTION('',(0.,0.,-1.));
#7388 = CYLINDRICAL_SURFACE('',#7389,1.5);
#7389 = AXIS2_PLACEMENT_3D('',#7390,#7391,#7392);
#7390 = CARTESIAN_POINT('',(2.,5.742640687119,-22.));
#7391 = DIRECTION('',(-0.,-1.,-0.));
#7392 = DIRECTION('',(0.,0.,-1.));
#7393 = ADVANCED_FACE('',(#7394),#7430,.F.);
#7394 = FACE_BOUND('',#7395,.F.);
#7395 = EDGE_LOOP('',(#7396,#7406,#7415,#7423));
#7396 = ORIENTED_EDGE('',*,*,#7397,.T.);
#7397 = EDGE_CURVE('',#7398,#7400,#7402,.T.);
#7398 = VERTEX_POINT('',#7399);
#7399 = CARTESIAN_POINT('',(2.,1.5,-27.5));
#7400 = VERTEX_POINT('',#7401);
#7401 = CARTESIAN_POINT('',(2.,0.,-27.5));
#7402 = LINE('',#7403,#7404);
#7403 = CARTESIAN_POINT('',(2.,5.742640687119,-27.5));
#7404 = VECTOR('',#7405,1.);
#7405 = DIRECTION('',(-0.,-1.,-0.));
#7406 = ORIENTED_EDGE('',*,*,#7407,.F.);
#7407 = EDGE_CURVE('',#7408,#7400,#7410,.T.);
#7408 = VERTEX_POINT('',#7409);
#7409 = CARTESIAN_POINT('',(2.,0.,-24.5));
#7410 = CIRCLE('',#7411,1.5);
#7411 = AXIS2_PLACEMENT_3D('',#7412,#7413,#7414);
#7412 = CARTESIAN_POINT('',(2.,0.,-26.));
#7413 = DIRECTION('',(0.,-1.,0.));
#7414 = DIRECTION('',(0.,0.,-1.));
#7415 = ORIENTED_EDGE('',*,*,#7416,.F.);
#7416 = EDGE_CURVE('',#7417,#7408,#7419,.T.);
#7417 = VERTEX_POINT('',#7418);
#7418 = CARTESIAN_POINT('',(2.,1.5,-24.5));
#7419 = LINE('',#7420,#7421);
#7420 = CARTESIAN_POINT('',(2.,5.742640687119,-24.5));
#7421 = VECTOR('',#7422,1.);
#7422 = DIRECTION('',(-0.,-1.,-0.));
#7423 = ORIENTED_EDGE('',*,*,#7424,.F.);
#7424 = EDGE_CURVE('',#7398,#7417,#7425,.T.);
#7425 = CIRCLE('',#7426,1.5);
#7426 = AXIS2_PLACEMENT_3D('',#7427,#7428,#7429);
#7427 = CARTESIAN_POINT('',(2.,1.5,-26.));
#7428 = DIRECTION('',(-0.,1.,0.));
#7429 = DIRECTION('',(0.,0.,-1.));
#7430 = CYLINDRICAL_SURFACE('',#7431,1.5);
#7431 = AXIS2_PLACEMENT_3D('',#7432,#7433,#7434);
#7432 = CARTESIAN_POINT('',(2.,5.742640687119,-26.));
#7433 = DIRECTION('',(-0.,-1.,-0.));
#7434 = DIRECTION('',(0.,0.,-1.));
#7435 = ADVANCED_FACE('',(#7436),#7472,.F.);
#7436 = FACE_BOUND('',#7437,.F.);
#7437 = EDGE_LOOP('',(#7438,#7448,#7457,#7465));
#7438 = ORIENTED_EDGE('',*,*,#7439,.T.);
#7439 = EDGE_CURVE('',#7440,#7442,#7444,.T.);
#7440 = VERTEX_POINT('',#7441);
#7441 = CARTESIAN_POINT('',(14.,1.5,-3.5));
#7442 = VERTEX_POINT('',#7443);
#7443 = CARTESIAN_POINT('',(14.,0.,-3.5));
#7444 = LINE('',#7445,#7446);
#7445 = CARTESIAN_POINT('',(14.,5.742640687119,-3.5));
#7446 = VECTOR('',#7447,1.);
#7447 = DIRECTION('',(-0.,-1.,-0.));
#7448 = ORIENTED_EDGE('',*,*,#7449,.F.);
#7449 = EDGE_CURVE('',#7450,#7442,#7452,.T.);
#7450 = VERTEX_POINT('',#7451);
#7451 = CARTESIAN_POINT('',(14.,0.,-0.5));
#7452 = CIRCLE('',#7453,1.5);
#7453 = AXIS2_PLACEMENT_3D('',#7454,#7455,#7456);
#7454 = CARTESIAN_POINT('',(14.,0.,-2.));
#7455 = DIRECTION('',(0.,-1.,0.));
#7456 = DIRECTION('',(0.,0.,-1.));
#7457 = ORIENTED_EDGE('',*,*,#7458,.F.);
#7458 = EDGE_CURVE('',#7459,#7450,#7461,.T.);
#7459 = VERTEX_POINT('',#7460);
#7460 = CARTESIAN_POINT('',(14.,1.5,-0.5));
#7461 = LINE('',#7462,#7463);
#7462 = CARTESIAN_POINT('',(14.,5.742640687119,-0.5));
#7463 = VECTOR('',#7464,1.);
#7464 = DIRECTION('',(-0.,-1.,-0.));
#7465 = ORIENTED_EDGE('',*,*,#7466,.F.);
#7466 = EDGE_CURVE('',#7440,#7459,#7467,.T.);
#7467 = CIRCLE('',#7468,1.5);
#7468 = AXIS2_PLACEMENT_3D('',#7469,#7470,#7471);
#7469 = CARTESIAN_POINT('',(14.,1.5,-2.));
#7470 = DIRECTION('',(-0.,1.,0.));
#7471 = DIRECTION('',(0.,0.,-1.));
#7472 = CYLINDRICAL_SURFACE('',#7473,1.5);
#7473 = AXIS2_PLACEMENT_3D('',#7474,#7475,#7476);
#7474 = CARTESIAN_POINT('',(14.,5.742640687119,-2.));
#7475 = DIRECTION('',(-0.,-1.,-0.));
#7476 = DIRECTION('',(0.,0.,-1.));
#7477 = ADVANCED_FACE('',(#7478),#7514,.F.);
#7478 = FACE_BOUND('',#7479,.F.);
#7479 = EDGE_LOOP('',(#7480,#7490,#7499,#7507));
#7480 = ORIENTED_EDGE('',*,*,#7481,.T.);
#7481 = EDGE_CURVE('',#7482,#7484,#7486,.T.);
#7482 = VERTEX_POINT('',#7483);
#7483 = CARTESIAN_POINT('',(10.,1.5,-3.5));
#7484 = VERTEX_POINT('',#7485);
#7485 = CARTESIAN_POINT('',(10.,0.,-3.5));
#7486 = LINE('',#7487,#7488);
#7487 = CARTESIAN_POINT('',(10.,5.742640687119,-3.5));
#7488 = VECTOR('',#7489,1.);
#7489 = DIRECTION('',(-0.,-1.,-0.));
#7490 = ORIENTED_EDGE('',*,*,#7491,.F.);
#7491 = EDGE_CURVE('',#7492,#7484,#7494,.T.);
#7492 = VERTEX_POINT('',#7493);
#7493 = CARTESIAN_POINT('',(10.,0.,-0.5));
#7494 = CIRCLE('',#7495,1.5);
#7495 = AXIS2_PLACEMENT_3D('',#7496,#7497,#7498);
#7496 = CARTESIAN_POINT('',(10.,0.,-2.));
#7497 = DIRECTION('',(0.,-1.,0.));
#7498 = DIRECTION('',(0.,0.,-1.));
#7499 = ORIENTED_EDGE('',*,*,#7500,.F.);
#7500 = EDGE_CURVE('',#7501,#7492,#7503,.T.);
#7501 = VERTEX_POINT('',#7502);
#7502 = CARTESIAN_POINT('',(10.,1.5,-0.5));
#7503 = LINE('',#7504,#7505);
#7504 = CARTESIAN_POINT('',(10.,5.742640687119,-0.5));
#7505 = VECTOR('',#7506,1.);
#7506 = DIRECTION('',(-0.,-1.,-0.));
#7507 = ORIENTED_EDGE('',*,*,#7508,.F.);
#7508 = EDGE_CURVE('',#7482,#7501,#7509,.T.);
#7509 = CIRCLE('',#7510,1.5);
#7510 = AXIS2_PLACEMENT_3D('',#7511,#7512,#7513);
#7511 = CARTESIAN_POINT('',(10.,1.5,-2.));
#7512 = DIRECTION('',(-0.,1.,0.));
#7513 = DIRECTION('',(0.,0.,-1.));
#7514 = CYLINDRICAL_SURFACE('',#7515,1.5);
#7515 = AXIS2_PLACEMENT_3D('',#7516,#7517,#7518);
#7516 = CARTESIAN_POINT('',(10.,5.742640687119,-2.));
#7517 = DIRECTION('',(-0.,-1.,-0.));
#7518 = DIRECTION('',(0.,0.,-1.));
#7519 = ADVANCED_FACE('',(#7520),#7556,.F.);
#7520 = FACE_BOUND('',#7521,.F.);
#7521 = EDGE_LOOP('',(#7522,#7532,#7541,#7549));
#7522 = ORIENTED_EDGE('',*,*,#7523,.T.);
#7523 = EDGE_CURVE('',#7524,#7526,#7528,.T.);
#7524 = VERTEX_POINT('',#7525);
#7525 = CARTESIAN_POINT('',(6.,1.5,-3.5));
#7526 = VERTEX_POINT('',#7527);
#7527 = CARTESIAN_POINT('',(6.,0.,-3.5));
#7528 = LINE('',#7529,#7530);
#7529 = CARTESIAN_POINT('',(6.,5.742640687119,-3.5));
#7530 = VECTOR('',#7531,1.);
#7531 = DIRECTION('',(-0.,-1.,-0.));
#7532 = ORIENTED_EDGE('',*,*,#7533,.F.);
#7533 = EDGE_CURVE('',#7534,#7526,#7536,.T.);
#7534 = VERTEX_POINT('',#7535);
#7535 = CARTESIAN_POINT('',(6.,0.,-0.5));
#7536 = CIRCLE('',#7537,1.5);
#7537 = AXIS2_PLACEMENT_3D('',#7538,#7539,#7540);
#7538 = CARTESIAN_POINT('',(6.,0.,-2.));
#7539 = DIRECTION('',(0.,-1.,0.));
#7540 = DIRECTION('',(0.,0.,-1.));
#7541 = ORIENTED_EDGE('',*,*,#7542,.F.);
#7542 = EDGE_CURVE('',#7543,#7534,#7545,.T.);
#7543 = VERTEX_POINT('',#7544);
#7544 = CARTESIAN_POINT('',(6.,1.5,-0.5));
#7545 = LINE('',#7546,#7547);
#7546 = CARTESIAN_POINT('',(6.,5.742640687119,-0.5));
#7547 = VECTOR('',#7548,1.);
#7548 = DIRECTION('',(-0.,-1.,-0.));
#7549 = ORIENTED_EDGE('',*,*,#7550,.F.);
#7550 = EDGE_CURVE('',#7524,#7543,#7551,.T.);
#7551 = CIRCLE('',#7552,1.5);
#7552 = AXIS2_PLACEMENT_3D('',#7553,#7554,#7555);
#7553 = CARTESIAN_POINT('',(6.,1.5,-2.));
#7554 = DIRECTION('',(-0.,1.,0.));
#7555 = DIRECTION('',(0.,0.,-1.));
#7556 = CYLINDRICAL_SURFACE('',#7557,1.5);
#7557 = AXIS2_PLACEMENT_3D('',#7558,#7559,#7560);
#7558 = CARTESIAN_POINT('',(6.,5.742640687119,-2.));
#7559 = DIRECTION('',(-0.,-1.,-0.));
#7560 = DIRECTION('',(0.,0.,-1.));
#7561 = ADVANCED_FACE('',(#7562),#7598,.F.);
#7562 = FACE_BOUND('',#7563,.F.);
#7563 = EDGE_LOOP('',(#7564,#7574,#7583,#7591));
#7564 = ORIENTED_EDGE('',*,*,#7565,.T.);
#7565 = EDGE_CURVE('',#7566,#7568,#7570,.T.);
#7566 = VERTEX_POINT('',#7567);
#7567 = CARTESIAN_POINT('',(30.,1.5,-7.5));
#7568 = VERTEX_POINT('',#7569);
#7569 = CARTESIAN_POINT('',(30.,0.,-7.5));
#7570 = LINE('',#7571,#7572);
#7571 = CARTESIAN_POINT('',(30.,5.742640687119,-7.5));
#7572 = VECTOR('',#7573,1.);
#7573 = DIRECTION('',(-0.,-1.,-0.));
#7574 = ORIENTED_EDGE('',*,*,#7575,.F.);
#7575 = EDGE_CURVE('',#7576,#7568,#7578,.T.);
#7576 = VERTEX_POINT('',#7577);
#7577 = CARTESIAN_POINT('',(30.,0.,-4.5));
#7578 = CIRCLE('',#7579,1.5);
#7579 = AXIS2_PLACEMENT_3D('',#7580,#7581,#7582);
#7580 = CARTESIAN_POINT('',(30.,0.,-6.));
#7581 = DIRECTION('',(0.,-1.,0.));
#7582 = DIRECTION('',(0.,0.,-1.));
#7583 = ORIENTED_EDGE('',*,*,#7584,.F.);
#7584 = EDGE_CURVE('',#7585,#7576,#7587,.T.);
#7585 = VERTEX_POINT('',#7586);
#7586 = CARTESIAN_POINT('',(30.,1.5,-4.5));
#7587 = LINE('',#7588,#7589);
#7588 = CARTESIAN_POINT('',(30.,5.742640687119,-4.5));
#7589 = VECTOR('',#7590,1.);
#7590 = DIRECTION('',(-0.,-1.,-0.));
#7591 = ORIENTED_EDGE('',*,*,#7592,.F.);
#7592 = EDGE_CURVE('',#7566,#7585,#7593,.T.);
#7593 = CIRCLE('',#7594,1.5);
#7594 = AXIS2_PLACEMENT_3D('',#7595,#7596,#7597);
#7595 = CARTESIAN_POINT('',(30.,1.5,-6.));
#7596 = DIRECTION('',(-0.,1.,0.));
#7597 = DIRECTION('',(0.,0.,-1.));
#7598 = CYLINDRICAL_SURFACE('',#7599,1.5);
#7599 = AXIS2_PLACEMENT_3D('',#7600,#7601,#7602);
#7600 = CARTESIAN_POINT('',(30.,5.742640687119,-6.));
#7601 = DIRECTION('',(-0.,-1.,-0.));
#7602 = DIRECTION('',(0.,0.,-1.));
#7603 = ADVANCED_FACE('',(#7604),#7640,.F.);
#7604 = FACE_BOUND('',#7605,.F.);
#7605 = EDGE_LOOP('',(#7606,#7616,#7625,#7633));
#7606 = ORIENTED_EDGE('',*,*,#7607,.T.);
#7607 = EDGE_CURVE('',#7608,#7610,#7612,.T.);
#7608 = VERTEX_POINT('',#7609);
#7609 = CARTESIAN_POINT('',(18.,1.5,-3.5));
#7610 = VERTEX_POINT('',#7611);
#7611 = CARTESIAN_POINT('',(18.,0.,-3.5));
#7612 = LINE('',#7613,#7614);
#7613 = CARTESIAN_POINT('',(18.,5.742640687119,-3.5));
#7614 = VECTOR('',#7615,1.);
#7615 = DIRECTION('',(-0.,-1.,-0.));
#7616 = ORIENTED_EDGE('',*,*,#7617,.F.);
#7617 = EDGE_CURVE('',#7618,#7610,#7620,.T.);
#7618 = VERTEX_POINT('',#7619);
#7619 = CARTESIAN_POINT('',(18.,0.,-0.5));
#7620 = CIRCLE('',#7621,1.5);
#7621 = AXIS2_PLACEMENT_3D('',#7622,#7623,#7624);
#7622 = CARTESIAN_POINT('',(18.,0.,-2.));
#7623 = DIRECTION('',(0.,-1.,0.));
#7624 = DIRECTION('',(0.,0.,-1.));
#7625 = ORIENTED_EDGE('',*,*,#7626,.F.);
#7626 = EDGE_CURVE('',#7627,#7618,#7629,.T.);
#7627 = VERTEX_POINT('',#7628);
#7628 = CARTESIAN_POINT('',(18.,1.5,-0.5));
#7629 = LINE('',#7630,#7631);
#7630 = CARTESIAN_POINT('',(18.,5.742640687119,-0.5));
#7631 = VECTOR('',#7632,1.);
#7632 = DIRECTION('',(-0.,-1.,-0.));
#7633 = ORIENTED_EDGE('',*,*,#7634,.F.);
#7634 = EDGE_CURVE('',#7608,#7627,#7635,.T.);
#7635 = CIRCLE('',#7636,1.5);
#7636 = AXIS2_PLACEMENT_3D('',#7637,#7638,#7639);
#7637 = CARTESIAN_POINT('',(18.,1.5,-2.));
#7638 = DIRECTION('',(-0.,1.,0.));
#7639 = DIRECTION('',(0.,0.,-1.));
#7640 = CYLINDRICAL_SURFACE('',#7641,1.5);
#7641 = AXIS2_PLACEMENT_3D('',#7642,#7643,#7644);
#7642 = CARTESIAN_POINT('',(18.,5.742640687119,-2.));
#7643 = DIRECTION('',(-0.,-1.,-0.));
#7644 = DIRECTION('',(0.,0.,-1.));
#7645 = ADVANCED_FACE('',(#7646),#7682,.F.);
#7646 = FACE_BOUND('',#7647,.F.);
#7647 = EDGE_LOOP('',(#7648,#7658,#7667,#7675));
#7648 = ORIENTED_EDGE('',*,*,#7649,.T.);
#7649 = EDGE_CURVE('',#7650,#7652,#7654,.T.);
#7650 = VERTEX_POINT('',#7651);
#7651 = CARTESIAN_POINT('',(22.,1.5,-3.5));
#7652 = VERTEX_POINT('',#7653);
#7653 = CARTESIAN_POINT('',(22.,0.,-3.5));
#7654 = LINE('',#7655,#7656);
#7655 = CARTESIAN_POINT('',(22.,5.742640687119,-3.5));
#7656 = VECTOR('',#7657,1.);
#7657 = DIRECTION('',(-0.,-1.,-0.));
#7658 = ORIENTED_EDGE('',*,*,#7659,.F.);
#7659 = EDGE_CURVE('',#7660,#7652,#7662,.T.);
#7660 = VERTEX_POINT('',#7661);
#7661 = CARTESIAN_POINT('',(22.,0.,-0.5));
#7662 = CIRCLE('',#7663,1.5);
#7663 = AXIS2_PLACEMENT_3D('',#7664,#7665,#7666);
#7664 = CARTESIAN_POINT('',(22.,0.,-2.));
#7665 = DIRECTION('',(0.,-1.,0.));
#7666 = DIRECTION('',(0.,0.,-1.));
#7667 = ORIENTED_EDGE('',*,*,#7668,.F.);
#7668 = EDGE_CURVE('',#7669,#7660,#7671,.T.);
#7669 = VERTEX_POINT('',#7670);
#7670 = CARTESIAN_POINT('',(22.,1.5,-0.5));
#7671 = LINE('',#7672,#7673);
#7672 = CARTESIAN_POINT('',(22.,5.742640687119,-0.5));
#7673 = VECTOR('',#7674,1.);
#7674 = DIRECTION('',(-0.,-1.,-0.));
#7675 = ORIENTED_EDGE('',*,*,#7676,.F.);
#7676 = EDGE_CURVE('',#7650,#7669,#7677,.T.);
#7677 = CIRCLE('',#7678,1.5);
#7678 = AXIS2_PLACEMENT_3D('',#7679,#7680,#7681);
#7679 = CARTESIAN_POINT('',(22.,1.5,-2.));
#7680 = DIRECTION('',(-0.,1.,0.));
#7681 = DIRECTION('',(0.,0.,-1.));
#7682 = CYLINDRICAL_SURFACE('',#7683,1.5);
#7683 = AXIS2_PLACEMENT_3D('',#7684,#7685,#7686);
#7684 = CARTESIAN_POINT('',(22.,5.742640687119,-2.));
#7685 = DIRECTION('',(-0.,-1.,-0.));
#7686 = DIRECTION('',(0.,0.,-1.));
#7687 = ADVANCED_FACE('',(#7688),#7724,.F.);
#7688 = FACE_BOUND('',#7689,.F.);
#7689 = EDGE_LOOP('',(#7690,#7700,#7709,#7717));
#7690 = ORIENTED_EDGE('',*,*,#7691,.T.);
#7691 = EDGE_CURVE('',#7692,#7694,#7696,.T.);
#7692 = VERTEX_POINT('',#7693);
#7693 = CARTESIAN_POINT('',(26.,1.5,-3.5));
#7694 = VERTEX_POINT('',#7695);
#7695 = CARTESIAN_POINT('',(26.,0.,-3.5));
#7696 = LINE('',#7697,#7698);
#7697 = CARTESIAN_POINT('',(26.,5.742640687119,-3.5));
#7698 = VECTOR('',#7699,1.);
#7699 = DIRECTION('',(-0.,-1.,-0.));
#7700 = ORIENTED_EDGE('',*,*,#7701,.F.);
#7701 = EDGE_CURVE('',#7702,#7694,#7704,.T.);
#7702 = VERTEX_POINT('',#7703);
#7703 = CARTESIAN_POINT('',(26.,0.,-0.5));
#7704 = CIRCLE('',#7705,1.5);
#7705 = AXIS2_PLACEMENT_3D('',#7706,#7707,#7708);
#7706 = CARTESIAN_POINT('',(26.,0.,-2.));
#7707 = DIRECTION('',(0.,-1.,0.));
#7708 = DIRECTION('',(0.,0.,-1.));
#7709 = ORIENTED_EDGE('',*,*,#7710,.F.);
#7710 = EDGE_CURVE('',#7711,#7702,#7713,.T.);
#7711 = VERTEX_POINT('',#7712);
#7712 = CARTESIAN_POINT('',(26.,1.5,-0.5));
#7713 = LINE('',#7714,#7715);
#7714 = CARTESIAN_POINT('',(26.,5.742640687119,-0.5));
#7715 = VECTOR('',#7716,1.);
#7716 = DIRECTION('',(-0.,-1.,-0.));
#7717 = ORIENTED_EDGE('',*,*,#7718,.F.);
#7718 = EDGE_CURVE('',#7692,#7711,#7719,.T.);
#7719 = CIRCLE('',#7720,1.5);
#7720 = AXIS2_PLACEMENT_3D('',#7721,#7722,#7723);
#7721 = CARTESIAN_POINT('',(26.,1.5,-2.));
#7722 = DIRECTION('',(-0.,1.,0.));
#7723 = DIRECTION('',(0.,0.,-1.));
#7724 = CYLINDRICAL_SURFACE('',#7725,1.5);
#7725 = AXIS2_PLACEMENT_3D('',#7726,#7727,#7728);
#7726 = CARTESIAN_POINT('',(26.,5.742640687119,-2.));
#7727 = DIRECTION('',(-0.,-1.,-0.));
#7728 = DIRECTION('',(0.,0.,-1.));
#7729 = ADVANCED_FACE('',(#7730),#7766,.F.);
#7730 = FACE_BOUND('',#7731,.F.);
#7731 = EDGE_LOOP('',(#7732,#7742,#7751,#7759));
#7732 = ORIENTED_EDGE('',*,*,#7733,.T.);
#7733 = EDGE_CURVE('',#7734,#7736,#7738,.T.);
#7734 = VERTEX_POINT('',#7735);
#7735 = CARTESIAN_POINT('',(30.,1.5,-3.5));
#7736 = VERTEX_POINT('',#7737);
#7737 = CARTESIAN_POINT('',(30.,0.,-3.5));
#7738 = LINE('',#7739,#7740);
#7739 = CARTESIAN_POINT('',(30.,5.742640687119,-3.5));
#7740 = VECTOR('',#7741,1.);
#7741 = DIRECTION('',(-0.,-1.,-0.));
#7742 = ORIENTED_EDGE('',*,*,#7743,.F.);
#7743 = EDGE_CURVE('',#7744,#7736,#7746,.T.);
#7744 = VERTEX_POINT('',#7745);
#7745 = CARTESIAN_POINT('',(30.,0.,-0.5));
#7746 = CIRCLE('',#7747,1.5);
#7747 = AXIS2_PLACEMENT_3D('',#7748,#7749,#7750);
#7748 = CARTESIAN_POINT('',(30.,0.,-2.));
#7749 = DIRECTION('',(0.,-1.,0.));
#7750 = DIRECTION('',(0.,0.,-1.));
#7751 = ORIENTED_EDGE('',*,*,#7752,.F.);
#7752 = EDGE_CURVE('',#7753,#7744,#7755,.T.);
#7753 = VERTEX_POINT('',#7754);
#7754 = CARTESIAN_POINT('',(30.,1.5,-0.5));
#7755 = LINE('',#7756,#7757);
#7756 = CARTESIAN_POINT('',(30.,5.742640687119,-0.5));
#7757 = VECTOR('',#7758,1.);
#7758 = DIRECTION('',(-0.,-1.,-0.));
#7759 = ORIENTED_EDGE('',*,*,#7760,.F.);
#7760 = EDGE_CURVE('',#7734,#7753,#7761,.T.);
#7761 = CIRCLE('',#7762,1.5);
#7762 = AXIS2_PLACEMENT_3D('',#7763,#7764,#7765);
#7763 = CARTESIAN_POINT('',(30.,1.5,-2.));
#7764 = DIRECTION('',(-0.,1.,0.));
#7765 = DIRECTION('',(0.,0.,-1.));
#7766 = CYLINDRICAL_SURFACE('',#7767,1.5);
#7767 = AXIS2_PLACEMENT_3D('',#7768,#7769,#7770);
#7768 = CARTESIAN_POINT('',(30.,5.742640687119,-2.));
#7769 = DIRECTION('',(-0.,-1.,-0.));
#7770 = DIRECTION('',(0.,0.,-1.));
#7771 = ADVANCED_FACE('',(#7772),#7808,.F.);
#7772 = FACE_BOUND('',#7773,.F.);
#7773 = EDGE_LOOP('',(#7774,#7784,#7793,#7801));
#7774 = ORIENTED_EDGE('',*,*,#7775,.T.);
#7775 = EDGE_CURVE('',#7776,#7778,#7780,.T.);
#7776 = VERTEX_POINT('',#7777);
#7777 = CARTESIAN_POINT('',(22.,1.5,-11.5));
#7778 = VERTEX_POINT('',#7779);
#7779 = CARTESIAN_POINT('',(22.,0.,-11.5));
#7780 = LINE('',#7781,#7782);
#7781 = CARTESIAN_POINT('',(22.,5.742640687119,-11.5));
#7782 = VECTOR('',#7783,1.);
#7783 = DIRECTION('',(-0.,-1.,-0.));
#7784 = ORIENTED_EDGE('',*,*,#7785,.F.);
#7785 = EDGE_CURVE('',#7786,#7778,#7788,.T.);
#7786 = VERTEX_POINT('',#7787);
#7787 = CARTESIAN_POINT('',(22.,0.,-8.5));
#7788 = CIRCLE('',#7789,1.5);
#7789 = AXIS2_PLACEMENT_3D('',#7790,#7791,#7792);
#7790 = CARTESIAN_POINT('',(22.,0.,-10.));
#7791 = DIRECTION('',(0.,-1.,0.));
#7792 = DIRECTION('',(0.,0.,-1.));
#7793 = ORIENTED_EDGE('',*,*,#7794,.F.);
#7794 = EDGE_CURVE('',#7795,#7786,#7797,.T.);
#7795 = VERTEX_POINT('',#7796);
#7796 = CARTESIAN_POINT('',(22.,1.5,-8.5));
#7797 = LINE('',#7798,#7799);
#7798 = CARTESIAN_POINT('',(22.,5.742640687119,-8.5));
#7799 = VECTOR('',#7800,1.);
#7800 = DIRECTION('',(-0.,-1.,-0.));
#7801 = ORIENTED_EDGE('',*,*,#7802,.F.);
#7802 = EDGE_CURVE('',#7776,#7795,#7803,.T.);
#7803 = CIRCLE('',#7804,1.5);
#7804 = AXIS2_PLACEMENT_3D('',#7805,#7806,#7807);
#7805 = CARTESIAN_POINT('',(22.,1.5,-10.));
#7806 = DIRECTION('',(-0.,1.,0.));
#7807 = DIRECTION('',(0.,0.,-1.));
#7808 = CYLINDRICAL_SURFACE('',#7809,1.5);
#7809 = AXIS2_PLACEMENT_3D('',#7810,#7811,#7812);
#7810 = CARTESIAN_POINT('',(22.,5.742640687119,-10.));
#7811 = DIRECTION('',(-0.,-1.,-0.));
#7812 = DIRECTION('',(0.,0.,-1.));
#7813 = ADVANCED_FACE('',(#7814),#7850,.F.);
#7814 = FACE_BOUND('',#7815,.F.);
#7815 = EDGE_LOOP('',(#7816,#7826,#7835,#7843));
#7816 = ORIENTED_EDGE('',*,*,#7817,.T.);
#7817 = EDGE_CURVE('',#7818,#7820,#7822,.T.);
#7818 = VERTEX_POINT('',#7819);
#7819 = CARTESIAN_POINT('',(18.,1.5,-11.5));
#7820 = VERTEX_POINT('',#7821);
#7821 = CARTESIAN_POINT('',(18.,0.,-11.5));
#7822 = LINE('',#7823,#7824);
#7823 = CARTESIAN_POINT('',(18.,5.742640687119,-11.5));
#7824 = VECTOR('',#7825,1.);
#7825 = DIRECTION('',(-0.,-1.,-0.));
#7826 = ORIENTED_EDGE('',*,*,#7827,.F.);
#7827 = EDGE_CURVE('',#7828,#7820,#7830,.T.);
#7828 = VERTEX_POINT('',#7829);
#7829 = CARTESIAN_POINT('',(18.,0.,-8.5));
#7830 = CIRCLE('',#7831,1.5);
#7831 = AXIS2_PLACEMENT_3D('',#7832,#7833,#7834);
#7832 = CARTESIAN_POINT('',(18.,0.,-10.));
#7833 = DIRECTION('',(0.,-1.,0.));
#7834 = DIRECTION('',(0.,0.,-1.));
#7835 = ORIENTED_EDGE('',*,*,#7836,.F.);
#7836 = EDGE_CURVE('',#7837,#7828,#7839,.T.);
#7837 = VERTEX_POINT('',#7838);
#7838 = CARTESIAN_POINT('',(18.,1.5,-8.5));
#7839 = LINE('',#7840,#7841);
#7840 = CARTESIAN_POINT('',(18.,5.742640687119,-8.5));
#7841 = VECTOR('',#7842,1.);
#7842 = DIRECTION('',(-0.,-1.,-0.));
#7843 = ORIENTED_EDGE('',*,*,#7844,.F.);
#7844 = EDGE_CURVE('',#7818,#7837,#7845,.T.);
#7845 = CIRCLE('',#7846,1.5);
#7846 = AXIS2_PLACEMENT_3D('',#7847,#7848,#7849);
#7847 = CARTESIAN_POINT('',(18.,1.5,-10.));
#7848 = DIRECTION('',(-0.,1.,0.));
#7849 = DIRECTION('',(0.,0.,-1.));
#7850 = CYLINDRICAL_SURFACE('',#7851,1.5);
#7851 = AXIS2_PLACEMENT_3D('',#7852,#7853,#7854);
#7852 = CARTESIAN_POINT('',(18.,5.742640687119,-10.));
#7853 = DIRECTION('',(-0.,-1.,-0.));
#7854 = DIRECTION('',(0.,0.,-1.));
#7855 = ADVANCED_FACE('',(#7856),#7892,.F.);
#7856 = FACE_BOUND('',#7857,.F.);
#7857 = EDGE_LOOP('',(#7858,#7868,#7877,#7885));
#7858 = ORIENTED_EDGE('',*,*,#7859,.T.);
#7859 = EDGE_CURVE('',#7860,#7862,#7864,.T.);
#7860 = VERTEX_POINT('',#7861);
#7861 = CARTESIAN_POINT('',(14.,1.5,-11.5));
#7862 = VERTEX_POINT('',#7863);
#7863 = CARTESIAN_POINT('',(14.,0.,-11.5));
#7864 = LINE('',#7865,#7866);
#7865 = CARTESIAN_POINT('',(14.,5.742640687119,-11.5));
#7866 = VECTOR('',#7867,1.);
#7867 = DIRECTION('',(-0.,-1.,-0.));
#7868 = ORIENTED_EDGE('',*,*,#7869,.F.);
#7869 = EDGE_CURVE('',#7870,#7862,#7872,.T.);
#7870 = VERTEX_POINT('',#7871);
#7871 = CARTESIAN_POINT('',(14.,0.,-8.5));
#7872 = CIRCLE('',#7873,1.5);
#7873 = AXIS2_PLACEMENT_3D('',#7874,#7875,#7876);
#7874 = CARTESIAN_POINT('',(14.,0.,-10.));
#7875 = DIRECTION('',(0.,-1.,0.));
#7876 = DIRECTION('',(0.,0.,-1.));
#7877 = ORIENTED_EDGE('',*,*,#7878,.F.);
#7878 = EDGE_CURVE('',#7879,#7870,#7881,.T.);
#7879 = VERTEX_POINT('',#7880);
#7880 = CARTESIAN_POINT('',(14.,1.5,-8.5));
#7881 = LINE('',#7882,#7883);
#7882 = CARTESIAN_POINT('',(14.,5.742640687119,-8.5));
#7883 = VECTOR('',#7884,1.);
#7884 = DIRECTION('',(-0.,-1.,-0.));
#7885 = ORIENTED_EDGE('',*,*,#7886,.F.);
#7886 = EDGE_CURVE('',#7860,#7879,#7887,.T.);
#7887 = CIRCLE('',#7888,1.5);
#7888 = AXIS2_PLACEMENT_3D('',#7889,#7890,#7891);
#7889 = CARTESIAN_POINT('',(14.,1.5,-10.));
#7890 = DIRECTION('',(-0.,1.,0.));
#7891 = DIRECTION('',(0.,0.,-1.));
#7892 = CYLINDRICAL_SURFACE('',#7893,1.5);
#7893 = AXIS2_PLACEMENT_3D('',#7894,#7895,#7896);
#7894 = CARTESIAN_POINT('',(14.,5.742640687119,-10.));
#7895 = DIRECTION('',(-0.,-1.,-0.));
#7896 = DIRECTION('',(0.,0.,-1.));
#7897 = ADVANCED_FACE('',(#7898),#7934,.F.);
#7898 = FACE_BOUND('',#7899,.F.);
#7899 = EDGE_LOOP('',(#7900,#7910,#7919,#7927));
#7900 = ORIENTED_EDGE('',*,*,#7901,.T.);
#7901 = EDGE_CURVE('',#7902,#7904,#7906,.T.);
#7902 = VERTEX_POINT('',#7903);
#7903 = CARTESIAN_POINT('',(10.,1.5,-11.5));
#7904 = VERTEX_POINT('',#7905);
#7905 = CARTESIAN_POINT('',(10.,0.,-11.5));
#7906 = LINE('',#7907,#7908);
#7907 = CARTESIAN_POINT('',(10.,5.742640687119,-11.5));
#7908 = VECTOR('',#7909,1.);
#7909 = DIRECTION('',(-0.,-1.,-0.));
#7910 = ORIENTED_EDGE('',*,*,#7911,.F.);
#7911 = EDGE_CURVE('',#7912,#7904,#7914,.T.);
#7912 = VERTEX_POINT('',#7913);
#7913 = CARTESIAN_POINT('',(10.,0.,-8.5));
#7914 = CIRCLE('',#7915,1.5);
#7915 = AXIS2_PLACEMENT_3D('',#7916,#7917,#7918);
#7916 = CARTESIAN_POINT('',(10.,0.,-10.));
#7917 = DIRECTION('',(0.,-1.,0.));
#7918 = DIRECTION('',(0.,0.,-1.));
#7919 = ORIENTED_EDGE('',*,*,#7920,.F.);
#7920 = EDGE_CURVE('',#7921,#7912,#7923,.T.);
#7921 = VERTEX_POINT('',#7922);
#7922 = CARTESIAN_POINT('',(10.,1.5,-8.5));
#7923 = LINE('',#7924,#7925);
#7924 = CARTESIAN_POINT('',(10.,5.742640687119,-8.5));
#7925 = VECTOR('',#7926,1.);
#7926 = DIRECTION('',(-0.,-1.,-0.));
#7927 = ORIENTED_EDGE('',*,*,#7928,.F.);
#7928 = EDGE_CURVE('',#7902,#7921,#7929,.T.);
#7929 = CIRCLE('',#7930,1.5);
#7930 = AXIS2_PLACEMENT_3D('',#7931,#7932,#7933);
#7931 = CARTESIAN_POINT('',(10.,1.5,-10.));
#7932 = DIRECTION('',(-0.,1.,0.));
#7933 = DIRECTION('',(0.,0.,-1.));
#7934 = CYLINDRICAL_SURFACE('',#7935,1.5);
#7935 = AXIS2_PLACEMENT_3D('',#7936,#7937,#7938);
#7936 = CARTESIAN_POINT('',(10.,5.742640687119,-10.));
#7937 = DIRECTION('',(-0.,-1.,-0.));
#7938 = DIRECTION('',(0.,0.,-1.));
#7939 = ADVANCED_FACE('',(#7940),#7976,.F.);
#7940 = FACE_BOUND('',#7941,.F.);
#7941 = EDGE_LOOP('',(#7942,#7952,#7961,#7969));
#7942 = ORIENTED_EDGE('',*,*,#7943,.T.);
#7943 = EDGE_CURVE('',#7944,#7946,#7948,.T.);
#7944 = VERTEX_POINT('',#7945);
#7945 = CARTESIAN_POINT('',(22.,1.5,-15.5));
#7946 = VERTEX_POINT('',#7947);
#7947 = CARTESIAN_POINT('',(22.,0.,-15.5));
#7948 = LINE('',#7949,#7950);
#7949 = CARTESIAN_POINT('',(22.,5.742640687119,-15.5));
#7950 = VECTOR('',#7951,1.);
#7951 = DIRECTION('',(-0.,-1.,-0.));
#7952 = ORIENTED_EDGE('',*,*,#7953,.F.);
#7953 = EDGE_CURVE('',#7954,#7946,#7956,.T.);
#7954 = VERTEX_POINT('',#7955);
#7955 = CARTESIAN_POINT('',(22.,0.,-12.5));
#7956 = CIRCLE('',#7957,1.5);
#7957 = AXIS2_PLACEMENT_3D('',#7958,#7959,#7960);
#7958 = CARTESIAN_POINT('',(22.,0.,-14.));
#7959 = DIRECTION('',(0.,-1.,0.));
#7960 = DIRECTION('',(0.,0.,-1.));
#7961 = ORIENTED_EDGE('',*,*,#7962,.F.);
#7962 = EDGE_CURVE('',#7963,#7954,#7965,.T.);
#7963 = VERTEX_POINT('',#7964);
#7964 = CARTESIAN_POINT('',(22.,1.5,-12.5));
#7965 = LINE('',#7966,#7967);
#7966 = CARTESIAN_POINT('',(22.,5.742640687119,-12.5));
#7967 = VECTOR('',#7968,1.);
#7968 = DIRECTION('',(-0.,-1.,-0.));
#7969 = ORIENTED_EDGE('',*,*,#7970,.F.);
#7970 = EDGE_CURVE('',#7944,#7963,#7971,.T.);
#7971 = CIRCLE('',#7972,1.5);
#7972 = AXIS2_PLACEMENT_3D('',#7973,#7974,#7975);
#7973 = CARTESIAN_POINT('',(22.,1.5,-14.));
#7974 = DIRECTION('',(-0.,1.,0.));
#7975 = DIRECTION('',(0.,0.,-1.));
#7976 = CYLINDRICAL_SURFACE('',#7977,1.5);
#7977 = AXIS2_PLACEMENT_3D('',#7978,#7979,#7980);
#7978 = CARTESIAN_POINT('',(22.,5.742640687119,-14.));
#7979 = DIRECTION('',(-0.,-1.,-0.));
#7980 = DIRECTION('',(0.,0.,-1.));
#7981 = ADVANCED_FACE('',(#7982),#8018,.F.);
#7982 = FACE_BOUND('',#7983,.F.);
#7983 = EDGE_LOOP('',(#7984,#7994,#8003,#8011));
#7984 = ORIENTED_EDGE('',*,*,#7985,.T.);
#7985 = EDGE_CURVE('',#7986,#7988,#7990,.T.);
#7986 = VERTEX_POINT('',#7987);
#7987 = CARTESIAN_POINT('',(26.,1.5,-15.5));
#7988 = VERTEX_POINT('',#7989);
#7989 = CARTESIAN_POINT('',(26.,0.,-15.5));
#7990 = LINE('',#7991,#7992);
#7991 = CARTESIAN_POINT('',(26.,5.742640687119,-15.5));
#7992 = VECTOR('',#7993,1.);
#7993 = DIRECTION('',(-0.,-1.,-0.));
#7994 = ORIENTED_EDGE('',*,*,#7995,.F.);
#7995 = EDGE_CURVE('',#7996,#7988,#7998,.T.);
#7996 = VERTEX_POINT('',#7997);
#7997 = CARTESIAN_POINT('',(26.,0.,-12.5));
#7998 = CIRCLE('',#7999,1.5);
#7999 = AXIS2_PLACEMENT_3D('',#8000,#8001,#8002);
#8000 = CARTESIAN_POINT('',(26.,0.,-14.));
#8001 = DIRECTION('',(0.,-1.,0.));
#8002 = DIRECTION('',(0.,0.,-1.));
#8003 = ORIENTED_EDGE('',*,*,#8004,.F.);
#8004 = EDGE_CURVE('',#8005,#7996,#8007,.T.);
#8005 = VERTEX_POINT('',#8006);
#8006 = CARTESIAN_POINT('',(26.,1.5,-12.5));
#8007 = LINE('',#8008,#8009);
#8008 = CARTESIAN_POINT('',(26.,5.742640687119,-12.5));
#8009 = VECTOR('',#8010,1.);
#8010 = DIRECTION('',(-0.,-1.,-0.));
#8011 = ORIENTED_EDGE('',*,*,#8012,.F.);
#8012 = EDGE_CURVE('',#7986,#8005,#8013,.T.);
#8013 = CIRCLE('',#8014,1.5);
#8014 = AXIS2_PLACEMENT_3D('',#8015,#8016,#8017);
#8015 = CARTESIAN_POINT('',(26.,1.5,-14.));
#8016 = DIRECTION('',(-0.,1.,0.));
#8017 = DIRECTION('',(0.,0.,-1.));
#8018 = CYLINDRICAL_SURFACE('',#8019,1.5);
#8019 = AXIS2_PLACEMENT_3D('',#8020,#8021,#8022);
#8020 = CARTESIAN_POINT('',(26.,5.742640687119,-14.));
#8021 = DIRECTION('',(-0.,-1.,-0.));
#8022 = DIRECTION('',(0.,0.,-1.));
#8023 = ADVANCED_FACE('',(#8024),#8060,.F.);
#8024 = FACE_BOUND('',#8025,.F.);
#8025 = EDGE_LOOP('',(#8026,#8036,#8045,#8053));
#8026 = ORIENTED_EDGE('',*,*,#8027,.T.);
#8027 = EDGE_CURVE('',#8028,#8030,#8032,.T.);
#8028 = VERTEX_POINT('',#8029);
#8029 = CARTESIAN_POINT('',(30.,1.5,-15.5));
#8030 = VERTEX_POINT('',#8031);
#8031 = CARTESIAN_POINT('',(30.,0.,-15.5));
#8032 = LINE('',#8033,#8034);
#8033 = CARTESIAN_POINT('',(30.,5.742640687119,-15.5));
#8034 = VECTOR('',#8035,1.);
#8035 = DIRECTION('',(-0.,-1.,-0.));
#8036 = ORIENTED_EDGE('',*,*,#8037,.F.);
#8037 = EDGE_CURVE('',#8038,#8030,#8040,.T.);
#8038 = VERTEX_POINT('',#8039);
#8039 = CARTESIAN_POINT('',(30.,0.,-12.5));
#8040 = CIRCLE('',#8041,1.5);
#8041 = AXIS2_PLACEMENT_3D('',#8042,#8043,#8044);
#8042 = CARTESIAN_POINT('',(30.,0.,-14.));
#8043 = DIRECTION('',(0.,-1.,0.));
#8044 = DIRECTION('',(0.,0.,-1.));
#8045 = ORIENTED_EDGE('',*,*,#8046,.F.);
#8046 = EDGE_CURVE('',#8047,#8038,#8049,.T.);
#8047 = VERTEX_POINT('',#8048);
#8048 = CARTESIAN_POINT('',(30.,1.5,-12.5));
#8049 = LINE('',#8050,#8051);
#8050 = CARTESIAN_POINT('',(30.,5.742640687119,-12.5));
#8051 = VECTOR('',#8052,1.);
#8052 = DIRECTION('',(-0.,-1.,-0.));
#8053 = ORIENTED_EDGE('',*,*,#8054,.F.);
#8054 = EDGE_CURVE('',#8028,#8047,#8055,.T.);
#8055 = CIRCLE('',#8056,1.5);
#8056 = AXIS2_PLACEMENT_3D('',#8057,#8058,#8059);
#8057 = CARTESIAN_POINT('',(30.,1.5,-14.));
#8058 = DIRECTION('',(-0.,1.,0.));
#8059 = DIRECTION('',(0.,0.,-1.));
#8060 = CYLINDRICAL_SURFACE('',#8061,1.5);
#8061 = AXIS2_PLACEMENT_3D('',#8062,#8063,#8064);
#8062 = CARTESIAN_POINT('',(30.,5.742640687119,-14.));
#8063 = DIRECTION('',(-0.,-1.,-0.));
#8064 = DIRECTION('',(0.,0.,-1.));
#8065 = ADVANCED_FACE('',(#8066),#8102,.F.);
#8066 = FACE_BOUND('',#8067,.F.);
#8067 = EDGE_LOOP('',(#8068,#8078,#8087,#8095));
#8068 = ORIENTED_EDGE('',*,*,#8069,.T.);
#8069 = EDGE_CURVE('',#8070,#8072,#8074,.T.);
#8070 = VERTEX_POINT('',#8071);
#8071 = CARTESIAN_POINT('',(6.,1.5,-11.5));
#8072 = VERTEX_POINT('',#8073);
#8073 = CARTESIAN_POINT('',(6.,0.,-11.5));
#8074 = LINE('',#8075,#8076);
#8075 = CARTESIAN_POINT('',(6.,5.742640687119,-11.5));
#8076 = VECTOR('',#8077,1.);
#8077 = DIRECTION('',(-0.,-1.,-0.));
#8078 = ORIENTED_EDGE('',*,*,#8079,.F.);
#8079 = EDGE_CURVE('',#8080,#8072,#8082,.T.);
#8080 = VERTEX_POINT('',#8081);
#8081 = CARTESIAN_POINT('',(6.,0.,-8.5));
#8082 = CIRCLE('',#8083,1.5);
#8083 = AXIS2_PLACEMENT_3D('',#8084,#8085,#8086);
#8084 = CARTESIAN_POINT('',(6.,0.,-10.));
#8085 = DIRECTION('',(0.,-1.,0.));
#8086 = DIRECTION('',(0.,0.,-1.));
#8087 = ORIENTED_EDGE('',*,*,#8088,.F.);
#8088 = EDGE_CURVE('',#8089,#8080,#8091,.T.);
#8089 = VERTEX_POINT('',#8090);
#8090 = CARTESIAN_POINT('',(6.,1.5,-8.5));
#8091 = LINE('',#8092,#8093);
#8092 = CARTESIAN_POINT('',(6.,5.742640687119,-8.5));
#8093 = VECTOR('',#8094,1.);
#8094 = DIRECTION('',(-0.,-1.,-0.));
#8095 = ORIENTED_EDGE('',*,*,#8096,.F.);
#8096 = EDGE_CURVE('',#8070,#8089,#8097,.T.);
#8097 = CIRCLE('',#8098,1.5);
#8098 = AXIS2_PLACEMENT_3D('',#8099,#8100,#8101);
#8099 = CARTESIAN_POINT('',(6.,1.5,-10.));
#8100 = DIRECTION('',(-0.,1.,0.));
#8101 = DIRECTION('',(0.,0.,-1.));
#8102 = CYLINDRICAL_SURFACE('',#8103,1.5);
#8103 = AXIS2_PLACEMENT_3D('',#8104,#8105,#8106);
#8104 = CARTESIAN_POINT('',(6.,5.742640687119,-10.));
#8105 = DIRECTION('',(-0.,-1.,-0.));
#8106 = DIRECTION('',(0.,0.,-1.));
#8107 = ADVANCED_FACE('',(#8108),#8144,.F.);
#8108 = FACE_BOUND('',#8109,.F.);
#8109 = EDGE_LOOP('',(#8110,#8120,#8129,#8137));
#8110 = ORIENTED_EDGE('',*,*,#8111,.T.);
#8111 = EDGE_CURVE('',#8112,#8114,#8116,.T.);
#8112 = VERTEX_POINT('',#8113);
#8113 = CARTESIAN_POINT('',(26.,1.5,-7.5));
#8114 = VERTEX_POINT('',#8115);
#8115 = CARTESIAN_POINT('',(26.,0.,-7.5));
#8116 = LINE('',#8117,#8118);
#8117 = CARTESIAN_POINT('',(26.,5.742640687119,-7.5));
#8118 = VECTOR('',#8119,1.);
#8119 = DIRECTION('',(-0.,-1.,-0.));
#8120 = ORIENTED_EDGE('',*,*,#8121,.F.);
#8121 = EDGE_CURVE('',#8122,#8114,#8124,.T.);
#8122 = VERTEX_POINT('',#8123);
#8123 = CARTESIAN_POINT('',(26.,0.,-4.5));
#8124 = CIRCLE('',#8125,1.5);
#8125 = AXIS2_PLACEMENT_3D('',#8126,#8127,#8128);
#8126 = CARTESIAN_POINT('',(26.,0.,-6.));
#8127 = DIRECTION('',(0.,-1.,0.));
#8128 = DIRECTION('',(0.,0.,-1.));
#8129 = ORIENTED_EDGE('',*,*,#8130,.F.);
#8130 = EDGE_CURVE('',#8131,#8122,#8133,.T.);
#8131 = VERTEX_POINT('',#8132);
#8132 = CARTESIAN_POINT('',(26.,1.5,-4.5));
#8133 = LINE('',#8134,#8135);
#8134 = CARTESIAN_POINT('',(26.,5.742640687119,-4.5));
#8135 = VECTOR('',#8136,1.);
#8136 = DIRECTION('',(-0.,-1.,-0.));
#8137 = ORIENTED_EDGE('',*,*,#8138,.F.);
#8138 = EDGE_CURVE('',#8112,#8131,#8139,.T.);
#8139 = CIRCLE('',#8140,1.5);
#8140 = AXIS2_PLACEMENT_3D('',#8141,#8142,#8143);
#8141 = CARTESIAN_POINT('',(26.,1.5,-6.));
#8142 = DIRECTION('',(-0.,1.,0.));
#8143 = DIRECTION('',(0.,0.,-1.));
#8144 = CYLINDRICAL_SURFACE('',#8145,1.5);
#8145 = AXIS2_PLACEMENT_3D('',#8146,#8147,#8148);
#8146 = CARTESIAN_POINT('',(26.,5.742640687119,-6.));
#8147 = DIRECTION('',(-0.,-1.,-0.));
#8148 = DIRECTION('',(0.,0.,-1.));
#8149 = ADVANCED_FACE('',(#8150),#8186,.F.);
#8150 = FACE_BOUND('',#8151,.F.);
#8151 = EDGE_LOOP('',(#8152,#8162,#8171,#8179));
#8152 = ORIENTED_EDGE('',*,*,#8153,.T.);
#8153 = EDGE_CURVE('',#8154,#8156,#8158,.T.);
#8154 = VERTEX_POINT('',#8155);
#8155 = CARTESIAN_POINT('',(22.,1.5,-7.5));
#8156 = VERTEX_POINT('',#8157);
#8157 = CARTESIAN_POINT('',(22.,0.,-7.5));
#8158 = LINE('',#8159,#8160);
#8159 = CARTESIAN_POINT('',(22.,5.742640687119,-7.5));
#8160 = VECTOR('',#8161,1.);
#8161 = DIRECTION('',(-0.,-1.,-0.));
#8162 = ORIENTED_EDGE('',*,*,#8163,.F.);
#8163 = EDGE_CURVE('',#8164,#8156,#8166,.T.);
#8164 = VERTEX_POINT('',#8165);
#8165 = CARTESIAN_POINT('',(22.,0.,-4.5));
#8166 = CIRCLE('',#8167,1.5);
#8167 = AXIS2_PLACEMENT_3D('',#8168,#8169,#8170);
#8168 = CARTESIAN_POINT('',(22.,0.,-6.));
#8169 = DIRECTION('',(0.,-1.,0.));
#8170 = DIRECTION('',(0.,0.,-1.));
#8171 = ORIENTED_EDGE('',*,*,#8172,.F.);
#8172 = EDGE_CURVE('',#8173,#8164,#8175,.T.);
#8173 = VERTEX_POINT('',#8174);
#8174 = CARTESIAN_POINT('',(22.,1.5,-4.5));
#8175 = LINE('',#8176,#8177);
#8176 = CARTESIAN_POINT('',(22.,5.742640687119,-4.5));
#8177 = VECTOR('',#8178,1.);
#8178 = DIRECTION('',(-0.,-1.,-0.));
#8179 = ORIENTED_EDGE('',*,*,#8180,.F.);
#8180 = EDGE_CURVE('',#8154,#8173,#8181,.T.);
#8181 = CIRCLE('',#8182,1.5);
#8182 = AXIS2_PLACEMENT_3D('',#8183,#8184,#8185);
#8183 = CARTESIAN_POINT('',(22.,1.5,-6.));
#8184 = DIRECTION('',(-0.,1.,0.));
#8185 = DIRECTION('',(0.,0.,-1.));
#8186 = CYLINDRICAL_SURFACE('',#8187,1.5);
#8187 = AXIS2_PLACEMENT_3D('',#8188,#8189,#8190);
#8188 = CARTESIAN_POINT('',(22.,5.742640687119,-6.));
#8189 = DIRECTION('',(-0.,-1.,-0.));
#8190 = DIRECTION('',(0.,0.,-1.));
#8191 = ADVANCED_FACE('',(#8192),#8228,.F.);
#8192 = FACE_BOUND('',#8193,.F.);
#8193 = EDGE_LOOP('',(#8194,#8204,#8213,#8221));
#8194 = ORIENTED_EDGE('',*,*,#8195,.T.);
#8195 = EDGE_CURVE('',#8196,#8198,#8200,.T.);
#8196 = VERTEX_POINT('',#8197);
#8197 = CARTESIAN_POINT('',(18.,1.5,-7.5));
#8198 = VERTEX_POINT('',#8199);
#8199 = CARTESIAN_POINT('',(18.,0.,-7.5));
#8200 = LINE('',#8201,#8202);
#8201 = CARTESIAN_POINT('',(18.,5.742640687119,-7.5));
#8202 = VECTOR('',#8203,1.);
#8203 = DIRECTION('',(-0.,-1.,-0.));
#8204 = ORIENTED_EDGE('',*,*,#8205,.F.);
#8205 = EDGE_CURVE('',#8206,#8198,#8208,.T.);
#8206 = VERTEX_POINT('',#8207);
#8207 = CARTESIAN_POINT('',(18.,0.,-4.5));
#8208 = CIRCLE('',#8209,1.5);
#8209 = AXIS2_PLACEMENT_3D('',#8210,#8211,#8212);
#8210 = CARTESIAN_POINT('',(18.,0.,-6.));
#8211 = DIRECTION('',(0.,-1.,0.));
#8212 = DIRECTION('',(0.,0.,-1.));
#8213 = ORIENTED_EDGE('',*,*,#8214,.F.);
#8214 = EDGE_CURVE('',#8215,#8206,#8217,.T.);
#8215 = VERTEX_POINT('',#8216);
#8216 = CARTESIAN_POINT('',(18.,1.5,-4.5));
#8217 = LINE('',#8218,#8219);
#8218 = CARTESIAN_POINT('',(18.,5.742640687119,-4.5));
#8219 = VECTOR('',#8220,1.);
#8220 = DIRECTION('',(-0.,-1.,-0.));
#8221 = ORIENTED_EDGE('',*,*,#8222,.F.);
#8222 = EDGE_CURVE('',#8196,#8215,#8223,.T.);
#8223 = CIRCLE('',#8224,1.5);
#8224 = AXIS2_PLACEMENT_3D('',#8225,#8226,#8227);
#8225 = CARTESIAN_POINT('',(18.,1.5,-6.));
#8226 = DIRECTION('',(-0.,1.,0.));
#8227 = DIRECTION('',(0.,0.,-1.));
#8228 = CYLINDRICAL_SURFACE('',#8229,1.5);
#8229 = AXIS2_PLACEMENT_3D('',#8230,#8231,#8232);
#8230 = CARTESIAN_POINT('',(18.,5.742640687119,-6.));
#8231 = DIRECTION('',(-0.,-1.,-0.));
#8232 = DIRECTION('',(0.,0.,-1.));
#8233 = ADVANCED_FACE('',(#8234),#8270,.F.);
#8234 = FACE_BOUND('',#8235,.F.);
#8235 = EDGE_LOOP('',(#8236,#8246,#8255,#8263));
#8236 = ORIENTED_EDGE('',*,*,#8237,.T.);
#8237 = EDGE_CURVE('',#8238,#8240,#8242,.T.);
#8238 = VERTEX_POINT('',#8239);
#8239 = CARTESIAN_POINT('',(14.,1.5,-7.5));
#8240 = VERTEX_POINT('',#8241);
#8241 = CARTESIAN_POINT('',(14.,0.,-7.5));
#8242 = LINE('',#8243,#8244);
#8243 = CARTESIAN_POINT('',(14.,5.742640687119,-7.5));
#8244 = VECTOR('',#8245,1.);
#8245 = DIRECTION('',(-0.,-1.,-0.));
#8246 = ORIENTED_EDGE('',*,*,#8247,.F.);
#8247 = EDGE_CURVE('',#8248,#8240,#8250,.T.);
#8248 = VERTEX_POINT('',#8249);
#8249 = CARTESIAN_POINT('',(14.,0.,-4.5));
#8250 = CIRCLE('',#8251,1.5);
#8251 = AXIS2_PLACEMENT_3D('',#8252,#8253,#8254);
#8252 = CARTESIAN_POINT('',(14.,0.,-6.));
#8253 = DIRECTION('',(0.,-1.,0.));
#8254 = DIRECTION('',(0.,0.,-1.));
#8255 = ORIENTED_EDGE('',*,*,#8256,.F.);
#8256 = EDGE_CURVE('',#8257,#8248,#8259,.T.);
#8257 = VERTEX_POINT('',#8258);
#8258 = CARTESIAN_POINT('',(14.,1.5,-4.5));
#8259 = LINE('',#8260,#8261);
#8260 = CARTESIAN_POINT('',(14.,5.742640687119,-4.5));
#8261 = VECTOR('',#8262,1.);
#8262 = DIRECTION('',(-0.,-1.,-0.));
#8263 = ORIENTED_EDGE('',*,*,#8264,.F.);
#8264 = EDGE_CURVE('',#8238,#8257,#8265,.T.);
#8265 = CIRCLE('',#8266,1.5);
#8266 = AXIS2_PLACEMENT_3D('',#8267,#8268,#8269);
#8267 = CARTESIAN_POINT('',(14.,1.5,-6.));
#8268 = DIRECTION('',(-0.,1.,0.));
#8269 = DIRECTION('',(0.,0.,-1.));
#8270 = CYLINDRICAL_SURFACE('',#8271,1.5);
#8271 = AXIS2_PLACEMENT_3D('',#8272,#8273,#8274);
#8272 = CARTESIAN_POINT('',(14.,5.742640687119,-6.));
#8273 = DIRECTION('',(-0.,-1.,-0.));
#8274 = DIRECTION('',(0.,0.,-1.));
#8275 = ADVANCED_FACE('',(#8276),#8312,.F.);
#8276 = FACE_BOUND('',#8277,.F.);
#8277 = EDGE_LOOP('',(#8278,#8288,#8297,#8305));
#8278 = ORIENTED_EDGE('',*,*,#8279,.T.);
#8279 = EDGE_CURVE('',#8280,#8282,#8284,.T.);
#8280 = VERTEX_POINT('',#8281);
#8281 = CARTESIAN_POINT('',(10.,1.5,-7.5));
#8282 = VERTEX_POINT('',#8283);
#8283 = CARTESIAN_POINT('',(10.,0.,-7.5));
#8284 = LINE('',#8285,#8286);
#8285 = CARTESIAN_POINT('',(10.,5.742640687119,-7.5));
#8286 = VECTOR('',#8287,1.);
#8287 = DIRECTION('',(-0.,-1.,-0.));
#8288 = ORIENTED_EDGE('',*,*,#8289,.F.);
#8289 = EDGE_CURVE('',#8290,#8282,#8292,.T.);
#8290 = VERTEX_POINT('',#8291);
#8291 = CARTESIAN_POINT('',(10.,0.,-4.5));
#8292 = CIRCLE('',#8293,1.5);
#8293 = AXIS2_PLACEMENT_3D('',#8294,#8295,#8296);
#8294 = CARTESIAN_POINT('',(10.,0.,-6.));
#8295 = DIRECTION('',(0.,-1.,0.));
#8296 = DIRECTION('',(0.,0.,-1.));
#8297 = ORIENTED_EDGE('',*,*,#8298,.F.);
#8298 = EDGE_CURVE('',#8299,#8290,#8301,.T.);
#8299 = VERTEX_POINT('',#8300);
#8300 = CARTESIAN_POINT('',(10.,1.5,-4.5));
#8301 = LINE('',#8302,#8303);
#8302 = CARTESIAN_POINT('',(10.,5.742640687119,-4.5));
#8303 = VECTOR('',#8304,1.);
#8304 = DIRECTION('',(-0.,-1.,-0.));
#8305 = ORIENTED_EDGE('',*,*,#8306,.F.);
#8306 = EDGE_CURVE('',#8280,#8299,#8307,.T.);
#8307 = CIRCLE('',#8308,1.5);
#8308 = AXIS2_PLACEMENT_3D('',#8309,#8310,#8311);
#8309 = CARTESIAN_POINT('',(10.,1.5,-6.));
#8310 = DIRECTION('',(-0.,1.,0.));
#8311 = DIRECTION('',(0.,0.,-1.));
#8312 = CYLINDRICAL_SURFACE('',#8313,1.5);
#8313 = AXIS2_PLACEMENT_3D('',#8314,#8315,#8316);
#8314 = CARTESIAN_POINT('',(10.,5.742640687119,-6.));
#8315 = DIRECTION('',(-0.,-1.,-0.));
#8316 = DIRECTION('',(0.,0.,-1.));
#8317 = ADVANCED_FACE('',(#8318),#8354,.F.);
#8318 = FACE_BOUND('',#8319,.F.);
#8319 = EDGE_LOOP('',(#8320,#8330,#8339,#8347));
#8320 = ORIENTED_EDGE('',*,*,#8321,.T.);
#8321 = EDGE_CURVE('',#8322,#8324,#8326,.T.);
#8322 = VERTEX_POINT('',#8323);
#8323 = CARTESIAN_POINT('',(6.,1.5,-7.5));
#8324 = VERTEX_POINT('',#8325);
#8325 = CARTESIAN_POINT('',(6.,0.,-7.5));
#8326 = LINE('',#8327,#8328);
#8327 = CARTESIAN_POINT('',(6.,5.742640687119,-7.5));
#8328 = VECTOR('',#8329,1.);
#8329 = DIRECTION('',(-0.,-1.,-0.));
#8330 = ORIENTED_EDGE('',*,*,#8331,.F.);
#8331 = EDGE_CURVE('',#8332,#8324,#8334,.T.);
#8332 = VERTEX_POINT('',#8333);
#8333 = CARTESIAN_POINT('',(6.,0.,-4.5));
#8334 = CIRCLE('',#8335,1.5);
#8335 = AXIS2_PLACEMENT_3D('',#8336,#8337,#8338);
#8336 = CARTESIAN_POINT('',(6.,0.,-6.));
#8337 = DIRECTION('',(0.,-1.,0.));
#8338 = DIRECTION('',(0.,0.,-1.));
#8339 = ORIENTED_EDGE('',*,*,#8340,.F.);
#8340 = EDGE_CURVE('',#8341,#8332,#8343,.T.);
#8341 = VERTEX_POINT('',#8342);
#8342 = CARTESIAN_POINT('',(6.,1.5,-4.5));
#8343 = LINE('',#8344,#8345);
#8344 = CARTESIAN_POINT('',(6.,5.742640687119,-4.5));
#8345 = VECTOR('',#8346,1.);
#8346 = DIRECTION('',(-0.,-1.,-0.));
#8347 = ORIENTED_EDGE('',*,*,#8348,.F.);
#8348 = EDGE_CURVE('',#8322,#8341,#8349,.T.);
#8349 = CIRCLE('',#8350,1.5);
#8350 = AXIS2_PLACEMENT_3D('',#8351,#8352,#8353);
#8351 = CARTESIAN_POINT('',(6.,1.5,-6.));
#8352 = DIRECTION('',(-0.,1.,0.));
#8353 = DIRECTION('',(0.,0.,-1.));
#8354 = CYLINDRICAL_SURFACE('',#8355,1.5);
#8355 = AXIS2_PLACEMENT_3D('',#8356,#8357,#8358);
#8356 = CARTESIAN_POINT('',(6.,5.742640687119,-6.));
#8357 = DIRECTION('',(-0.,-1.,-0.));
#8358 = DIRECTION('',(0.,0.,-1.));
#8359 = ADVANCED_FACE('',(#8360),#8396,.F.);
#8360 = FACE_BOUND('',#8361,.F.);
#8361 = EDGE_LOOP('',(#8362,#8372,#8381,#8389));
#8362 = ORIENTED_EDGE('',*,*,#8363,.T.);
#8363 = EDGE_CURVE('',#8364,#8366,#8368,.T.);
#8364 = VERTEX_POINT('',#8365);
#8365 = CARTESIAN_POINT('',(30.,1.5,-11.5));
#8366 = VERTEX_POINT('',#8367);
#8367 = CARTESIAN_POINT('',(30.,0.,-11.5));
#8368 = LINE('',#8369,#8370);
#8369 = CARTESIAN_POINT('',(30.,5.742640687119,-11.5));
#8370 = VECTOR('',#8371,1.);
#8371 = DIRECTION('',(-0.,-1.,-0.));
#8372 = ORIENTED_EDGE('',*,*,#8373,.F.);
#8373 = EDGE_CURVE('',#8374,#8366,#8376,.T.);
#8374 = VERTEX_POINT('',#8375);
#8375 = CARTESIAN_POINT('',(30.,0.,-8.5));
#8376 = CIRCLE('',#8377,1.5);
#8377 = AXIS2_PLACEMENT_3D('',#8378,#8379,#8380);
#8378 = CARTESIAN_POINT('',(30.,0.,-10.));
#8379 = DIRECTION('',(0.,-1.,0.));
#8380 = DIRECTION('',(0.,0.,-1.));
#8381 = ORIENTED_EDGE('',*,*,#8382,.F.);
#8382 = EDGE_CURVE('',#8383,#8374,#8385,.T.);
#8383 = VERTEX_POINT('',#8384);
#8384 = CARTESIAN_POINT('',(30.,1.5,-8.5));
#8385 = LINE('',#8386,#8387);
#8386 = CARTESIAN_POINT('',(30.,5.742640687119,-8.5));
#8387 = VECTOR('',#8388,1.);
#8388 = DIRECTION('',(-0.,-1.,-0.));
#8389 = ORIENTED_EDGE('',*,*,#8390,.F.);
#8390 = EDGE_CURVE('',#8364,#8383,#8391,.T.);
#8391 = CIRCLE('',#8392,1.5);
#8392 = AXIS2_PLACEMENT_3D('',#8393,#8394,#8395);
#8393 = CARTESIAN_POINT('',(30.,1.5,-10.));
#8394 = DIRECTION('',(-0.,1.,0.));
#8395 = DIRECTION('',(0.,0.,-1.));
#8396 = CYLINDRICAL_SURFACE('',#8397,1.5);
#8397 = AXIS2_PLACEMENT_3D('',#8398,#8399,#8400);
#8398 = CARTESIAN_POINT('',(30.,5.742640687119,-10.));
#8399 = DIRECTION('',(-0.,-1.,-0.));
#8400 = DIRECTION('',(0.,0.,-1.));
#8401 = ADVANCED_FACE('',(#8402),#8438,.F.);
#8402 = FACE_BOUND('',#8403,.F.);
#8403 = EDGE_LOOP('',(#8404,#8414,#8423,#8431));
#8404 = ORIENTED_EDGE('',*,*,#8405,.T.);
#8405 = EDGE_CURVE('',#8406,#8408,#8410,.T.);
#8406 = VERTEX_POINT('',#8407);
#8407 = CARTESIAN_POINT('',(26.,1.5,-11.5));
#8408 = VERTEX_POINT('',#8409);
#8409 = CARTESIAN_POINT('',(26.,0.,-11.5));
#8410 = LINE('',#8411,#8412);
#8411 = CARTESIAN_POINT('',(26.,5.742640687119,-11.5));
#8412 = VECTOR('',#8413,1.);
#8413 = DIRECTION('',(-0.,-1.,-0.));
#8414 = ORIENTED_EDGE('',*,*,#8415,.F.);
#8415 = EDGE_CURVE('',#8416,#8408,#8418,.T.);
#8416 = VERTEX_POINT('',#8417);
#8417 = CARTESIAN_POINT('',(26.,0.,-8.5));
#8418 = CIRCLE('',#8419,1.5);
#8419 = AXIS2_PLACEMENT_3D('',#8420,#8421,#8422);
#8420 = CARTESIAN_POINT('',(26.,0.,-10.));
#8421 = DIRECTION('',(0.,-1.,0.));
#8422 = DIRECTION('',(0.,0.,-1.));
#8423 = ORIENTED_EDGE('',*,*,#8424,.F.);
#8424 = EDGE_CURVE('',#8425,#8416,#8427,.T.);
#8425 = VERTEX_POINT('',#8426);
#8426 = CARTESIAN_POINT('',(26.,1.5,-8.5));
#8427 = LINE('',#8428,#8429);
#8428 = CARTESIAN_POINT('',(26.,5.742640687119,-8.5));
#8429 = VECTOR('',#8430,1.);
#8430 = DIRECTION('',(-0.,-1.,-0.));
#8431 = ORIENTED_EDGE('',*,*,#8432,.F.);
#8432 = EDGE_CURVE('',#8406,#8425,#8433,.T.);
#8433 = CIRCLE('',#8434,1.5);
#8434 = AXIS2_PLACEMENT_3D('',#8435,#8436,#8437);
#8435 = CARTESIAN_POINT('',(26.,1.5,-10.));
#8436 = DIRECTION('',(-0.,1.,0.));
#8437 = DIRECTION('',(0.,0.,-1.));
#8438 = CYLINDRICAL_SURFACE('',#8439,1.5);
#8439 = AXIS2_PLACEMENT_3D('',#8440,#8441,#8442);
#8440 = CARTESIAN_POINT('',(26.,5.742640687119,-10.));
#8441 = DIRECTION('',(-0.,-1.,-0.));
#8442 = DIRECTION('',(0.,0.,-1.));
#8443 = ADVANCED_FACE('',(#8444),#8480,.F.);
#8444 = FACE_BOUND('',#8445,.F.);
#8445 = EDGE_LOOP('',(#8446,#8456,#8465,#8473));
#8446 = ORIENTED_EDGE('',*,*,#8447,.T.);
#8447 = EDGE_CURVE('',#8448,#8450,#8452,.T.);
#8448 = VERTEX_POINT('',#8449);
#8449 = CARTESIAN_POINT('',(2.,1.5,-31.5));
#8450 = VERTEX_POINT('',#8451);
#8451 = CARTESIAN_POINT('',(2.,0.,-31.5));
#8452 = LINE('',#8453,#8454);
#8453 = CARTESIAN_POINT('',(2.,5.742640687119,-31.5));
#8454 = VECTOR('',#8455,1.);
#8455 = DIRECTION('',(-0.,-1.,-0.));
#8456 = ORIENTED_EDGE('',*,*,#8457,.F.);
#8457 = EDGE_CURVE('',#8458,#8450,#8460,.T.);
#8458 = VERTEX_POINT('',#8459);
#8459 = CARTESIAN_POINT('',(2.,0.,-28.5));
#8460 = CIRCLE('',#8461,1.5);
#8461 = AXIS2_PLACEMENT_3D('',#8462,#8463,#8464);
#8462 = CARTESIAN_POINT('',(2.,0.,-30.));
#8463 = DIRECTION('',(0.,-1.,0.));
#8464 = DIRECTION('',(0.,0.,-1.));
#8465 = ORIENTED_EDGE('',*,*,#8466,.F.);
#8466 = EDGE_CURVE('',#8467,#8458,#8469,.T.);
#8467 = VERTEX_POINT('',#8468);
#8468 = CARTESIAN_POINT('',(2.,1.5,-28.5));
#8469 = LINE('',#8470,#8471);
#8470 = CARTESIAN_POINT('',(2.,5.742640687119,-28.5));
#8471 = VECTOR('',#8472,1.);
#8472 = DIRECTION('',(-0.,-1.,-0.));
#8473 = ORIENTED_EDGE('',*,*,#8474,.F.);
#8474 = EDGE_CURVE('',#8448,#8467,#8475,.T.);
#8475 = CIRCLE('',#8476,1.5);
#8476 = AXIS2_PLACEMENT_3D('',#8477,#8478,#8479);
#8477 = CARTESIAN_POINT('',(2.,1.5,-30.));
#8478 = DIRECTION('',(-0.,1.,0.));
#8479 = DIRECTION('',(0.,0.,-1.));
#8480 = CYLINDRICAL_SURFACE('',#8481,1.5);
#8481 = AXIS2_PLACEMENT_3D('',#8482,#8483,#8484);
#8482 = CARTESIAN_POINT('',(2.,5.742640687119,-30.));
#8483 = DIRECTION('',(-0.,-1.,-0.));
#8484 = DIRECTION('',(0.,0.,-1.));
#8485 = ADVANCED_FACE('',(#8486,#8496,#8506,#8516,#8526,#8536,#8546,
    #8556,#8566,#8576,#8586,#8596,#8606,#8616,#8626,#8636,#8646,#8656,
    #8666,#8676,#8686,#8696,#8706,#8716,#8726,#8736,#8746,#8756,#8766,
    #8776,#8786,#8796,#8806,#8816,#8826,#8836,#8846,#8856,#8866,#8876,
    #8886,#8896,#8906,#8916,#8926,#8936,#8946,#8956,#8966,#8976,#8986,
    #8996,#9006,#9016,#9026,#9036,#9046,#9056,#9066,#9076,#9086,#9096,
    #9106,#9116,#9150),#9160,.F.);
#8486 = FACE_BOUND('',#8487,.T.);
#8487 = EDGE_LOOP('',(#8488,#8489));
#8488 = ORIENTED_EDGE('',*,*,#5870,.F.);
#8489 = ORIENTED_EDGE('',*,*,#8490,.F.);
#8490 = EDGE_CURVE('',#5863,#5844,#8491,.T.);
#8491 = CIRCLE('',#8492,1.5);
#8492 = AXIS2_PLACEMENT_3D('',#8493,#8494,#8495);
#8493 = CARTESIAN_POINT('',(30.,1.5,-22.));
#8494 = DIRECTION('',(-0.,1.,0.));
#8495 = DIRECTION('',(0.,0.,-1.));
#8496 = FACE_BOUND('',#8497,.T.);
#8497 = EDGE_LOOP('',(#8498,#8499));
#8498 = ORIENTED_EDGE('',*,*,#5912,.F.);
#8499 = ORIENTED_EDGE('',*,*,#8500,.F.);
#8500 = EDGE_CURVE('',#5905,#5886,#8501,.T.);
#8501 = CIRCLE('',#8502,1.5);
#8502 = AXIS2_PLACEMENT_3D('',#8503,#8504,#8505);
#8503 = CARTESIAN_POINT('',(6.,1.5,-18.));
#8504 = DIRECTION('',(-0.,1.,0.));
#8505 = DIRECTION('',(0.,0.,-1.));
#8506 = FACE_BOUND('',#8507,.T.);
#8507 = EDGE_LOOP('',(#8508,#8509));
#8508 = ORIENTED_EDGE('',*,*,#5954,.F.);
#8509 = ORIENTED_EDGE('',*,*,#8510,.F.);
#8510 = EDGE_CURVE('',#5947,#5928,#8511,.T.);
#8511 = CIRCLE('',#8512,1.5);
#8512 = AXIS2_PLACEMENT_3D('',#8513,#8514,#8515);
#8513 = CARTESIAN_POINT('',(10.,1.5,-18.));
#8514 = DIRECTION('',(-0.,1.,0.));
#8515 = DIRECTION('',(0.,0.,-1.));
#8516 = FACE_BOUND('',#8517,.T.);
#8517 = EDGE_LOOP('',(#8518,#8519));
#8518 = ORIENTED_EDGE('',*,*,#5996,.F.);
#8519 = ORIENTED_EDGE('',*,*,#8520,.F.);
#8520 = EDGE_CURVE('',#5989,#5970,#8521,.T.);
#8521 = CIRCLE('',#8522,1.5);
#8522 = AXIS2_PLACEMENT_3D('',#8523,#8524,#8525);
#8523 = CARTESIAN_POINT('',(14.,1.5,-18.));
#8524 = DIRECTION('',(-0.,1.,0.));
#8525 = DIRECTION('',(0.,0.,-1.));
#8526 = FACE_BOUND('',#8527,.T.);
#8527 = EDGE_LOOP('',(#8528,#8529));
#8528 = ORIENTED_EDGE('',*,*,#6038,.F.);
#8529 = ORIENTED_EDGE('',*,*,#8530,.F.);
#8530 = EDGE_CURVE('',#6031,#6012,#8531,.T.);
#8531 = CIRCLE('',#8532,1.5);
#8532 = AXIS2_PLACEMENT_3D('',#8533,#8534,#8535);
#8533 = CARTESIAN_POINT('',(26.,1.5,-22.));
#8534 = DIRECTION('',(-0.,1.,0.));
#8535 = DIRECTION('',(0.,0.,-1.));
#8536 = FACE_BOUND('',#8537,.T.);
#8537 = EDGE_LOOP('',(#8538,#8539));
#8538 = ORIENTED_EDGE('',*,*,#6080,.F.);
#8539 = ORIENTED_EDGE('',*,*,#8540,.F.);
#8540 = EDGE_CURVE('',#6073,#6054,#8541,.T.);
#8541 = CIRCLE('',#8542,1.5);
#8542 = AXIS2_PLACEMENT_3D('',#8543,#8544,#8545);
#8543 = CARTESIAN_POINT('',(22.,1.5,-22.));
#8544 = DIRECTION('',(-0.,1.,0.));
#8545 = DIRECTION('',(0.,0.,-1.));
#8546 = FACE_BOUND('',#8547,.T.);
#8547 = EDGE_LOOP('',(#8548,#8549));
#8548 = ORIENTED_EDGE('',*,*,#6122,.F.);
#8549 = ORIENTED_EDGE('',*,*,#8550,.F.);
#8550 = EDGE_CURVE('',#6115,#6096,#8551,.T.);
#8551 = CIRCLE('',#8552,1.5);
#8552 = AXIS2_PLACEMENT_3D('',#8553,#8554,#8555);
#8553 = CARTESIAN_POINT('',(18.,1.5,-22.));
#8554 = DIRECTION('',(-0.,1.,0.));
#8555 = DIRECTION('',(0.,0.,-1.));
#8556 = FACE_BOUND('',#8557,.T.);
#8557 = EDGE_LOOP('',(#8558,#8559));
#8558 = ORIENTED_EDGE('',*,*,#6164,.F.);
#8559 = ORIENTED_EDGE('',*,*,#8560,.F.);
#8560 = EDGE_CURVE('',#6157,#6138,#8561,.T.);
#8561 = CIRCLE('',#8562,1.5);
#8562 = AXIS2_PLACEMENT_3D('',#8563,#8564,#8565);
#8563 = CARTESIAN_POINT('',(14.,1.5,-22.));
#8564 = DIRECTION('',(-0.,1.,0.));
#8565 = DIRECTION('',(0.,0.,-1.));
#8566 = FACE_BOUND('',#8567,.T.);
#8567 = EDGE_LOOP('',(#8568,#8569));
#8568 = ORIENTED_EDGE('',*,*,#6206,.F.);
#8569 = ORIENTED_EDGE('',*,*,#8570,.F.);
#8570 = EDGE_CURVE('',#6199,#6180,#8571,.T.);
#8571 = CIRCLE('',#8572,1.5);
#8572 = AXIS2_PLACEMENT_3D('',#8573,#8574,#8575);
#8573 = CARTESIAN_POINT('',(22.,1.5,-18.));
#8574 = DIRECTION('',(-0.,1.,0.));
#8575 = DIRECTION('',(0.,0.,-1.));
#8576 = FACE_BOUND('',#8577,.T.);
#8577 = EDGE_LOOP('',(#8578,#8579));
#8578 = ORIENTED_EDGE('',*,*,#6248,.F.);
#8579 = ORIENTED_EDGE('',*,*,#8580,.F.);
#8580 = EDGE_CURVE('',#6241,#6222,#8581,.T.);
#8581 = CIRCLE('',#8582,1.5);
#8582 = AXIS2_PLACEMENT_3D('',#8583,#8584,#8585);
#8583 = CARTESIAN_POINT('',(26.,1.5,-18.));
#8584 = DIRECTION('',(-0.,1.,0.));
#8585 = DIRECTION('',(0.,0.,-1.));
#8586 = FACE_BOUND('',#8587,.T.);
#8587 = EDGE_LOOP('',(#8588,#8589));
#8588 = ORIENTED_EDGE('',*,*,#6290,.F.);
#8589 = ORIENTED_EDGE('',*,*,#8590,.F.);
#8590 = EDGE_CURVE('',#6283,#6264,#8591,.T.);
#8591 = CIRCLE('',#8592,1.5);
#8592 = AXIS2_PLACEMENT_3D('',#8593,#8594,#8595);
#8593 = CARTESIAN_POINT('',(30.,1.5,-18.));
#8594 = DIRECTION('',(-0.,1.,0.));
#8595 = DIRECTION('',(0.,0.,-1.));
#8596 = FACE_BOUND('',#8597,.T.);
#8597 = EDGE_LOOP('',(#8598,#8599));
#8598 = ORIENTED_EDGE('',*,*,#6332,.F.);
#8599 = ORIENTED_EDGE('',*,*,#8600,.F.);
#8600 = EDGE_CURVE('',#6325,#6306,#8601,.T.);
#8601 = CIRCLE('',#8602,1.5);
#8602 = AXIS2_PLACEMENT_3D('',#8603,#8604,#8605);
#8603 = CARTESIAN_POINT('',(6.,1.5,-14.));
#8604 = DIRECTION('',(-0.,1.,0.));
#8605 = DIRECTION('',(0.,0.,-1.));
#8606 = FACE_BOUND('',#8607,.T.);
#8607 = EDGE_LOOP('',(#8608,#8609));
#8608 = ORIENTED_EDGE('',*,*,#6374,.F.);
#8609 = ORIENTED_EDGE('',*,*,#8610,.F.);
#8610 = EDGE_CURVE('',#6367,#6348,#8611,.T.);
#8611 = CIRCLE('',#8612,1.5);
#8612 = AXIS2_PLACEMENT_3D('',#8613,#8614,#8615);
#8613 = CARTESIAN_POINT('',(10.,1.5,-14.));
#8614 = DIRECTION('',(-0.,1.,0.));
#8615 = DIRECTION('',(0.,0.,-1.));
#8616 = FACE_BOUND('',#8617,.T.);
#8617 = EDGE_LOOP('',(#8618,#8619));
#8618 = ORIENTED_EDGE('',*,*,#6416,.F.);
#8619 = ORIENTED_EDGE('',*,*,#8620,.F.);
#8620 = EDGE_CURVE('',#6409,#6390,#8621,.T.);
#8621 = CIRCLE('',#8622,1.5);
#8622 = AXIS2_PLACEMENT_3D('',#8623,#8624,#8625);
#8623 = CARTESIAN_POINT('',(14.,1.5,-14.));
#8624 = DIRECTION('',(-0.,1.,0.));
#8625 = DIRECTION('',(0.,0.,-1.));
#8626 = FACE_BOUND('',#8627,.T.);
#8627 = EDGE_LOOP('',(#8628,#8629));
#8628 = ORIENTED_EDGE('',*,*,#6458,.F.);
#8629 = ORIENTED_EDGE('',*,*,#8630,.F.);
#8630 = EDGE_CURVE('',#6451,#6432,#8631,.T.);
#8631 = CIRCLE('',#8632,1.5);
#8632 = AXIS2_PLACEMENT_3D('',#8633,#8634,#8635);
#8633 = CARTESIAN_POINT('',(18.,1.5,-14.));
#8634 = DIRECTION('',(-0.,1.,0.));
#8635 = DIRECTION('',(0.,0.,-1.));
#8636 = FACE_BOUND('',#8637,.T.);
#8637 = EDGE_LOOP('',(#8638,#8639));
#8638 = ORIENTED_EDGE('',*,*,#6500,.F.);
#8639 = ORIENTED_EDGE('',*,*,#8640,.F.);
#8640 = EDGE_CURVE('',#6493,#6474,#8641,.T.);
#8641 = CIRCLE('',#8642,1.5);
#8642 = AXIS2_PLACEMENT_3D('',#8643,#8644,#8645);
#8643 = CARTESIAN_POINT('',(22.,1.5,-30.));
#8644 = DIRECTION('',(-0.,1.,0.));
#8645 = DIRECTION('',(0.,0.,-1.));
#8646 = FACE_BOUND('',#8647,.T.);
#8647 = EDGE_LOOP('',(#8648,#8649));
#8648 = ORIENTED_EDGE('',*,*,#6542,.F.);
#8649 = ORIENTED_EDGE('',*,*,#8650,.F.);
#8650 = EDGE_CURVE('',#6535,#6516,#8651,.T.);
#8651 = CIRCLE('',#8652,1.5);
#8652 = AXIS2_PLACEMENT_3D('',#8653,#8654,#8655);
#8653 = CARTESIAN_POINT('',(26.,1.5,-30.));
#8654 = DIRECTION('',(-0.,1.,0.));
#8655 = DIRECTION('',(0.,0.,-1.));
#8656 = FACE_BOUND('',#8657,.T.);
#8657 = EDGE_LOOP('',(#8658,#8659));
#8658 = ORIENTED_EDGE('',*,*,#6584,.F.);
#8659 = ORIENTED_EDGE('',*,*,#8660,.F.);
#8660 = EDGE_CURVE('',#6577,#6558,#8661,.T.);
#8661 = CIRCLE('',#8662,1.5);
#8662 = AXIS2_PLACEMENT_3D('',#8663,#8664,#8665);
#8663 = CARTESIAN_POINT('',(30.,1.5,-30.));
#8664 = DIRECTION('',(-0.,1.,0.));
#8665 = DIRECTION('',(0.,0.,-1.));
#8666 = FACE_BOUND('',#8667,.T.);
#8667 = EDGE_LOOP('',(#8668,#8669));
#8668 = ORIENTED_EDGE('',*,*,#6626,.F.);
#8669 = ORIENTED_EDGE('',*,*,#8670,.F.);
#8670 = EDGE_CURVE('',#6619,#6600,#8671,.T.);
#8671 = CIRCLE('',#8672,1.5);
#8672 = AXIS2_PLACEMENT_3D('',#8673,#8674,#8675);
#8673 = CARTESIAN_POINT('',(6.,1.5,-26.));
#8674 = DIRECTION('',(-0.,1.,0.));
#8675 = DIRECTION('',(0.,0.,-1.));
#8676 = FACE_BOUND('',#8677,.T.);
#8677 = EDGE_LOOP('',(#8678,#8679));
#8678 = ORIENTED_EDGE('',*,*,#6668,.F.);
#8679 = ORIENTED_EDGE('',*,*,#8680,.F.);
#8680 = EDGE_CURVE('',#6661,#6642,#8681,.T.);
#8681 = CIRCLE('',#8682,1.5);
#8682 = AXIS2_PLACEMENT_3D('',#8683,#8684,#8685);
#8683 = CARTESIAN_POINT('',(18.,1.5,-30.));
#8684 = DIRECTION('',(-0.,1.,0.));
#8685 = DIRECTION('',(0.,0.,-1.));
#8686 = FACE_BOUND('',#8687,.T.);
#8687 = EDGE_LOOP('',(#8688,#8689));
#8688 = ORIENTED_EDGE('',*,*,#6710,.F.);
#8689 = ORIENTED_EDGE('',*,*,#8690,.F.);
#8690 = EDGE_CURVE('',#6703,#6684,#8691,.T.);
#8691 = CIRCLE('',#8692,1.5);
#8692 = AXIS2_PLACEMENT_3D('',#8693,#8694,#8695);
#8693 = CARTESIAN_POINT('',(14.,1.5,-30.));
#8694 = DIRECTION('',(-0.,1.,0.));
#8695 = DIRECTION('',(0.,0.,-1.));
#8696 = FACE_BOUND('',#8697,.T.);
#8697 = EDGE_LOOP('',(#8698,#8699));
#8698 = ORIENTED_EDGE('',*,*,#6752,.F.);
#8699 = ORIENTED_EDGE('',*,*,#8700,.F.);
#8700 = EDGE_CURVE('',#6745,#6726,#8701,.T.);
#8701 = CIRCLE('',#8702,1.5);
#8702 = AXIS2_PLACEMENT_3D('',#8703,#8704,#8705);
#8703 = CARTESIAN_POINT('',(10.,1.5,-30.));
#8704 = DIRECTION('',(-0.,1.,0.));
#8705 = DIRECTION('',(0.,0.,-1.));
#8706 = FACE_BOUND('',#8707,.T.);
#8707 = EDGE_LOOP('',(#8708,#8709));
#8708 = ORIENTED_EDGE('',*,*,#6794,.F.);
#8709 = ORIENTED_EDGE('',*,*,#8710,.F.);
#8710 = EDGE_CURVE('',#6787,#6768,#8711,.T.);
#8711 = CIRCLE('',#8712,1.5);
#8712 = AXIS2_PLACEMENT_3D('',#8713,#8714,#8715);
#8713 = CARTESIAN_POINT('',(6.,1.5,-30.));
#8714 = DIRECTION('',(-0.,1.,0.));
#8715 = DIRECTION('',(0.,0.,-1.));
#8716 = FACE_BOUND('',#8717,.T.);
#8717 = EDGE_LOOP('',(#8718,#8719));
#8718 = ORIENTED_EDGE('',*,*,#6836,.F.);
#8719 = ORIENTED_EDGE('',*,*,#8720,.F.);
#8720 = EDGE_CURVE('',#6829,#6810,#8721,.T.);
#8721 = CIRCLE('',#8722,1.5);
#8722 = AXIS2_PLACEMENT_3D('',#8723,#8724,#8725);
#8723 = CARTESIAN_POINT('',(10.,1.5,-22.));
#8724 = DIRECTION('',(-0.,1.,0.));
#8725 = DIRECTION('',(0.,0.,-1.));
#8726 = FACE_BOUND('',#8727,.T.);
#8727 = EDGE_LOOP('',(#8728,#8729));
#8728 = ORIENTED_EDGE('',*,*,#6878,.F.);
#8729 = ORIENTED_EDGE('',*,*,#8730,.F.);
#8730 = EDGE_CURVE('',#6871,#6852,#8731,.T.);
#8731 = CIRCLE('',#8732,1.5);
#8732 = AXIS2_PLACEMENT_3D('',#8733,#8734,#8735);
#8733 = CARTESIAN_POINT('',(6.,1.5,-22.));
#8734 = DIRECTION('',(-0.,1.,0.));
#8735 = DIRECTION('',(0.,0.,-1.));
#8736 = FACE_BOUND('',#8737,.T.);
#8737 = EDGE_LOOP('',(#8738,#8739));
#8738 = ORIENTED_EDGE('',*,*,#6920,.F.);
#8739 = ORIENTED_EDGE('',*,*,#8740,.F.);
#8740 = EDGE_CURVE('',#6913,#6894,#8741,.T.);
#8741 = CIRCLE('',#8742,1.5);
#8742 = AXIS2_PLACEMENT_3D('',#8743,#8744,#8745);
#8743 = CARTESIAN_POINT('',(30.,1.5,-26.));
#8744 = DIRECTION('',(-0.,1.,0.));
#8745 = DIRECTION('',(0.,0.,-1.));
#8746 = FACE_BOUND('',#8747,.T.);
#8747 = EDGE_LOOP('',(#8748,#8749));
#8748 = ORIENTED_EDGE('',*,*,#6962,.F.);
#8749 = ORIENTED_EDGE('',*,*,#8750,.F.);
#8750 = EDGE_CURVE('',#6955,#6936,#8751,.T.);
#8751 = CIRCLE('',#8752,1.5);
#8752 = AXIS2_PLACEMENT_3D('',#8753,#8754,#8755);
#8753 = CARTESIAN_POINT('',(26.,1.5,-26.));
#8754 = DIRECTION('',(-0.,1.,0.));
#8755 = DIRECTION('',(0.,0.,-1.));
#8756 = FACE_BOUND('',#8757,.T.);
#8757 = EDGE_LOOP('',(#8758,#8759));
#8758 = ORIENTED_EDGE('',*,*,#7004,.F.);
#8759 = ORIENTED_EDGE('',*,*,#8760,.F.);
#8760 = EDGE_CURVE('',#6997,#6978,#8761,.T.);
#8761 = CIRCLE('',#8762,1.5);
#8762 = AXIS2_PLACEMENT_3D('',#8763,#8764,#8765);
#8763 = CARTESIAN_POINT('',(22.,1.5,-26.));
#8764 = DIRECTION('',(-0.,1.,0.));
#8765 = DIRECTION('',(0.,0.,-1.));
#8766 = FACE_BOUND('',#8767,.T.);
#8767 = EDGE_LOOP('',(#8768,#8769));
#8768 = ORIENTED_EDGE('',*,*,#7046,.F.);
#8769 = ORIENTED_EDGE('',*,*,#8770,.F.);
#8770 = EDGE_CURVE('',#7039,#7020,#8771,.T.);
#8771 = CIRCLE('',#8772,1.5);
#8772 = AXIS2_PLACEMENT_3D('',#8773,#8774,#8775);
#8773 = CARTESIAN_POINT('',(18.,1.5,-26.));
#8774 = DIRECTION('',(-0.,1.,0.));
#8775 = DIRECTION('',(0.,0.,-1.));
#8776 = FACE_BOUND('',#8777,.T.);
#8777 = EDGE_LOOP('',(#8778,#8779));
#8778 = ORIENTED_EDGE('',*,*,#7088,.F.);
#8779 = ORIENTED_EDGE('',*,*,#8780,.F.);
#8780 = EDGE_CURVE('',#7081,#7062,#8781,.T.);
#8781 = CIRCLE('',#8782,1.5);
#8782 = AXIS2_PLACEMENT_3D('',#8783,#8784,#8785);
#8783 = CARTESIAN_POINT('',(14.,1.5,-26.));
#8784 = DIRECTION('',(-0.,1.,0.));
#8785 = DIRECTION('',(0.,0.,-1.));
#8786 = FACE_BOUND('',#8787,.T.);
#8787 = EDGE_LOOP('',(#8788,#8789));
#8788 = ORIENTED_EDGE('',*,*,#7130,.F.);
#8789 = ORIENTED_EDGE('',*,*,#8790,.F.);
#8790 = EDGE_CURVE('',#7123,#7104,#8791,.T.);
#8791 = CIRCLE('',#8792,1.5);
#8792 = AXIS2_PLACEMENT_3D('',#8793,#8794,#8795);
#8793 = CARTESIAN_POINT('',(10.,1.5,-26.));
#8794 = DIRECTION('',(-0.,1.,0.));
#8795 = DIRECTION('',(0.,0.,-1.));
#8796 = FACE_BOUND('',#8797,.T.);
#8797 = EDGE_LOOP('',(#8798,#8799));
#8798 = ORIENTED_EDGE('',*,*,#7172,.F.);
#8799 = ORIENTED_EDGE('',*,*,#8800,.F.);
#8800 = EDGE_CURVE('',#7165,#7146,#8801,.T.);
#8801 = CIRCLE('',#8802,1.5);
#8802 = AXIS2_PLACEMENT_3D('',#8803,#8804,#8805);
#8803 = CARTESIAN_POINT('',(2.,1.5,-2.));
#8804 = DIRECTION('',(-0.,1.,0.));
#8805 = DIRECTION('',(0.,0.,-1.));
#8806 = FACE_BOUND('',#8807,.T.);
#8807 = EDGE_LOOP('',(#8808,#8809));
#8808 = ORIENTED_EDGE('',*,*,#7214,.F.);
#8809 = ORIENTED_EDGE('',*,*,#8810,.F.);
#8810 = EDGE_CURVE('',#7207,#7188,#8811,.T.);
#8811 = CIRCLE('',#8812,1.5);
#8812 = AXIS2_PLACEMENT_3D('',#8813,#8814,#8815);
#8813 = CARTESIAN_POINT('',(2.,1.5,-6.));
#8814 = DIRECTION('',(-0.,1.,0.));
#8815 = DIRECTION('',(0.,0.,-1.));
#8816 = FACE_BOUND('',#8817,.T.);
#8817 = EDGE_LOOP('',(#8818,#8819));
#8818 = ORIENTED_EDGE('',*,*,#7256,.F.);
#8819 = ORIENTED_EDGE('',*,*,#8820,.F.);
#8820 = EDGE_CURVE('',#7249,#7230,#8821,.T.);
#8821 = CIRCLE('',#8822,1.5);
#8822 = AXIS2_PLACEMENT_3D('',#8823,#8824,#8825);
#8823 = CARTESIAN_POINT('',(2.,1.5,-10.));
#8824 = DIRECTION('',(-0.,1.,0.));
#8825 = DIRECTION('',(0.,0.,-1.));
#8826 = FACE_BOUND('',#8827,.T.);
#8827 = EDGE_LOOP('',(#8828,#8829));
#8828 = ORIENTED_EDGE('',*,*,#7298,.F.);
#8829 = ORIENTED_EDGE('',*,*,#8830,.F.);
#8830 = EDGE_CURVE('',#7291,#7272,#8831,.T.);
#8831 = CIRCLE('',#8832,1.5);
#8832 = AXIS2_PLACEMENT_3D('',#8833,#8834,#8835);
#8833 = CARTESIAN_POINT('',(2.,1.5,-14.));
#8834 = DIRECTION('',(-0.,1.,0.));
#8835 = DIRECTION('',(0.,0.,-1.));
#8836 = FACE_BOUND('',#8837,.T.);
#8837 = EDGE_LOOP('',(#8838,#8839));
#8838 = ORIENTED_EDGE('',*,*,#7340,.F.);
#8839 = ORIENTED_EDGE('',*,*,#8840,.F.);
#8840 = EDGE_CURVE('',#7333,#7314,#8841,.T.);
#8841 = CIRCLE('',#8842,1.5);
#8842 = AXIS2_PLACEMENT_3D('',#8843,#8844,#8845);
#8843 = CARTESIAN_POINT('',(2.,1.5,-18.));
#8844 = DIRECTION('',(-0.,1.,0.));
#8845 = DIRECTION('',(0.,0.,-1.));
#8846 = FACE_BOUND('',#8847,.T.);
#8847 = EDGE_LOOP('',(#8848,#8849));
#8848 = ORIENTED_EDGE('',*,*,#7382,.F.);
#8849 = ORIENTED_EDGE('',*,*,#8850,.F.);
#8850 = EDGE_CURVE('',#7375,#7356,#8851,.T.);
#8851 = CIRCLE('',#8852,1.5);
#8852 = AXIS2_PLACEMENT_3D('',#8853,#8854,#8855);
#8853 = CARTESIAN_POINT('',(2.,1.5,-22.));
#8854 = DIRECTION('',(-0.,1.,0.));
#8855 = DIRECTION('',(0.,0.,-1.));
#8856 = FACE_BOUND('',#8857,.T.);
#8857 = EDGE_LOOP('',(#8858,#8859));
#8858 = ORIENTED_EDGE('',*,*,#7424,.F.);
#8859 = ORIENTED_EDGE('',*,*,#8860,.F.);
#8860 = EDGE_CURVE('',#7417,#7398,#8861,.T.);
#8861 = CIRCLE('',#8862,1.5);
#8862 = AXIS2_PLACEMENT_3D('',#8863,#8864,#8865);
#8863 = CARTESIAN_POINT('',(2.,1.5,-26.));
#8864 = DIRECTION('',(-0.,1.,0.));
#8865 = DIRECTION('',(0.,0.,-1.));
#8866 = FACE_BOUND('',#8867,.T.);
#8867 = EDGE_LOOP('',(#8868,#8869));
#8868 = ORIENTED_EDGE('',*,*,#7466,.F.);
#8869 = ORIENTED_EDGE('',*,*,#8870,.F.);
#8870 = EDGE_CURVE('',#7459,#7440,#8871,.T.);
#8871 = CIRCLE('',#8872,1.5);
#8872 = AXIS2_PLACEMENT_3D('',#8873,#8874,#8875);
#8873 = CARTESIAN_POINT('',(14.,1.5,-2.));
#8874 = DIRECTION('',(-0.,1.,0.));
#8875 = DIRECTION('',(0.,0.,-1.));
#8876 = FACE_BOUND('',#8877,.T.);
#8877 = EDGE_LOOP('',(#8878,#8879));
#8878 = ORIENTED_EDGE('',*,*,#7508,.F.);
#8879 = ORIENTED_EDGE('',*,*,#8880,.F.);
#8880 = EDGE_CURVE('',#7501,#7482,#8881,.T.);
#8881 = CIRCLE('',#8882,1.5);
#8882 = AXIS2_PLACEMENT_3D('',#8883,#8884,#8885);
#8883 = CARTESIAN_POINT('',(10.,1.5,-2.));
#8884 = DIRECTION('',(-0.,1.,0.));
#8885 = DIRECTION('',(0.,0.,-1.));
#8886 = FACE_BOUND('',#8887,.T.);
#8887 = EDGE_LOOP('',(#8888,#8889));
#8888 = ORIENTED_EDGE('',*,*,#7550,.F.);
#8889 = ORIENTED_EDGE('',*,*,#8890,.F.);
#8890 = EDGE_CURVE('',#7543,#7524,#8891,.T.);
#8891 = CIRCLE('',#8892,1.5);
#8892 = AXIS2_PLACEMENT_3D('',#8893,#8894,#8895);
#8893 = CARTESIAN_POINT('',(6.,1.5,-2.));
#8894 = DIRECTION('',(-0.,1.,0.));
#8895 = DIRECTION('',(0.,0.,-1.));
#8896 = FACE_BOUND('',#8897,.T.);
#8897 = EDGE_LOOP('',(#8898,#8899));
#8898 = ORIENTED_EDGE('',*,*,#7592,.F.);
#8899 = ORIENTED_EDGE('',*,*,#8900,.F.);
#8900 = EDGE_CURVE('',#7585,#7566,#8901,.T.);
#8901 = CIRCLE('',#8902,1.5);
#8902 = AXIS2_PLACEMENT_3D('',#8903,#8904,#8905);
#8903 = CARTESIAN_POINT('',(30.,1.5,-6.));
#8904 = DIRECTION('',(-0.,1.,0.));
#8905 = DIRECTION('',(0.,0.,-1.));
#8906 = FACE_BOUND('',#8907,.T.);
#8907 = EDGE_LOOP('',(#8908,#8909));
#8908 = ORIENTED_EDGE('',*,*,#7634,.F.);
#8909 = ORIENTED_EDGE('',*,*,#8910,.F.);
#8910 = EDGE_CURVE('',#7627,#7608,#8911,.T.);
#8911 = CIRCLE('',#8912,1.5);
#8912 = AXIS2_PLACEMENT_3D('',#8913,#8914,#8915);
#8913 = CARTESIAN_POINT('',(18.,1.5,-2.));
#8914 = DIRECTION('',(-0.,1.,0.));
#8915 = DIRECTION('',(0.,0.,-1.));
#8916 = FACE_BOUND('',#8917,.T.);
#8917 = EDGE_LOOP('',(#8918,#8919));
#8918 = ORIENTED_EDGE('',*,*,#7676,.F.);
#8919 = ORIENTED_EDGE('',*,*,#8920,.F.);
#8920 = EDGE_CURVE('',#7669,#7650,#8921,.T.);
#8921 = CIRCLE('',#8922,1.5);
#8922 = AXIS2_PLACEMENT_3D('',#8923,#8924,#8925);
#8923 = CARTESIAN_POINT('',(22.,1.5,-2.));
#8924 = DIRECTION('',(-0.,1.,0.));
#8925 = DIRECTION('',(0.,0.,-1.));
#8926 = FACE_BOUND('',#8927,.T.);
#8927 = EDGE_LOOP('',(#8928,#8929));
#8928 = ORIENTED_EDGE('',*,*,#7718,.F.);
#8929 = ORIENTED_EDGE('',*,*,#8930,.F.);
#8930 = EDGE_CURVE('',#7711,#7692,#8931,.T.);
#8931 = CIRCLE('',#8932,1.5);
#8932 = AXIS2_PLACEMENT_3D('',#8933,#8934,#8935);
#8933 = CARTESIAN_POINT('',(26.,1.5,-2.));
#8934 = DIRECTION('',(-0.,1.,0.));
#8935 = DIRECTION('',(0.,0.,-1.));
#8936 = FACE_BOUND('',#8937,.T.);
#8937 = EDGE_LOOP('',(#8938,#8939));
#8938 = ORIENTED_EDGE('',*,*,#7760,.F.);
#8939 = ORIENTED_EDGE('',*,*,#8940,.F.);
#8940 = EDGE_CURVE('',#7753,#7734,#8941,.T.);
#8941 = CIRCLE('',#8942,1.5);
#8942 = AXIS2_PLACEMENT_3D('',#8943,#8944,#8945);
#8943 = CARTESIAN_POINT('',(30.,1.5,-2.));
#8944 = DIRECTION('',(-0.,1.,0.));
#8945 = DIRECTION('',(0.,0.,-1.));
#8946 = FACE_BOUND('',#8947,.T.);
#8947 = EDGE_LOOP('',(#8948,#8949));
#8948 = ORIENTED_EDGE('',*,*,#7802,.F.);
#8949 = ORIENTED_EDGE('',*,*,#8950,.F.);
#8950 = EDGE_CURVE('',#7795,#7776,#8951,.T.);
#8951 = CIRCLE('',#8952,1.5);
#8952 = AXIS2_PLACEMENT_3D('',#8953,#8954,#8955);
#8953 = CARTESIAN_POINT('',(22.,1.5,-10.));
#8954 = DIRECTION('',(-0.,1.,0.));
#8955 = DIRECTION('',(0.,0.,-1.));
#8956 = FACE_BOUND('',#8957,.T.);
#8957 = EDGE_LOOP('',(#8958,#8959));
#8958 = ORIENTED_EDGE('',*,*,#7844,.F.);
#8959 = ORIENTED_EDGE('',*,*,#8960,.F.);
#8960 = EDGE_CURVE('',#7837,#7818,#8961,.T.);
#8961 = CIRCLE('',#8962,1.5);
#8962 = AXIS2_PLACEMENT_3D('',#8963,#8964,#8965);
#8963 = CARTESIAN_POINT('',(18.,1.5,-10.));
#8964 = DIRECTION('',(-0.,1.,0.));
#8965 = DIRECTION('',(0.,0.,-1.));
#8966 = FACE_BOUND('',#8967,.T.);
#8967 = EDGE_LOOP('',(#8968,#8969));
#8968 = ORIENTED_EDGE('',*,*,#7886,.F.);
#8969 = ORIENTED_EDGE('',*,*,#8970,.F.);
#8970 = EDGE_CURVE('',#7879,#7860,#8971,.T.);
#8971 = CIRCLE('',#8972,1.5);
#8972 = AXIS2_PLACEMENT_3D('',#8973,#8974,#8975);
#8973 = CARTESIAN_POINT('',(14.,1.5,-10.));
#8974 = DIRECTION('',(-0.,1.,0.));
#8975 = DIRECTION('',(0.,0.,-1.));
#8976 = FACE_BOUND('',#8977,.T.);
#8977 = EDGE_LOOP('',(#8978,#8979));
#8978 = ORIENTED_EDGE('',*,*,#7928,.F.);
#8979 = ORIENTED_EDGE('',*,*,#8980,.F.);
#8980 = EDGE_CURVE('',#7921,#7902,#8981,.T.);
#8981 = CIRCLE('',#8982,1.5);
#8982 = AXIS2_PLACEMENT_3D('',#8983,#8984,#8985);
#8983 = CARTESIAN_POINT('',(10.,1.5,-10.));
#8984 = DIRECTION('',(-0.,1.,0.));
#8985 = DIRECTION('',(0.,0.,-1.));
#8986 = FACE_BOUND('',#8987,.T.);
#8987 = EDGE_LOOP('',(#8988,#8989));
#8988 = ORIENTED_EDGE('',*,*,#7970,.F.);
#8989 = ORIENTED_EDGE('',*,*,#8990,.F.);
#8990 = EDGE_CURVE('',#7963,#7944,#8991,.T.);
#8991 = CIRCLE('',#8992,1.5);
#8992 = AXIS2_PLACEMENT_3D('',#8993,#8994,#8995);
#8993 = CARTESIAN_POINT('',(22.,1.5,-14.));
#8994 = DIRECTION('',(-0.,1.,0.));
#8995 = DIRECTION('',(0.,0.,-1.));
#8996 = FACE_BOUND('',#8997,.T.);
#8997 = EDGE_LOOP('',(#8998,#8999));
#8998 = ORIENTED_EDGE('',*,*,#8012,.F.);
#8999 = ORIENTED_EDGE('',*,*,#9000,.F.);
#9000 = EDGE_CURVE('',#8005,#7986,#9001,.T.);
#9001 = CIRCLE('',#9002,1.5);
#9002 = AXIS2_PLACEMENT_3D('',#9003,#9004,#9005);
#9003 = CARTESIAN_POINT('',(26.,1.5,-14.));
#9004 = DIRECTION('',(-0.,1.,0.));
#9005 = DIRECTION('',(0.,0.,-1.));
#9006 = FACE_BOUND('',#9007,.T.);
#9007 = EDGE_LOOP('',(#9008,#9009));
#9008 = ORIENTED_EDGE('',*,*,#8054,.F.);
#9009 = ORIENTED_EDGE('',*,*,#9010,.F.);
#9010 = EDGE_CURVE('',#8047,#8028,#9011,.T.);
#9011 = CIRCLE('',#9012,1.5);
#9012 = AXIS2_PLACEMENT_3D('',#9013,#9014,#9015);
#9013 = CARTESIAN_POINT('',(30.,1.5,-14.));
#9014 = DIRECTION('',(-0.,1.,0.));
#9015 = DIRECTION('',(0.,0.,-1.));
#9016 = FACE_BOUND('',#9017,.T.);
#9017 = EDGE_LOOP('',(#9018,#9019));
#9018 = ORIENTED_EDGE('',*,*,#8096,.F.);
#9019 = ORIENTED_EDGE('',*,*,#9020,.F.);
#9020 = EDGE_CURVE('',#8089,#8070,#9021,.T.);
#9021 = CIRCLE('',#9022,1.5);
#9022 = AXIS2_PLACEMENT_3D('',#9023,#9024,#9025);
#9023 = CARTESIAN_POINT('',(6.,1.5,-10.));
#9024 = DIRECTION('',(-0.,1.,0.));
#9025 = DIRECTION('',(0.,0.,-1.));
#9026 = FACE_BOUND('',#9027,.T.);
#9027 = EDGE_LOOP('',(#9028,#9029));
#9028 = ORIENTED_EDGE('',*,*,#8138,.F.);
#9029 = ORIENTED_EDGE('',*,*,#9030,.F.);
#9030 = EDGE_CURVE('',#8131,#8112,#9031,.T.);
#9031 = CIRCLE('',#9032,1.5);
#9032 = AXIS2_PLACEMENT_3D('',#9033,#9034,#9035);
#9033 = CARTESIAN_POINT('',(26.,1.5,-6.));
#9034 = DIRECTION('',(-0.,1.,0.));
#9035 = DIRECTION('',(0.,0.,-1.));
#9036 = FACE_BOUND('',#9037,.T.);
#9037 = EDGE_LOOP('',(#9038,#9039));
#9038 = ORIENTED_EDGE('',*,*,#8180,.F.);
#9039 = ORIENTED_EDGE('',*,*,#9040,.F.);
#9040 = EDGE_CURVE('',#8173,#8154,#9041,.T.);
#9041 = CIRCLE('',#9042,1.5);
#9042 = AXIS2_PLACEMENT_3D('',#9043,#9044,#9045);
#9043 = CARTESIAN_POINT('',(22.,1.5,-6.));
#9044 = DIRECTION('',(-0.,1.,0.));
#9045 = DIRECTION('',(0.,0.,-1.));
#9046 = FACE_BOUND('',#9047,.T.);
#9047 = EDGE_LOOP('',(#9048,#9049));
#9048 = ORIENTED_EDGE('',*,*,#8222,.F.);
#9049 = ORIENTED_EDGE('',*,*,#9050,.F.);
#9050 = EDGE_CURVE('',#8215,#8196,#9051,.T.);
#9051 = CIRCLE('',#9052,1.5);
#9052 = AXIS2_PLACEMENT_3D('',#9053,#9054,#9055);
#9053 = CARTESIAN_POINT('',(18.,1.5,-6.));
#9054 = DIRECTION('',(-0.,1.,0.));
#9055 = DIRECTION('',(0.,0.,-1.));
#9056 = FACE_BOUND('',#9057,.T.);
#9057 = EDGE_LOOP('',(#9058,#9059));
#9058 = ORIENTED_EDGE('',*,*,#8264,.F.);
#9059 = ORIENTED_EDGE('',*,*,#9060,.F.);
#9060 = EDGE_CURVE('',#8257,#8238,#9061,.T.);
#9061 = CIRCLE('',#9062,1.5);
#9062 = AXIS2_PLACEMENT_3D('',#9063,#9064,#9065);
#9063 = CARTESIAN_POINT('',(14.,1.5,-6.));
#9064 = DIRECTION('',(-0.,1.,0.));
#9065 = DIRECTION('',(0.,0.,-1.));
#9066 = FACE_BOUND('',#9067,.T.);
#9067 = EDGE_LOOP('',(#9068,#9069));
#9068 = ORIENTED_EDGE('',*,*,#8306,.F.);
#9069 = ORIENTED_EDGE('',*,*,#9070,.F.);
#9070 = EDGE_CURVE('',#8299,#8280,#9071,.T.);
#9071 = CIRCLE('',#9072,1.5);
#9072 = AXIS2_PLACEMENT_3D('',#9073,#9074,#9075);
#9073 = CARTESIAN_POINT('',(10.,1.5,-6.));
#9074 = DIRECTION('',(-0.,1.,0.));
#9075 = DIRECTION('',(0.,0.,-1.));
#9076 = FACE_BOUND('',#9077,.T.);
#9077 = EDGE_LOOP('',(#9078,#9079));
#9078 = ORIENTED_EDGE('',*,*,#8348,.F.);
#9079 = ORIENTED_EDGE('',*,*,#9080,.F.);
#9080 = EDGE_CURVE('',#8341,#8322,#9081,.T.);
#9081 = CIRCLE('',#9082,1.5);
#9082 = AXIS2_PLACEMENT_3D('',#9083,#9084,#9085);
#9083 = CARTESIAN_POINT('',(6.,1.5,-6.));
#9084 = DIRECTION('',(-0.,1.,0.));
#9085 = DIRECTION('',(0.,0.,-1.));
#9086 = FACE_BOUND('',#9087,.T.);
#9087 = EDGE_LOOP('',(#9088,#9089));
#9088 = ORIENTED_EDGE('',*,*,#8390,.F.);
#9089 = ORIENTED_EDGE('',*,*,#9090,.F.);
#9090 = EDGE_CURVE('',#8383,#8364,#9091,.T.);
#9091 = CIRCLE('',#9092,1.5);
#9092 = AXIS2_PLACEMENT_3D('',#9093,#9094,#9095);
#9093 = CARTESIAN_POINT('',(30.,1.5,-10.));
#9094 = DIRECTION('',(-0.,1.,0.));
#9095 = DIRECTION('',(0.,0.,-1.));
#9096 = FACE_BOUND('',#9097,.T.);
#9097 = EDGE_LOOP('',(#9098,#9099));
#9098 = ORIENTED_EDGE('',*,*,#8432,.F.);
#9099 = ORIENTED_EDGE('',*,*,#9100,.F.);
#9100 = EDGE_CURVE('',#8425,#8406,#9101,.T.);
#9101 = CIRCLE('',#9102,1.5);
#9102 = AXIS2_PLACEMENT_3D('',#9103,#9104,#9105);
#9103 = CARTESIAN_POINT('',(26.,1.5,-10.));
#9104 = DIRECTION('',(-0.,1.,0.));
#9105 = DIRECTION('',(0.,0.,-1.));
#9106 = FACE_BOUND('',#9107,.T.);
#9107 = EDGE_LOOP('',(#9108,#9109));
#9108 = ORIENTED_EDGE('',*,*,#8474,.F.);
#9109 = ORIENTED_EDGE('',*,*,#9110,.F.);
#9110 = EDGE_CURVE('',#8467,#8448,#9111,.T.);
#9111 = CIRCLE('',#9112,1.5);
#9112 = AXIS2_PLACEMENT_3D('',#9113,#9114,#9115);
#9113 = CARTESIAN_POINT('',(2.,1.5,-30.));
#9114 = DIRECTION('',(-0.,1.,0.));
#9115 = DIRECTION('',(0.,0.,-1.));
#9116 = FACE_BOUND('',#9117,.T.);
#9117 = EDGE_LOOP('',(#9118,#9128,#9136,#9144));
#9118 = ORIENTED_EDGE('',*,*,#9119,.T.);
#9119 = EDGE_CURVE('',#9120,#9122,#9124,.T.);
#9120 = VERTEX_POINT('',#9121);
#9121 = CARTESIAN_POINT('',(0.2,1.5,-31.8));
#9122 = VERTEX_POINT('',#9123);
#9123 = CARTESIAN_POINT('',(0.2,1.5,-0.2));
#9124 = LINE('',#9125,#9126);
#9125 = CARTESIAN_POINT('',(0.2,1.5,-0.2));
#9126 = VECTOR('',#9127,1.);
#9127 = DIRECTION('',(-0.,-0.,1.));
#9128 = ORIENTED_EDGE('',*,*,#9129,.T.);
#9129 = EDGE_CURVE('',#9122,#9130,#9132,.T.);
#9130 = VERTEX_POINT('',#9131);
#9131 = CARTESIAN_POINT('',(31.8,1.5,-0.2));
#9132 = LINE('',#9133,#9134);
#9133 = CARTESIAN_POINT('',(0.2,1.5,-0.2));
#9134 = VECTOR('',#9135,1.);
#9135 = DIRECTION('',(1.,0.,0.));
#9136 = ORIENTED_EDGE('',*,*,#9137,.T.);
#9137 = EDGE_CURVE('',#9130,#9138,#9140,.T.);
#9138 = VERTEX_POINT('',#9139);
#9139 = CARTESIAN_POINT('',(31.8,1.5,-31.8));
#9140 = LINE('',#9141,#9142);
#9141 = CARTESIAN_POINT('',(31.8,1.5,-0.2));
#9142 = VECTOR('',#9143,1.);
#9143 = DIRECTION('',(0.,0.,-1.));
#9144 = ORIENTED_EDGE('',*,*,#9145,.T.);
#9145 = EDGE_CURVE('',#9138,#9120,#9146,.T.);
#9146 = LINE('',#9147,#9148);
#9147 = CARTESIAN_POINT('',(0.2,1.5,-31.8));
#9148 = VECTOR('',#9149,1.);
#9149 = DIRECTION('',(-1.,-0.,-0.));
#9150 = FACE_BOUND('',#9151,.T.);
#9151 = EDGE_LOOP('',(#9152,#9153));
#9152 = ORIENTED_EDGE('',*,*,#5828,.F.);
#9153 = ORIENTED_EDGE('',*,*,#9154,.F.);
#9154 = EDGE_CURVE('',#5821,#5802,#9155,.T.);
#9155 = CIRCLE('',#9156,1.5);
#9156 = AXIS2_PLACEMENT_3D('',#9157,#9158,#9159);
#9157 = CARTESIAN_POINT('',(18.,1.5,-18.));
#9158 = DIRECTION('',(-0.,1.,0.));
#9159 = DIRECTION('',(0.,0.,-1.));
#9160 = PLANE('',#9161);
#9161 = AXIS2_PLACEMENT_3D('',#9162,#9163,#9164);
#9162 = CARTESIAN_POINT('',(0.,1.5,0.));
#9163 = DIRECTION('',(0.,-1.,0.));
#9164 = DIRECTION('',(0.,-0.,-1.));
#9165 = ADVANCED_FACE('',(#9166),#9216,.F.);
#9166 = FACE_BOUND('',#9167,.T.);
#9167 = EDGE_LOOP('',(#9168,#9178,#9186,#9194,#9202,#9210));
#9168 = ORIENTED_EDGE('',*,*,#9169,.F.);
#9169 = EDGE_CURVE('',#9170,#9172,#9174,.T.);
#9170 = VERTEX_POINT('',#9171);
#9171 = CARTESIAN_POINT('',(0.2,6.5,-30.));
#9172 = VERTEX_POINT('',#9173);
#9173 = CARTESIAN_POINT('',(0.,6.5,-30.));
#9174 = LINE('',#9175,#9176);
#9175 = CARTESIAN_POINT('',(0.2,6.5,-30.));
#9176 = VECTOR('',#9177,1.);
#9177 = DIRECTION('',(-1.,-0.,-0.));
#9178 = ORIENTED_EDGE('',*,*,#9179,.F.);
#9179 = EDGE_CURVE('',#9180,#9170,#9182,.T.);
#9180 = VERTEX_POINT('',#9181);
#9181 = CARTESIAN_POINT('',(0.2,6.5,-31.8));
#9182 = LINE('',#9183,#9184);
#9183 = CARTESIAN_POINT('',(0.2,6.5,-0.2));
#9184 = VECTOR('',#9185,1.);
#9185 = DIRECTION('',(-0.,-0.,1.));
#9186 = ORIENTED_EDGE('',*,*,#9187,.F.);
#9187 = EDGE_CURVE('',#9188,#9180,#9190,.T.);
#9188 = VERTEX_POINT('',#9189);
#9189 = CARTESIAN_POINT('',(2.,6.5,-31.8));
#9190 = LINE('',#9191,#9192);
#9191 = CARTESIAN_POINT('',(0.2,6.5,-31.8));
#9192 = VECTOR('',#9193,1.);
#9193 = DIRECTION('',(-1.,-0.,-0.));
#9194 = ORIENTED_EDGE('',*,*,#9195,.T.);
#9195 = EDGE_CURVE('',#9188,#9196,#9198,.T.);
#9196 = VERTEX_POINT('',#9197);
#9197 = CARTESIAN_POINT('',(2.,6.5,-32.));
#9198 = LINE('',#9199,#9200);
#9199 = CARTESIAN_POINT('',(2.,6.5,-31.8));
#9200 = VECTOR('',#9201,1.);
#9201 = DIRECTION('',(-0.,-0.,-1.));
#9202 = ORIENTED_EDGE('',*,*,#9203,.T.);
#9203 = EDGE_CURVE('',#9196,#9204,#9206,.T.);
#9204 = VERTEX_POINT('',#9205);
#9205 = CARTESIAN_POINT('',(0.,6.5,-32.));
#9206 = LINE('',#9207,#9208);
#9207 = CARTESIAN_POINT('',(0.,6.5,-32.));
#9208 = VECTOR('',#9209,1.);
#9209 = DIRECTION('',(-1.,-0.,-0.));
#9210 = ORIENTED_EDGE('',*,*,#9211,.T.);
#9211 = EDGE_CURVE('',#9204,#9172,#9212,.T.);
#9212 = LINE('',#9213,#9214);
#9213 = CARTESIAN_POINT('',(0.,6.5,0.));
#9214 = VECTOR('',#9215,1.);
#9215 = DIRECTION('',(-0.,-0.,1.));
#9216 = PLANE('',#9217);
#9217 = AXIS2_PLACEMENT_3D('',#9218,#9219,#9220);
#9218 = CARTESIAN_POINT('',(0.,6.5,0.));
#9219 = DIRECTION('',(0.,-1.,0.));
#9220 = DIRECTION('',(0.,-0.,-1.));
#9221 = ADVANCED_FACE('',(#9222),#9272,.F.);
#9222 = FACE_BOUND('',#9223,.T.);
#9223 = EDGE_LOOP('',(#9224,#9234,#9242,#9250,#9258,#9266));
#9224 = ORIENTED_EDGE('',*,*,#9225,.F.);
#9225 = EDGE_CURVE('',#9226,#9228,#9230,.T.);
#9226 = VERTEX_POINT('',#9227);
#9227 = CARTESIAN_POINT('',(30.,6.5,-31.8));
#9228 = VERTEX_POINT('',#9229);
#9229 = CARTESIAN_POINT('',(30.,6.5,-32.));
#9230 = LINE('',#9231,#9232);
#9231 = CARTESIAN_POINT('',(30.,6.5,-31.8));
#9232 = VECTOR('',#9233,1.);
#9233 = DIRECTION('',(-0.,-0.,-1.));
#9234 = ORIENTED_EDGE('',*,*,#9235,.F.);
#9235 = EDGE_CURVE('',#9236,#9226,#9238,.T.);
#9236 = VERTEX_POINT('',#9237);
#9237 = CARTESIAN_POINT('',(31.8,6.5,-31.8));
#9238 = LINE('',#9239,#9240);
#9239 = CARTESIAN_POINT('',(0.2,6.5,-31.8));
#9240 = VECTOR('',#9241,1.);
#9241 = DIRECTION('',(-1.,-0.,-0.));
#9242 = ORIENTED_EDGE('',*,*,#9243,.F.);
#9243 = EDGE_CURVE('',#9244,#9236,#9246,.T.);
#9244 = VERTEX_POINT('',#9245);
#9245 = CARTESIAN_POINT('',(31.8,6.5,-30.));
#9246 = LINE('',#9247,#9248);
#9247 = CARTESIAN_POINT('',(31.8,6.5,-0.2));
#9248 = VECTOR('',#9249,1.);
#9249 = DIRECTION('',(0.,0.,-1.));
#9250 = ORIENTED_EDGE('',*,*,#9251,.T.);
#9251 = EDGE_CURVE('',#9244,#9252,#9254,.T.);
#9252 = VERTEX_POINT('',#9253);
#9253 = CARTESIAN_POINT('',(32.,6.5,-30.));
#9254 = LINE('',#9255,#9256);
#9255 = CARTESIAN_POINT('',(31.8,6.5,-30.));
#9256 = VECTOR('',#9257,1.);
#9257 = DIRECTION('',(1.,-0.,-0.));
#9258 = ORIENTED_EDGE('',*,*,#9259,.T.);
#9259 = EDGE_CURVE('',#9252,#9260,#9262,.T.);
#9260 = VERTEX_POINT('',#9261);
#9261 = CARTESIAN_POINT('',(32.,6.5,-32.));
#9262 = LINE('',#9263,#9264);
#9263 = CARTESIAN_POINT('',(32.,6.5,0.));
#9264 = VECTOR('',#9265,1.);
#9265 = DIRECTION('',(0.,0.,-1.));
#9266 = ORIENTED_EDGE('',*,*,#9267,.T.);
#9267 = EDGE_CURVE('',#9260,#9228,#9268,.T.);
#9268 = LINE('',#9269,#9270);
#9269 = CARTESIAN_POINT('',(0.,6.5,-32.));
#9270 = VECTOR('',#9271,1.);
#9271 = DIRECTION('',(-1.,-0.,-0.));
#9272 = PLANE('',#9273);
#9273 = AXIS2_PLACEMENT_3D('',#9274,#9275,#9276);
#9274 = CARTESIAN_POINT('',(0.,6.5,0.));
#9275 = DIRECTION('',(0.,-1.,0.));
#9276 = DIRECTION('',(0.,-0.,-1.));
#9277 = ADVANCED_FACE('',(#9278),#9328,.F.);
#9278 = FACE_BOUND('',#9279,.T.);
#9279 = EDGE_LOOP('',(#9280,#9290,#9298,#9306,#9314,#9322));
#9280 = ORIENTED_EDGE('',*,*,#9281,.F.);
#9281 = EDGE_CURVE('',#9282,#9284,#9286,.T.);
#9282 = VERTEX_POINT('',#9283);
#9283 = CARTESIAN_POINT('',(31.8,6.5,-2.));
#9284 = VERTEX_POINT('',#9285);
#9285 = CARTESIAN_POINT('',(32.,6.5,-2.));
#9286 = LINE('',#9287,#9288);
#9287 = CARTESIAN_POINT('',(31.8,6.5,-2.));
#9288 = VECTOR('',#9289,1.);
#9289 = DIRECTION('',(1.,-0.,-0.));
#9290 = ORIENTED_EDGE('',*,*,#9291,.F.);
#9291 = EDGE_CURVE('',#9292,#9282,#9294,.T.);
#9292 = VERTEX_POINT('',#9293);
#9293 = CARTESIAN_POINT('',(31.8,6.5,-0.2));
#9294 = LINE('',#9295,#9296);
#9295 = CARTESIAN_POINT('',(31.8,6.5,-0.2));
#9296 = VECTOR('',#9297,1.);
#9297 = DIRECTION('',(0.,0.,-1.));
#9298 = ORIENTED_EDGE('',*,*,#9299,.F.);
#9299 = EDGE_CURVE('',#9300,#9292,#9302,.T.);
#9300 = VERTEX_POINT('',#9301);
#9301 = CARTESIAN_POINT('',(30.,6.5,-0.2));
#9302 = LINE('',#9303,#9304);
#9303 = CARTESIAN_POINT('',(0.2,6.5,-0.2));
#9304 = VECTOR('',#9305,1.);
#9305 = DIRECTION('',(1.,0.,0.));
#9306 = ORIENTED_EDGE('',*,*,#9307,.T.);
#9307 = EDGE_CURVE('',#9300,#9308,#9310,.T.);
#9308 = VERTEX_POINT('',#9309);
#9309 = CARTESIAN_POINT('',(30.,6.5,0.));
#9310 = LINE('',#9311,#9312);
#9311 = CARTESIAN_POINT('',(30.,6.5,-0.2));
#9312 = VECTOR('',#9313,1.);
#9313 = DIRECTION('',(-0.,-0.,1.));
#9314 = ORIENTED_EDGE('',*,*,#9315,.T.);
#9315 = EDGE_CURVE('',#9308,#9316,#9318,.T.);
#9316 = VERTEX_POINT('',#9317);
#9317 = CARTESIAN_POINT('',(32.,6.5,0.));
#9318 = LINE('',#9319,#9320);
#9319 = CARTESIAN_POINT('',(0.,6.5,0.));
#9320 = VECTOR('',#9321,1.);
#9321 = DIRECTION('',(1.,0.,0.));
#9322 = ORIENTED_EDGE('',*,*,#9323,.T.);
#9323 = EDGE_CURVE('',#9316,#9284,#9324,.T.);
#9324 = LINE('',#9325,#9326);
#9325 = CARTESIAN_POINT('',(32.,6.5,0.));
#9326 = VECTOR('',#9327,1.);
#9327 = DIRECTION('',(0.,0.,-1.));
#9328 = PLANE('',#9329);
#9329 = AXIS2_PLACEMENT_3D('',#9330,#9331,#9332);
#9330 = CARTESIAN_POINT('',(0.,6.5,0.));
#9331 = DIRECTION('',(0.,-1.,0.));
#9332 = DIRECTION('',(0.,-0.,-1.));
#9333 = ADVANCED_FACE('',(#9334),#9391,.F.);
#9334 = FACE_BOUND('',#9335,.T.);
#9335 = EDGE_LOOP('',(#9336,#9346,#9354,#9362,#9368,#9369,#9377,#9385));
#9336 = ORIENTED_EDGE('',*,*,#9337,.F.);
#9337 = EDGE_CURVE('',#9338,#9340,#9342,.T.);
#9338 = VERTEX_POINT('',#9339);
#9339 = CARTESIAN_POINT('',(0.,6.5,-2.));
#9340 = VERTEX_POINT('',#9341);
#9341 = CARTESIAN_POINT('',(0.,6.5,0.));
#9342 = LINE('',#9343,#9344);
#9343 = CARTESIAN_POINT('',(0.,6.5,0.));
#9344 = VECTOR('',#9345,1.);
#9345 = DIRECTION('',(-0.,-0.,1.));
#9346 = ORIENTED_EDGE('',*,*,#9347,.F.);
#9347 = EDGE_CURVE('',#9348,#9338,#9350,.T.);
#9348 = VERTEX_POINT('',#9349);
#9349 = CARTESIAN_POINT('',(0.,4.5,-3.));
#9350 = LINE('',#9351,#9352);
#9351 = CARTESIAN_POINT('',(0.,4.5,-3.));
#9352 = VECTOR('',#9353,1.);
#9353 = DIRECTION('',(0.,0.894427191,0.4472135955));
#9354 = ORIENTED_EDGE('',*,*,#9355,.F.);
#9355 = EDGE_CURVE('',#9356,#9348,#9358,.T.);
#9356 = VERTEX_POINT('',#9357);
#9357 = CARTESIAN_POINT('',(0.,4.5,-28.85045572508));
#9358 = LINE('',#9359,#9360);
#9359 = CARTESIAN_POINT('',(0.,4.5,-3.));
#9360 = VECTOR('',#9361,1.);
#9361 = DIRECTION('',(-0.,1.342122161733E-16,1.));
#9362 = ORIENTED_EDGE('',*,*,#9363,.F.);
#9363 = EDGE_CURVE('',#9172,#9356,#9364,.T.);
#9364 = LINE('',#9365,#9366);
#9365 = CARTESIAN_POINT('',(0.,6.5,-30.));
#9366 = VECTOR('',#9367,1.);
#9367 = DIRECTION('',(0.,-0.866991659311,0.49832264918));
#9368 = ORIENTED_EDGE('',*,*,#9211,.F.);
#9369 = ORIENTED_EDGE('',*,*,#9370,.T.);
#9370 = EDGE_CURVE('',#9204,#9371,#9373,.T.);
#9371 = VERTEX_POINT('',#9372);
#9372 = CARTESIAN_POINT('',(0.,0.,-32.));
#9373 = LINE('',#9374,#9375);
#9374 = CARTESIAN_POINT('',(0.,6.5,-32.));
#9375 = VECTOR('',#9376,1.);
#9376 = DIRECTION('',(-0.,-1.,-0.));
#9377 = ORIENTED_EDGE('',*,*,#9378,.T.);
#9378 = EDGE_CURVE('',#9371,#9379,#9381,.T.);
#9379 = VERTEX_POINT('',#9380);
#9380 = CARTESIAN_POINT('',(0.,0.,0.));
#9381 = LINE('',#9382,#9383);
#9382 = CARTESIAN_POINT('',(0.,0.,0.));
#9383 = VECTOR('',#9384,1.);
#9384 = DIRECTION('',(-0.,-0.,1.));
#9385 = ORIENTED_EDGE('',*,*,#9386,.F.);
#9386 = EDGE_CURVE('',#9340,#9379,#9387,.T.);
#9387 = LINE('',#9388,#9389);
#9388 = CARTESIAN_POINT('',(0.,6.5,0.));
#9389 = VECTOR('',#9390,1.);
#9390 = DIRECTION('',(-0.,-1.,-0.));
#9391 = PLANE('',#9392);
#9392 = AXIS2_PLACEMENT_3D('',#9393,#9394,#9395);
#9393 = CARTESIAN_POINT('',(0.,6.5,0.));
#9394 = DIRECTION('',(1.,-0.,0.));
#9395 = DIRECTION('',(0.,0.,-1.));
#9396 = ADVANCED_FACE('',(#9397),#9445,.F.);
#9397 = FACE_BOUND('',#9398,.T.);
#9398 = EDGE_LOOP('',(#9399,#9400,#9408,#9416,#9424,#9430,#9431,#9439));
#9399 = ORIENTED_EDGE('',*,*,#9315,.F.);
#9400 = ORIENTED_EDGE('',*,*,#9401,.F.);
#9401 = EDGE_CURVE('',#9402,#9308,#9404,.T.);
#9402 = VERTEX_POINT('',#9403);
#9403 = CARTESIAN_POINT('',(29.,4.5,0.));
#9404 = LINE('',#9405,#9406);
#9405 = CARTESIAN_POINT('',(29.,4.5,0.));
#9406 = VECTOR('',#9407,1.);
#9407 = DIRECTION('',(0.4472135955,0.894427191,0.));
#9408 = ORIENTED_EDGE('',*,*,#9409,.F.);
#9409 = EDGE_CURVE('',#9410,#9402,#9412,.T.);
#9410 = VERTEX_POINT('',#9411);
#9411 = CARTESIAN_POINT('',(3.149544274915,4.5,0.));
#9412 = LINE('',#9413,#9414);
#9413 = CARTESIAN_POINT('',(29.,4.5,0.));
#9414 = VECTOR('',#9415,1.);
#9415 = DIRECTION('',(1.,1.0065916213E-16,-0.));
#9416 = ORIENTED_EDGE('',*,*,#9417,.F.);
#9417 = EDGE_CURVE('',#9418,#9410,#9420,.T.);
#9418 = VERTEX_POINT('',#9419);
#9419 = CARTESIAN_POINT('',(2.,6.5,0.));
#9420 = LINE('',#9421,#9422);
#9421 = CARTESIAN_POINT('',(2.,6.5,0.));
#9422 = VECTOR('',#9423,1.);
#9423 = DIRECTION('',(0.49832264918,-0.866991659311,0.));
#9424 = ORIENTED_EDGE('',*,*,#9425,.F.);
#9425 = EDGE_CURVE('',#9340,#9418,#9426,.T.);
#9426 = LINE('',#9427,#9428);
#9427 = CARTESIAN_POINT('',(0.,6.5,0.));
#9428 = VECTOR('',#9429,1.);
#9429 = DIRECTION('',(1.,0.,0.));
#9430 = ORIENTED_EDGE('',*,*,#9386,.T.);
#9431 = ORIENTED_EDGE('',*,*,#9432,.T.);
#9432 = EDGE_CURVE('',#9379,#9433,#9435,.T.);
#9433 = VERTEX_POINT('',#9434);
#9434 = CARTESIAN_POINT('',(32.,0.,0.));
#9435 = LINE('',#9436,#9437);
#9436 = CARTESIAN_POINT('',(0.,0.,0.));
#9437 = VECTOR('',#9438,1.);
#9438 = DIRECTION('',(1.,0.,0.));
#9439 = ORIENTED_EDGE('',*,*,#9440,.F.);
#9440 = EDGE_CURVE('',#9316,#9433,#9441,.T.);
#9441 = LINE('',#9442,#9443);
#9442 = CARTESIAN_POINT('',(32.,6.5,0.));
#9443 = VECTOR('',#9444,1.);
#9444 = DIRECTION('',(-0.,-1.,-0.));
#9445 = PLANE('',#9446);
#9446 = AXIS2_PLACEMENT_3D('',#9447,#9448,#9449);
#9447 = CARTESIAN_POINT('',(0.,6.5,0.));
#9448 = DIRECTION('',(0.,0.,-1.));
#9449 = DIRECTION('',(-1.,0.,-0.));
#9450 = ADVANCED_FACE('',(#9451),#9492,.F.);
#9451 = FACE_BOUND('',#9452,.T.);
#9452 = EDGE_LOOP('',(#9453,#9454,#9462,#9470,#9476,#9477,#9478,#9486));
#9453 = ORIENTED_EDGE('',*,*,#9259,.F.);
#9454 = ORIENTED_EDGE('',*,*,#9455,.F.);
#9455 = EDGE_CURVE('',#9456,#9252,#9458,.T.);
#9456 = VERTEX_POINT('',#9457);
#9457 = CARTESIAN_POINT('',(32.,4.5,-29.));
#9458 = LINE('',#9459,#9460);
#9459 = CARTESIAN_POINT('',(32.,4.5,-29.));
#9460 = VECTOR('',#9461,1.);
#9461 = DIRECTION('',(0.,0.894427191,-0.4472135955));
#9462 = ORIENTED_EDGE('',*,*,#9463,.F.);
#9463 = EDGE_CURVE('',#9464,#9456,#9466,.T.);
#9464 = VERTEX_POINT('',#9465);
#9465 = CARTESIAN_POINT('',(32.,4.5,-3.149544274915));
#9466 = LINE('',#9467,#9468);
#9467 = CARTESIAN_POINT('',(32.,4.5,-29.));
#9468 = VECTOR('',#9469,1.);
#9469 = DIRECTION('',(-0.,1.0065916213E-16,-1.));
#9470 = ORIENTED_EDGE('',*,*,#9471,.F.);
#9471 = EDGE_CURVE('',#9284,#9464,#9472,.T.);
#9472 = LINE('',#9473,#9474);
#9473 = CARTESIAN_POINT('',(32.,6.5,-2.));
#9474 = VECTOR('',#9475,1.);
#9475 = DIRECTION('',(0.,-0.866991659311,-0.49832264918));
#9476 = ORIENTED_EDGE('',*,*,#9323,.F.);
#9477 = ORIENTED_EDGE('',*,*,#9440,.T.);
#9478 = ORIENTED_EDGE('',*,*,#9479,.T.);
#9479 = EDGE_CURVE('',#9433,#9480,#9482,.T.);
#9480 = VERTEX_POINT('',#9481);
#9481 = CARTESIAN_POINT('',(32.,0.,-32.));
#9482 = LINE('',#9483,#9484);
#9483 = CARTESIAN_POINT('',(32.,0.,0.));
#9484 = VECTOR('',#9485,1.);
#9485 = DIRECTION('',(0.,0.,-1.));
#9486 = ORIENTED_EDGE('',*,*,#9487,.F.);
#9487 = EDGE_CURVE('',#9260,#9480,#9488,.T.);
#9488 = LINE('',#9489,#9490);
#9489 = CARTESIAN_POINT('',(32.,6.5,-32.));
#9490 = VECTOR('',#9491,1.);
#9491 = DIRECTION('',(-0.,-1.,-0.));
#9492 = PLANE('',#9493);
#9493 = AXIS2_PLACEMENT_3D('',#9494,#9495,#9496);
#9494 = CARTESIAN_POINT('',(32.,6.5,0.));
#9495 = DIRECTION('',(-1.,0.,0.));
#9496 = DIRECTION('',(0.,0.,1.));
#9497 = ADVANCED_FACE('',(#9498),#9549,.F.);
#9498 = FACE_BOUND('',#9499,.T.);
#9499 = EDGE_LOOP('',(#9500,#9501,#9509,#9517,#9526,#9534,#9540,#9541,
    #9542,#9548));
#9500 = ORIENTED_EDGE('',*,*,#9203,.F.);
#9501 = ORIENTED_EDGE('',*,*,#9502,.F.);
#9502 = EDGE_CURVE('',#9503,#9196,#9505,.T.);
#9503 = VERTEX_POINT('',#9504);
#9504 = CARTESIAN_POINT('',(3.,4.5,-32.));
#9505 = LINE('',#9506,#9507);
#9506 = CARTESIAN_POINT('',(3.,4.5,-32.));
#9507 = VECTOR('',#9508,1.);
#9508 = DIRECTION('',(-0.4472135955,0.894427191,0.));
#9509 = ORIENTED_EDGE('',*,*,#9510,.F.);
#9510 = EDGE_CURVE('',#9511,#9503,#9513,.T.);
#9511 = VERTEX_POINT('',#9512);
#9512 = CARTESIAN_POINT('',(15.000402653171,4.5,-32.));
#9513 = LINE('',#9514,#9515);
#9514 = CARTESIAN_POINT('',(15.000402653171,4.5,-32.));
#9515 = VECTOR('',#9516,1.);
#9516 = DIRECTION('',(-1.,1.445554391892E-16,0.));
#9517 = ORIENTED_EDGE('',*,*,#9518,.F.);
#9518 = EDGE_CURVE('',#9519,#9511,#9521,.T.);
#9519 = VERTEX_POINT('',#9520);
#9520 = CARTESIAN_POINT('',(16.999597346829,4.5,-32.));
#9521 = CIRCLE('',#9522,0.999597346829);
#9522 = AXIS2_PLACEMENT_3D('',#9523,#9524,#9525);
#9523 = CARTESIAN_POINT('',(16.,4.5,-32.));
#9524 = DIRECTION('',(0.,-0.,1.));
#9525 = DIRECTION('',(1.,0.,0.));
#9526 = ORIENTED_EDGE('',*,*,#9527,.F.);
#9527 = EDGE_CURVE('',#9528,#9519,#9530,.T.);
#9528 = VERTEX_POINT('',#9529);
#9529 = CARTESIAN_POINT('',(29.,4.5,-32.));
#9530 = LINE('',#9531,#9532);
#9531 = CARTESIAN_POINT('',(16.999597346829,4.5,-32.));
#9532 = VECTOR('',#9533,1.);
#9533 = DIRECTION('',(-1.,1.445554391892E-16,-0.));
#9534 = ORIENTED_EDGE('',*,*,#9535,.F.);
#9535 = EDGE_CURVE('',#9228,#9528,#9536,.T.);
#9536 = LINE('',#9537,#9538);
#9537 = CARTESIAN_POINT('',(29.,4.5,-32.));
#9538 = VECTOR('',#9539,1.);
#9539 = DIRECTION('',(-0.4472135955,-0.894427191,-0.));
#9540 = ORIENTED_EDGE('',*,*,#9267,.F.);
#9541 = ORIENTED_EDGE('',*,*,#9487,.T.);
#9542 = ORIENTED_EDGE('',*,*,#9543,.T.);
#9543 = EDGE_CURVE('',#9480,#9371,#9544,.T.);
#9544 = LINE('',#9545,#9546);
#9545 = CARTESIAN_POINT('',(0.,0.,-32.));
#9546 = VECTOR('',#9547,1.);
#9547 = DIRECTION('',(-1.,-0.,-0.));
#9548 = ORIENTED_EDGE('',*,*,#9370,.F.);
#9549 = PLANE('',#9550);
#9550 = AXIS2_PLACEMENT_3D('',#9551,#9552,#9553);
#9551 = CARTESIAN_POINT('',(0.,6.5,-32.));
#9552 = DIRECTION('',(0.,0.,1.));
#9553 = DIRECTION('',(1.,0.,-0.));
#9554 = ADVANCED_FACE('',(#9555),#9589,.F.);
#9555 = FACE_BOUND('',#9556,.T.);
#9556 = EDGE_LOOP('',(#9557,#9567,#9575,#9581,#9582,#9583));
#9557 = ORIENTED_EDGE('',*,*,#9558,.F.);
#9558 = EDGE_CURVE('',#9559,#9561,#9563,.T.);
#9559 = VERTEX_POINT('',#9560);
#9560 = CARTESIAN_POINT('',(0.2,6.5,-0.2));
#9561 = VERTEX_POINT('',#9562);
#9562 = CARTESIAN_POINT('',(2.,6.5,-0.2));
#9563 = LINE('',#9564,#9565);
#9564 = CARTESIAN_POINT('',(0.2,6.5,-0.2));
#9565 = VECTOR('',#9566,1.);
#9566 = DIRECTION('',(1.,0.,0.));
#9567 = ORIENTED_EDGE('',*,*,#9568,.F.);
#9568 = EDGE_CURVE('',#9569,#9559,#9571,.T.);
#9569 = VERTEX_POINT('',#9570);
#9570 = CARTESIAN_POINT('',(0.2,6.5,-2.));
#9571 = LINE('',#9572,#9573);
#9572 = CARTESIAN_POINT('',(0.2,6.5,-0.2));
#9573 = VECTOR('',#9574,1.);
#9574 = DIRECTION('',(-0.,-0.,1.));
#9575 = ORIENTED_EDGE('',*,*,#9576,.T.);
#9576 = EDGE_CURVE('',#9569,#9338,#9577,.T.);
#9577 = LINE('',#9578,#9579);
#9578 = CARTESIAN_POINT('',(0.2,6.5,-2.));
#9579 = VECTOR('',#9580,1.);
#9580 = DIRECTION('',(-1.,-0.,-0.));
#9581 = ORIENTED_EDGE('',*,*,#9337,.T.);
#9582 = ORIENTED_EDGE('',*,*,#9425,.T.);
#9583 = ORIENTED_EDGE('',*,*,#9584,.F.);
#9584 = EDGE_CURVE('',#9561,#9418,#9585,.T.);
#9585 = LINE('',#9586,#9587);
#9586 = CARTESIAN_POINT('',(2.,6.5,-0.2));
#9587 = VECTOR('',#9588,1.);
#9588 = DIRECTION('',(-0.,-0.,1.));
#9589 = PLANE('',#9590);
#9590 = AXIS2_PLACEMENT_3D('',#9591,#9592,#9593);
#9591 = CARTESIAN_POINT('',(0.,6.5,0.));
#9592 = DIRECTION('',(0.,-1.,0.));
#9593 = DIRECTION('',(0.,-0.,-1.));
#9594 = ADVANCED_FACE('',(#9595,#9605,#9615,#9625,#9635,#9645,#9655,
    #9665,#9675,#9685,#9695,#9705,#9715,#9725,#9735,#9745,#9755,#9765,
    #9775,#9785,#9795,#9805,#9815,#9825,#9835,#9845,#9855,#9865,#9875,
    #9885,#9895,#9905,#9915,#9925,#9935,#9945,#9955,#9965,#9975,#9985,
    #9995,#10005,#10015,#10025,#10035,#10045,#10055,#10065,#10075,#10085
    ,#10095,#10105,#10115,#10125,#10135,#10145,#10155,#10165,#10175,
    #10185,#10195,#10205,#10215,#10225,#10235),#10241,.T.);
#9595 = FACE_BOUND('',#9596,.T.);
#9596 = EDGE_LOOP('',(#9597,#9604));
#9597 = ORIENTED_EDGE('',*,*,#9598,.F.);
#9598 = EDGE_CURVE('',#5846,#5854,#9599,.T.);
#9599 = CIRCLE('',#9600,1.5);
#9600 = AXIS2_PLACEMENT_3D('',#9601,#9602,#9603);
#9601 = CARTESIAN_POINT('',(30.,0.,-22.));
#9602 = DIRECTION('',(0.,-1.,0.));
#9603 = DIRECTION('',(0.,0.,-1.));
#9604 = ORIENTED_EDGE('',*,*,#5853,.F.);
#9605 = FACE_BOUND('',#9606,.T.);
#9606 = EDGE_LOOP('',(#9607,#9614));
#9607 = ORIENTED_EDGE('',*,*,#9608,.F.);
#9608 = EDGE_CURVE('',#5888,#5896,#9609,.T.);
#9609 = CIRCLE('',#9610,1.5);
#9610 = AXIS2_PLACEMENT_3D('',#9611,#9612,#9613);
#9611 = CARTESIAN_POINT('',(6.,0.,-18.));
#9612 = DIRECTION('',(0.,-1.,0.));
#9613 = DIRECTION('',(0.,0.,-1.));
#9614 = ORIENTED_EDGE('',*,*,#5895,.F.);
#9615 = FACE_BOUND('',#9616,.T.);
#9616 = EDGE_LOOP('',(#9617,#9624));
#9617 = ORIENTED_EDGE('',*,*,#9618,.F.);
#9618 = EDGE_CURVE('',#5930,#5938,#9619,.T.);
#9619 = CIRCLE('',#9620,1.5);
#9620 = AXIS2_PLACEMENT_3D('',#9621,#9622,#9623);
#9621 = CARTESIAN_POINT('',(10.,0.,-18.));
#9622 = DIRECTION('',(0.,-1.,0.));
#9623 = DIRECTION('',(0.,0.,-1.));
#9624 = ORIENTED_EDGE('',*,*,#5937,.F.);
#9625 = FACE_BOUND('',#9626,.T.);
#9626 = EDGE_LOOP('',(#9627,#9634));
#9627 = ORIENTED_EDGE('',*,*,#9628,.F.);
#9628 = EDGE_CURVE('',#5972,#5980,#9629,.T.);
#9629 = CIRCLE('',#9630,1.5);
#9630 = AXIS2_PLACEMENT_3D('',#9631,#9632,#9633);
#9631 = CARTESIAN_POINT('',(14.,0.,-18.));
#9632 = DIRECTION('',(0.,-1.,0.));
#9633 = DIRECTION('',(0.,0.,-1.));
#9634 = ORIENTED_EDGE('',*,*,#5979,.F.);
#9635 = FACE_BOUND('',#9636,.T.);
#9636 = EDGE_LOOP('',(#9637,#9644));
#9637 = ORIENTED_EDGE('',*,*,#9638,.F.);
#9638 = EDGE_CURVE('',#6014,#6022,#9639,.T.);
#9639 = CIRCLE('',#9640,1.5);
#9640 = AXIS2_PLACEMENT_3D('',#9641,#9642,#9643);
#9641 = CARTESIAN_POINT('',(26.,0.,-22.));
#9642 = DIRECTION('',(0.,-1.,0.));
#9643 = DIRECTION('',(0.,0.,-1.));
#9644 = ORIENTED_EDGE('',*,*,#6021,.F.);
#9645 = FACE_BOUND('',#9646,.T.);
#9646 = EDGE_LOOP('',(#9647,#9654));
#9647 = ORIENTED_EDGE('',*,*,#9648,.F.);
#9648 = EDGE_CURVE('',#6056,#6064,#9649,.T.);
#9649 = CIRCLE('',#9650,1.5);
#9650 = AXIS2_PLACEMENT_3D('',#9651,#9652,#9653);
#9651 = CARTESIAN_POINT('',(22.,0.,-22.));
#9652 = DIRECTION('',(0.,-1.,0.));
#9653 = DIRECTION('',(0.,0.,-1.));
#9654 = ORIENTED_EDGE('',*,*,#6063,.F.);
#9655 = FACE_BOUND('',#9656,.T.);
#9656 = EDGE_LOOP('',(#9657,#9664));
#9657 = ORIENTED_EDGE('',*,*,#9658,.F.);
#9658 = EDGE_CURVE('',#6098,#6106,#9659,.T.);
#9659 = CIRCLE('',#9660,1.5);
#9660 = AXIS2_PLACEMENT_3D('',#9661,#9662,#9663);
#9661 = CARTESIAN_POINT('',(18.,0.,-22.));
#9662 = DIRECTION('',(0.,-1.,0.));
#9663 = DIRECTION('',(0.,0.,-1.));
#9664 = ORIENTED_EDGE('',*,*,#6105,.F.);
#9665 = FACE_BOUND('',#9666,.T.);
#9666 = EDGE_LOOP('',(#9667,#9674));
#9667 = ORIENTED_EDGE('',*,*,#9668,.F.);
#9668 = EDGE_CURVE('',#6140,#6148,#9669,.T.);
#9669 = CIRCLE('',#9670,1.5);
#9670 = AXIS2_PLACEMENT_3D('',#9671,#9672,#9673);
#9671 = CARTESIAN_POINT('',(14.,0.,-22.));
#9672 = DIRECTION('',(0.,-1.,0.));
#9673 = DIRECTION('',(0.,0.,-1.));
#9674 = ORIENTED_EDGE('',*,*,#6147,.F.);
#9675 = FACE_BOUND('',#9676,.T.);
#9676 = EDGE_LOOP('',(#9677,#9684));
#9677 = ORIENTED_EDGE('',*,*,#9678,.F.);
#9678 = EDGE_CURVE('',#5804,#5812,#9679,.T.);
#9679 = CIRCLE('',#9680,1.5);
#9680 = AXIS2_PLACEMENT_3D('',#9681,#9682,#9683);
#9681 = CARTESIAN_POINT('',(18.,0.,-18.));
#9682 = DIRECTION('',(0.,-1.,0.));
#9683 = DIRECTION('',(0.,0.,-1.));
#9684 = ORIENTED_EDGE('',*,*,#5811,.F.);
#9685 = FACE_BOUND('',#9686,.T.);
#9686 = EDGE_LOOP('',(#9687,#9694));
#9687 = ORIENTED_EDGE('',*,*,#9688,.F.);
#9688 = EDGE_CURVE('',#6182,#6190,#9689,.T.);
#9689 = CIRCLE('',#9690,1.5);
#9690 = AXIS2_PLACEMENT_3D('',#9691,#9692,#9693);
#9691 = CARTESIAN_POINT('',(22.,0.,-18.));
#9692 = DIRECTION('',(0.,-1.,0.));
#9693 = DIRECTION('',(0.,0.,-1.));
#9694 = ORIENTED_EDGE('',*,*,#6189,.F.);
#9695 = FACE_BOUND('',#9696,.T.);
#9696 = EDGE_LOOP('',(#9697,#9704));
#9697 = ORIENTED_EDGE('',*,*,#9698,.F.);
#9698 = EDGE_CURVE('',#6224,#6232,#9699,.T.);
#9699 = CIRCLE('',#9700,1.5);
#9700 = AXIS2_PLACEMENT_3D('',#9701,#9702,#9703);
#9701 = CARTESIAN_POINT('',(26.,0.,-18.));
#9702 = DIRECTION('',(0.,-1.,0.));
#9703 = DIRECTION('',(0.,0.,-1.));
#9704 = ORIENTED_EDGE('',*,*,#6231,.F.);
#9705 = FACE_BOUND('',#9706,.T.);
#9706 = EDGE_LOOP('',(#9707,#9714));
#9707 = ORIENTED_EDGE('',*,*,#9708,.F.);
#9708 = EDGE_CURVE('',#6266,#6274,#9709,.T.);
#9709 = CIRCLE('',#9710,1.5);
#9710 = AXIS2_PLACEMENT_3D('',#9711,#9712,#9713);
#9711 = CARTESIAN_POINT('',(30.,0.,-18.));
#9712 = DIRECTION('',(0.,-1.,0.));
#9713 = DIRECTION('',(0.,0.,-1.));
#9714 = ORIENTED_EDGE('',*,*,#6273,.F.);
#9715 = FACE_BOUND('',#9716,.T.);
#9716 = EDGE_LOOP('',(#9717,#9724));
#9717 = ORIENTED_EDGE('',*,*,#9718,.F.);
#9718 = EDGE_CURVE('',#6308,#6316,#9719,.T.);
#9719 = CIRCLE('',#9720,1.5);
#9720 = AXIS2_PLACEMENT_3D('',#9721,#9722,#9723);
#9721 = CARTESIAN_POINT('',(6.,0.,-14.));
#9722 = DIRECTION('',(0.,-1.,0.));
#9723 = DIRECTION('',(0.,0.,-1.));
#9724 = ORIENTED_EDGE('',*,*,#6315,.F.);
#9725 = FACE_BOUND('',#9726,.T.);
#9726 = EDGE_LOOP('',(#9727,#9734));
#9727 = ORIENTED_EDGE('',*,*,#9728,.F.);
#9728 = EDGE_CURVE('',#6350,#6358,#9729,.T.);
#9729 = CIRCLE('',#9730,1.5);
#9730 = AXIS2_PLACEMENT_3D('',#9731,#9732,#9733);
#9731 = CARTESIAN_POINT('',(10.,0.,-14.));
#9732 = DIRECTION('',(0.,-1.,0.));
#9733 = DIRECTION('',(0.,0.,-1.));
#9734 = ORIENTED_EDGE('',*,*,#6357,.F.);
#9735 = FACE_BOUND('',#9736,.T.);
#9736 = EDGE_LOOP('',(#9737,#9744));
#9737 = ORIENTED_EDGE('',*,*,#9738,.F.);
#9738 = EDGE_CURVE('',#6392,#6400,#9739,.T.);
#9739 = CIRCLE('',#9740,1.5);
#9740 = AXIS2_PLACEMENT_3D('',#9741,#9742,#9743);
#9741 = CARTESIAN_POINT('',(14.,0.,-14.));
#9742 = DIRECTION('',(0.,-1.,0.));
#9743 = DIRECTION('',(0.,0.,-1.));
#9744 = ORIENTED_EDGE('',*,*,#6399,.F.);
#9745 = FACE_BOUND('',#9746,.T.);
#9746 = EDGE_LOOP('',(#9747,#9754));
#9747 = ORIENTED_EDGE('',*,*,#9748,.F.);
#9748 = EDGE_CURVE('',#6434,#6442,#9749,.T.);
#9749 = CIRCLE('',#9750,1.5);
#9750 = AXIS2_PLACEMENT_3D('',#9751,#9752,#9753);
#9751 = CARTESIAN_POINT('',(18.,0.,-14.));
#9752 = DIRECTION('',(0.,-1.,0.));
#9753 = DIRECTION('',(0.,0.,-1.));
#9754 = ORIENTED_EDGE('',*,*,#6441,.F.);
#9755 = FACE_BOUND('',#9756,.T.);
#9756 = EDGE_LOOP('',(#9757,#9764));
#9757 = ORIENTED_EDGE('',*,*,#9758,.F.);
#9758 = EDGE_CURVE('',#6476,#6484,#9759,.T.);
#9759 = CIRCLE('',#9760,1.5);
#9760 = AXIS2_PLACEMENT_3D('',#9761,#9762,#9763);
#9761 = CARTESIAN_POINT('',(22.,0.,-30.));
#9762 = DIRECTION('',(0.,-1.,0.));
#9763 = DIRECTION('',(0.,0.,-1.));
#9764 = ORIENTED_EDGE('',*,*,#6483,.F.);
#9765 = FACE_BOUND('',#9766,.T.);
#9766 = EDGE_LOOP('',(#9767,#9774));
#9767 = ORIENTED_EDGE('',*,*,#9768,.F.);
#9768 = EDGE_CURVE('',#6518,#6526,#9769,.T.);
#9769 = CIRCLE('',#9770,1.5);
#9770 = AXIS2_PLACEMENT_3D('',#9771,#9772,#9773);
#9771 = CARTESIAN_POINT('',(26.,0.,-30.));
#9772 = DIRECTION('',(0.,-1.,0.));
#9773 = DIRECTION('',(0.,0.,-1.));
#9774 = ORIENTED_EDGE('',*,*,#6525,.F.);
#9775 = FACE_BOUND('',#9776,.T.);
#9776 = EDGE_LOOP('',(#9777,#9784));
#9777 = ORIENTED_EDGE('',*,*,#9778,.F.);
#9778 = EDGE_CURVE('',#6560,#6568,#9779,.T.);
#9779 = CIRCLE('',#9780,1.5);
#9780 = AXIS2_PLACEMENT_3D('',#9781,#9782,#9783);
#9781 = CARTESIAN_POINT('',(30.,0.,-30.));
#9782 = DIRECTION('',(0.,-1.,0.));
#9783 = DIRECTION('',(0.,0.,-1.));
#9784 = ORIENTED_EDGE('',*,*,#6567,.F.);
#9785 = FACE_BOUND('',#9786,.T.);
#9786 = EDGE_LOOP('',(#9787,#9794));
#9787 = ORIENTED_EDGE('',*,*,#9788,.F.);
#9788 = EDGE_CURVE('',#6602,#6610,#9789,.T.);
#9789 = CIRCLE('',#9790,1.5);
#9790 = AXIS2_PLACEMENT_3D('',#9791,#9792,#9793);
#9791 = CARTESIAN_POINT('',(6.,0.,-26.));
#9792 = DIRECTION('',(0.,-1.,0.));
#9793 = DIRECTION('',(0.,0.,-1.));
#9794 = ORIENTED_EDGE('',*,*,#6609,.F.);
#9795 = FACE_BOUND('',#9796,.T.);
#9796 = EDGE_LOOP('',(#9797,#9804));
#9797 = ORIENTED_EDGE('',*,*,#9798,.F.);
#9798 = EDGE_CURVE('',#6644,#6652,#9799,.T.);
#9799 = CIRCLE('',#9800,1.5);
#9800 = AXIS2_PLACEMENT_3D('',#9801,#9802,#9803);
#9801 = CARTESIAN_POINT('',(18.,0.,-30.));
#9802 = DIRECTION('',(0.,-1.,0.));
#9803 = DIRECTION('',(0.,0.,-1.));
#9804 = ORIENTED_EDGE('',*,*,#6651,.F.);
#9805 = FACE_BOUND('',#9806,.T.);
#9806 = EDGE_LOOP('',(#9807,#9814));
#9807 = ORIENTED_EDGE('',*,*,#9808,.F.);
#9808 = EDGE_CURVE('',#6686,#6694,#9809,.T.);
#9809 = CIRCLE('',#9810,1.5);
#9810 = AXIS2_PLACEMENT_3D('',#9811,#9812,#9813);
#9811 = CARTESIAN_POINT('',(14.,0.,-30.));
#9812 = DIRECTION('',(0.,-1.,0.));
#9813 = DIRECTION('',(0.,0.,-1.));
#9814 = ORIENTED_EDGE('',*,*,#6693,.F.);
#9815 = FACE_BOUND('',#9816,.T.);
#9816 = EDGE_LOOP('',(#9817,#9824));
#9817 = ORIENTED_EDGE('',*,*,#9818,.F.);
#9818 = EDGE_CURVE('',#6728,#6736,#9819,.T.);
#9819 = CIRCLE('',#9820,1.5);
#9820 = AXIS2_PLACEMENT_3D('',#9821,#9822,#9823);
#9821 = CARTESIAN_POINT('',(10.,0.,-30.));
#9822 = DIRECTION('',(0.,-1.,0.));
#9823 = DIRECTION('',(0.,0.,-1.));
#9824 = ORIENTED_EDGE('',*,*,#6735,.F.);
#9825 = FACE_BOUND('',#9826,.T.);
#9826 = EDGE_LOOP('',(#9827,#9834));
#9827 = ORIENTED_EDGE('',*,*,#9828,.F.);
#9828 = EDGE_CURVE('',#6770,#6778,#9829,.T.);
#9829 = CIRCLE('',#9830,1.5);
#9830 = AXIS2_PLACEMENT_3D('',#9831,#9832,#9833);
#9831 = CARTESIAN_POINT('',(6.,0.,-30.));
#9832 = DIRECTION('',(0.,-1.,0.));
#9833 = DIRECTION('',(0.,0.,-1.));
#9834 = ORIENTED_EDGE('',*,*,#6777,.F.);
#9835 = FACE_BOUND('',#9836,.T.);
#9836 = EDGE_LOOP('',(#9837,#9844));
#9837 = ORIENTED_EDGE('',*,*,#9838,.F.);
#9838 = EDGE_CURVE('',#6812,#6820,#9839,.T.);
#9839 = CIRCLE('',#9840,1.5);
#9840 = AXIS2_PLACEMENT_3D('',#9841,#9842,#9843);
#9841 = CARTESIAN_POINT('',(10.,0.,-22.));
#9842 = DIRECTION('',(0.,-1.,0.));
#9843 = DIRECTION('',(0.,0.,-1.));
#9844 = ORIENTED_EDGE('',*,*,#6819,.F.);
#9845 = FACE_BOUND('',#9846,.T.);
#9846 = EDGE_LOOP('',(#9847,#9854));
#9847 = ORIENTED_EDGE('',*,*,#9848,.F.);
#9848 = EDGE_CURVE('',#6854,#6862,#9849,.T.);
#9849 = CIRCLE('',#9850,1.5);
#9850 = AXIS2_PLACEMENT_3D('',#9851,#9852,#9853);
#9851 = CARTESIAN_POINT('',(6.,0.,-22.));
#9852 = DIRECTION('',(0.,-1.,0.));
#9853 = DIRECTION('',(0.,0.,-1.));
#9854 = ORIENTED_EDGE('',*,*,#6861,.F.);
#9855 = FACE_BOUND('',#9856,.T.);
#9856 = EDGE_LOOP('',(#9857,#9864));
#9857 = ORIENTED_EDGE('',*,*,#9858,.F.);
#9858 = EDGE_CURVE('',#6896,#6904,#9859,.T.);
#9859 = CIRCLE('',#9860,1.5);
#9860 = AXIS2_PLACEMENT_3D('',#9861,#9862,#9863);
#9861 = CARTESIAN_POINT('',(30.,0.,-26.));
#9862 = DIRECTION('',(0.,-1.,0.));
#9863 = DIRECTION('',(0.,0.,-1.));
#9864 = ORIENTED_EDGE('',*,*,#6903,.F.);
#9865 = FACE_BOUND('',#9866,.T.);
#9866 = EDGE_LOOP('',(#9867,#9874));
#9867 = ORIENTED_EDGE('',*,*,#9868,.F.);
#9868 = EDGE_CURVE('',#6938,#6946,#9869,.T.);
#9869 = CIRCLE('',#9870,1.5);
#9870 = AXIS2_PLACEMENT_3D('',#9871,#9872,#9873);
#9871 = CARTESIAN_POINT('',(26.,0.,-26.));
#9872 = DIRECTION('',(0.,-1.,0.));
#9873 = DIRECTION('',(0.,0.,-1.));
#9874 = ORIENTED_EDGE('',*,*,#6945,.F.);
#9875 = FACE_BOUND('',#9876,.T.);
#9876 = EDGE_LOOP('',(#9877,#9884));
#9877 = ORIENTED_EDGE('',*,*,#9878,.F.);
#9878 = EDGE_CURVE('',#6980,#6988,#9879,.T.);
#9879 = CIRCLE('',#9880,1.5);
#9880 = AXIS2_PLACEMENT_3D('',#9881,#9882,#9883);
#9881 = CARTESIAN_POINT('',(22.,0.,-26.));
#9882 = DIRECTION('',(0.,-1.,0.));
#9883 = DIRECTION('',(0.,0.,-1.));
#9884 = ORIENTED_EDGE('',*,*,#6987,.F.);
#9885 = FACE_BOUND('',#9886,.T.);
#9886 = EDGE_LOOP('',(#9887,#9894));
#9887 = ORIENTED_EDGE('',*,*,#9888,.F.);
#9888 = EDGE_CURVE('',#7022,#7030,#9889,.T.);
#9889 = CIRCLE('',#9890,1.5);
#9890 = AXIS2_PLACEMENT_3D('',#9891,#9892,#9893);
#9891 = CARTESIAN_POINT('',(18.,0.,-26.));
#9892 = DIRECTION('',(0.,-1.,0.));
#9893 = DIRECTION('',(0.,0.,-1.));
#9894 = ORIENTED_EDGE('',*,*,#7029,.F.);
#9895 = FACE_BOUND('',#9896,.T.);
#9896 = EDGE_LOOP('',(#9897,#9904));
#9897 = ORIENTED_EDGE('',*,*,#9898,.F.);
#9898 = EDGE_CURVE('',#7064,#7072,#9899,.T.);
#9899 = CIRCLE('',#9900,1.5);
#9900 = AXIS2_PLACEMENT_3D('',#9901,#9902,#9903);
#9901 = CARTESIAN_POINT('',(14.,0.,-26.));
#9902 = DIRECTION('',(0.,-1.,0.));
#9903 = DIRECTION('',(0.,0.,-1.));
#9904 = ORIENTED_EDGE('',*,*,#7071,.F.);
#9905 = FACE_BOUND('',#9906,.T.);
#9906 = EDGE_LOOP('',(#9907,#9914));
#9907 = ORIENTED_EDGE('',*,*,#9908,.F.);
#9908 = EDGE_CURVE('',#7106,#7114,#9909,.T.);
#9909 = CIRCLE('',#9910,1.5);
#9910 = AXIS2_PLACEMENT_3D('',#9911,#9912,#9913);
#9911 = CARTESIAN_POINT('',(10.,0.,-26.));
#9912 = DIRECTION('',(0.,-1.,0.));
#9913 = DIRECTION('',(0.,0.,-1.));
#9914 = ORIENTED_EDGE('',*,*,#7113,.F.);
#9915 = FACE_BOUND('',#9916,.T.);
#9916 = EDGE_LOOP('',(#9917,#9924));
#9917 = ORIENTED_EDGE('',*,*,#9918,.F.);
#9918 = EDGE_CURVE('',#7148,#7156,#9919,.T.);
#9919 = CIRCLE('',#9920,1.5);
#9920 = AXIS2_PLACEMENT_3D('',#9921,#9922,#9923);
#9921 = CARTESIAN_POINT('',(2.,0.,-2.));
#9922 = DIRECTION('',(0.,-1.,0.));
#9923 = DIRECTION('',(0.,0.,-1.));
#9924 = ORIENTED_EDGE('',*,*,#7155,.F.);
#9925 = FACE_BOUND('',#9926,.T.);
#9926 = EDGE_LOOP('',(#9927,#9934));
#9927 = ORIENTED_EDGE('',*,*,#9928,.F.);
#9928 = EDGE_CURVE('',#7190,#7198,#9929,.T.);
#9929 = CIRCLE('',#9930,1.5);
#9930 = AXIS2_PLACEMENT_3D('',#9931,#9932,#9933);
#9931 = CARTESIAN_POINT('',(2.,0.,-6.));
#9932 = DIRECTION('',(0.,-1.,0.));
#9933 = DIRECTION('',(0.,0.,-1.));
#9934 = ORIENTED_EDGE('',*,*,#7197,.F.);
#9935 = FACE_BOUND('',#9936,.T.);
#9936 = EDGE_LOOP('',(#9937,#9944));
#9937 = ORIENTED_EDGE('',*,*,#9938,.F.);
#9938 = EDGE_CURVE('',#7232,#7240,#9939,.T.);
#9939 = CIRCLE('',#9940,1.5);
#9940 = AXIS2_PLACEMENT_3D('',#9941,#9942,#9943);
#9941 = CARTESIAN_POINT('',(2.,0.,-10.));
#9942 = DIRECTION('',(0.,-1.,0.));
#9943 = DIRECTION('',(0.,0.,-1.));
#9944 = ORIENTED_EDGE('',*,*,#7239,.F.);
#9945 = FACE_BOUND('',#9946,.T.);
#9946 = EDGE_LOOP('',(#9947,#9954));
#9947 = ORIENTED_EDGE('',*,*,#9948,.F.);
#9948 = EDGE_CURVE('',#7274,#7282,#9949,.T.);
#9949 = CIRCLE('',#9950,1.5);
#9950 = AXIS2_PLACEMENT_3D('',#9951,#9952,#9953);
#9951 = CARTESIAN_POINT('',(2.,0.,-14.));
#9952 = DIRECTION('',(0.,-1.,0.));
#9953 = DIRECTION('',(0.,0.,-1.));
#9954 = ORIENTED_EDGE('',*,*,#7281,.F.);
#9955 = FACE_BOUND('',#9956,.T.);
#9956 = EDGE_LOOP('',(#9957,#9964));
#9957 = ORIENTED_EDGE('',*,*,#9958,.F.);
#9958 = EDGE_CURVE('',#7316,#7324,#9959,.T.);
#9959 = CIRCLE('',#9960,1.5);
#9960 = AXIS2_PLACEMENT_3D('',#9961,#9962,#9963);
#9961 = CARTESIAN_POINT('',(2.,0.,-18.));
#9962 = DIRECTION('',(0.,-1.,0.));
#9963 = DIRECTION('',(0.,0.,-1.));
#9964 = ORIENTED_EDGE('',*,*,#7323,.F.);
#9965 = FACE_BOUND('',#9966,.T.);
#9966 = EDGE_LOOP('',(#9967,#9974));
#9967 = ORIENTED_EDGE('',*,*,#9968,.F.);
#9968 = EDGE_CURVE('',#7358,#7366,#9969,.T.);
#9969 = CIRCLE('',#9970,1.5);
#9970 = AXIS2_PLACEMENT_3D('',#9971,#9972,#9973);
#9971 = CARTESIAN_POINT('',(2.,0.,-22.));
#9972 = DIRECTION('',(0.,-1.,0.));
#9973 = DIRECTION('',(0.,0.,-1.));
#9974 = ORIENTED_EDGE('',*,*,#7365,.F.);
#9975 = FACE_BOUND('',#9976,.T.);
#9976 = EDGE_LOOP('',(#9977,#9984));
#9977 = ORIENTED_EDGE('',*,*,#9978,.F.);
#9978 = EDGE_CURVE('',#7400,#7408,#9979,.T.);
#9979 = CIRCLE('',#9980,1.5);
#9980 = AXIS2_PLACEMENT_3D('',#9981,#9982,#9983);
#9981 = CARTESIAN_POINT('',(2.,0.,-26.));
#9982 = DIRECTION('',(0.,-1.,0.));
#9983 = DIRECTION('',(0.,0.,-1.));
#9984 = ORIENTED_EDGE('',*,*,#7407,.F.);
#9985 = FACE_BOUND('',#9986,.T.);
#9986 = EDGE_LOOP('',(#9987,#9994));
#9987 = ORIENTED_EDGE('',*,*,#9988,.F.);
#9988 = EDGE_CURVE('',#7442,#7450,#9989,.T.);
#9989 = CIRCLE('',#9990,1.5);
#9990 = AXIS2_PLACEMENT_3D('',#9991,#9992,#9993);
#9991 = CARTESIAN_POINT('',(14.,0.,-2.));
#9992 = DIRECTION('',(0.,-1.,0.));
#9993 = DIRECTION('',(0.,0.,-1.));
#9994 = ORIENTED_EDGE('',*,*,#7449,.F.);
#9995 = FACE_BOUND('',#9996,.T.);
#9996 = EDGE_LOOP('',(#9997,#10004));
#9997 = ORIENTED_EDGE('',*,*,#9998,.F.);
#9998 = EDGE_CURVE('',#7484,#7492,#9999,.T.);
#9999 = CIRCLE('',#10000,1.5);
#10000 = AXIS2_PLACEMENT_3D('',#10001,#10002,#10003);
#10001 = CARTESIAN_POINT('',(10.,0.,-2.));
#10002 = DIRECTION('',(0.,-1.,0.));
#10003 = DIRECTION('',(0.,0.,-1.));
#10004 = ORIENTED_EDGE('',*,*,#7491,.F.);
#10005 = FACE_BOUND('',#10006,.T.);
#10006 = EDGE_LOOP('',(#10007,#10014));
#10007 = ORIENTED_EDGE('',*,*,#10008,.F.);
#10008 = EDGE_CURVE('',#7526,#7534,#10009,.T.);
#10009 = CIRCLE('',#10010,1.5);
#10010 = AXIS2_PLACEMENT_3D('',#10011,#10012,#10013);
#10011 = CARTESIAN_POINT('',(6.,0.,-2.));
#10012 = DIRECTION('',(0.,-1.,0.));
#10013 = DIRECTION('',(0.,0.,-1.));
#10014 = ORIENTED_EDGE('',*,*,#7533,.F.);
#10015 = FACE_BOUND('',#10016,.T.);
#10016 = EDGE_LOOP('',(#10017,#10024));
#10017 = ORIENTED_EDGE('',*,*,#10018,.F.);
#10018 = EDGE_CURVE('',#7568,#7576,#10019,.T.);
#10019 = CIRCLE('',#10020,1.5);
#10020 = AXIS2_PLACEMENT_3D('',#10021,#10022,#10023);
#10021 = CARTESIAN_POINT('',(30.,0.,-6.));
#10022 = DIRECTION('',(0.,-1.,0.));
#10023 = DIRECTION('',(0.,0.,-1.));
#10024 = ORIENTED_EDGE('',*,*,#7575,.F.);
#10025 = FACE_BOUND('',#10026,.T.);
#10026 = EDGE_LOOP('',(#10027,#10034));
#10027 = ORIENTED_EDGE('',*,*,#10028,.F.);
#10028 = EDGE_CURVE('',#7610,#7618,#10029,.T.);
#10029 = CIRCLE('',#10030,1.5);
#10030 = AXIS2_PLACEMENT_3D('',#10031,#10032,#10033);
#10031 = CARTESIAN_POINT('',(18.,0.,-2.));
#10032 = DIRECTION('',(0.,-1.,0.));
#10033 = DIRECTION('',(0.,0.,-1.));
#10034 = ORIENTED_EDGE('',*,*,#7617,.F.);
#10035 = FACE_BOUND('',#10036,.T.);
#10036 = EDGE_LOOP('',(#10037,#10044));
#10037 = ORIENTED_EDGE('',*,*,#10038,.F.);
#10038 = EDGE_CURVE('',#7652,#7660,#10039,.T.);
#10039 = CIRCLE('',#10040,1.5);
#10040 = AXIS2_PLACEMENT_3D('',#10041,#10042,#10043);
#10041 = CARTESIAN_POINT('',(22.,0.,-2.));
#10042 = DIRECTION('',(0.,-1.,0.));
#10043 = DIRECTION('',(0.,0.,-1.));
#10044 = ORIENTED_EDGE('',*,*,#7659,.F.);
#10045 = FACE_BOUND('',#10046,.T.);
#10046 = EDGE_LOOP('',(#10047,#10054));
#10047 = ORIENTED_EDGE('',*,*,#10048,.F.);
#10048 = EDGE_CURVE('',#7694,#7702,#10049,.T.);
#10049 = CIRCLE('',#10050,1.5);
#10050 = AXIS2_PLACEMENT_3D('',#10051,#10052,#10053);
#10051 = CARTESIAN_POINT('',(26.,0.,-2.));
#10052 = DIRECTION('',(0.,-1.,0.));
#10053 = DIRECTION('',(0.,0.,-1.));
#10054 = ORIENTED_EDGE('',*,*,#7701,.F.);
#10055 = FACE_BOUND('',#10056,.T.);
#10056 = EDGE_LOOP('',(#10057,#10064));
#10057 = ORIENTED_EDGE('',*,*,#10058,.F.);
#10058 = EDGE_CURVE('',#7736,#7744,#10059,.T.);
#10059 = CIRCLE('',#10060,1.5);
#10060 = AXIS2_PLACEMENT_3D('',#10061,#10062,#10063);
#10061 = CARTESIAN_POINT('',(30.,0.,-2.));
#10062 = DIRECTION('',(0.,-1.,0.));
#10063 = DIRECTION('',(0.,0.,-1.));
#10064 = ORIENTED_EDGE('',*,*,#7743,.F.);
#10065 = FACE_BOUND('',#10066,.T.);
#10066 = EDGE_LOOP('',(#10067,#10074));
#10067 = ORIENTED_EDGE('',*,*,#10068,.F.);
#10068 = EDGE_CURVE('',#7778,#7786,#10069,.T.);
#10069 = CIRCLE('',#10070,1.5);
#10070 = AXIS2_PLACEMENT_3D('',#10071,#10072,#10073);
#10071 = CARTESIAN_POINT('',(22.,0.,-10.));
#10072 = DIRECTION('',(0.,-1.,0.));
#10073 = DIRECTION('',(0.,0.,-1.));
#10074 = ORIENTED_EDGE('',*,*,#7785,.F.);
#10075 = FACE_BOUND('',#10076,.T.);
#10076 = EDGE_LOOP('',(#10077,#10084));
#10077 = ORIENTED_EDGE('',*,*,#10078,.F.);
#10078 = EDGE_CURVE('',#7820,#7828,#10079,.T.);
#10079 = CIRCLE('',#10080,1.5);
#10080 = AXIS2_PLACEMENT_3D('',#10081,#10082,#10083);
#10081 = CARTESIAN_POINT('',(18.,0.,-10.));
#10082 = DIRECTION('',(0.,-1.,0.));
#10083 = DIRECTION('',(0.,0.,-1.));
#10084 = ORIENTED_EDGE('',*,*,#7827,.F.);
#10085 = FACE_BOUND('',#10086,.T.);
#10086 = EDGE_LOOP('',(#10087,#10094));
#10087 = ORIENTED_EDGE('',*,*,#10088,.F.);
#10088 = EDGE_CURVE('',#7862,#7870,#10089,.T.);
#10089 = CIRCLE('',#10090,1.5);
#10090 = AXIS2_PLACEMENT_3D('',#10091,#10092,#10093);
#10091 = CARTESIAN_POINT('',(14.,0.,-10.));
#10092 = DIRECTION('',(0.,-1.,0.));
#10093 = DIRECTION('',(0.,0.,-1.));
#10094 = ORIENTED_EDGE('',*,*,#7869,.F.);
#10095 = FACE_BOUND('',#10096,.T.);
#10096 = EDGE_LOOP('',(#10097,#10104));
#10097 = ORIENTED_EDGE('',*,*,#10098,.F.);
#10098 = EDGE_CURVE('',#7904,#7912,#10099,.T.);
#10099 = CIRCLE('',#10100,1.5);
#10100 = AXIS2_PLACEMENT_3D('',#10101,#10102,#10103);
#10101 = CARTESIAN_POINT('',(10.,0.,-10.));
#10102 = DIRECTION('',(0.,-1.,0.));
#10103 = DIRECTION('',(0.,0.,-1.));
#10104 = ORIENTED_EDGE('',*,*,#7911,.F.);
#10105 = FACE_BOUND('',#10106,.T.);
#10106 = EDGE_LOOP('',(#10107,#10114));
#10107 = ORIENTED_EDGE('',*,*,#10108,.F.);
#10108 = EDGE_CURVE('',#7946,#7954,#10109,.T.);
#10109 = CIRCLE('',#10110,1.5);
#10110 = AXIS2_PLACEMENT_3D('',#10111,#10112,#10113);
#10111 = CARTESIAN_POINT('',(22.,0.,-14.));
#10112 = DIRECTION('',(0.,-1.,0.));
#10113 = DIRECTION('',(0.,0.,-1.));
#10114 = ORIENTED_EDGE('',*,*,#7953,.F.);
#10115 = FACE_BOUND('',#10116,.T.);
#10116 = EDGE_LOOP('',(#10117,#10124));
#10117 = ORIENTED_EDGE('',*,*,#10118,.F.);
#10118 = EDGE_CURVE('',#7988,#7996,#10119,.T.);
#10119 = CIRCLE('',#10120,1.5);
#10120 = AXIS2_PLACEMENT_3D('',#10121,#10122,#10123);
#10121 = CARTESIAN_POINT('',(26.,0.,-14.));
#10122 = DIRECTION('',(0.,-1.,0.));
#10123 = DIRECTION('',(0.,0.,-1.));
#10124 = ORIENTED_EDGE('',*,*,#7995,.F.);
#10125 = FACE_BOUND('',#10126,.T.);
#10126 = EDGE_LOOP('',(#10127,#10134));
#10127 = ORIENTED_EDGE('',*,*,#10128,.F.);
#10128 = EDGE_CURVE('',#8030,#8038,#10129,.T.);
#10129 = CIRCLE('',#10130,1.5);
#10130 = AXIS2_PLACEMENT_3D('',#10131,#10132,#10133);
#10131 = CARTESIAN_POINT('',(30.,0.,-14.));
#10132 = DIRECTION('',(0.,-1.,0.));
#10133 = DIRECTION('',(0.,0.,-1.));
#10134 = ORIENTED_EDGE('',*,*,#8037,.F.);
#10135 = FACE_BOUND('',#10136,.T.);
#10136 = EDGE_LOOP('',(#10137,#10144));
#10137 = ORIENTED_EDGE('',*,*,#10138,.F.);
#10138 = EDGE_CURVE('',#8072,#8080,#10139,.T.);
#10139 = CIRCLE('',#10140,1.5);
#10140 = AXIS2_PLACEMENT_3D('',#10141,#10142,#10143);
#10141 = CARTESIAN_POINT('',(6.,0.,-10.));
#10142 = DIRECTION('',(0.,-1.,0.));
#10143 = DIRECTION('',(0.,0.,-1.));
#10144 = ORIENTED_EDGE('',*,*,#8079,.F.);
#10145 = FACE_BOUND('',#10146,.T.);
#10146 = EDGE_LOOP('',(#10147,#10154));
#10147 = ORIENTED_EDGE('',*,*,#10148,.F.);
#10148 = EDGE_CURVE('',#8114,#8122,#10149,.T.);
#10149 = CIRCLE('',#10150,1.5);
#10150 = AXIS2_PLACEMENT_3D('',#10151,#10152,#10153);
#10151 = CARTESIAN_POINT('',(26.,0.,-6.));
#10152 = DIRECTION('',(0.,-1.,0.));
#10153 = DIRECTION('',(0.,0.,-1.));
#10154 = ORIENTED_EDGE('',*,*,#8121,.F.);
#10155 = FACE_BOUND('',#10156,.T.);
#10156 = EDGE_LOOP('',(#10157,#10164));
#10157 = ORIENTED_EDGE('',*,*,#10158,.F.);
#10158 = EDGE_CURVE('',#8156,#8164,#10159,.T.);
#10159 = CIRCLE('',#10160,1.5);
#10160 = AXIS2_PLACEMENT_3D('',#10161,#10162,#10163);
#10161 = CARTESIAN_POINT('',(22.,0.,-6.));
#10162 = DIRECTION('',(0.,-1.,0.));
#10163 = DIRECTION('',(0.,0.,-1.));
#10164 = ORIENTED_EDGE('',*,*,#8163,.F.);
#10165 = FACE_BOUND('',#10166,.T.);
#10166 = EDGE_LOOP('',(#10167,#10174));
#10167 = ORIENTED_EDGE('',*,*,#10168,.F.);
#10168 = EDGE_CURVE('',#8198,#8206,#10169,.T.);
#10169 = CIRCLE('',#10170,1.5);
#10170 = AXIS2_PLACEMENT_3D('',#10171,#10172,#10173);
#10171 = CARTESIAN_POINT('',(18.,0.,-6.));
#10172 = DIRECTION('',(0.,-1.,0.));
#10173 = DIRECTION('',(0.,0.,-1.));
#10174 = ORIENTED_EDGE('',*,*,#8205,.F.);
#10175 = FACE_BOUND('',#10176,.T.);
#10176 = EDGE_LOOP('',(#10177,#10184));
#10177 = ORIENTED_EDGE('',*,*,#10178,.F.);
#10178 = EDGE_CURVE('',#8240,#8248,#10179,.T.);
#10179 = CIRCLE('',#10180,1.5);
#10180 = AXIS2_PLACEMENT_3D('',#10181,#10182,#10183);
#10181 = CARTESIAN_POINT('',(14.,0.,-6.));
#10182 = DIRECTION('',(0.,-1.,0.));
#10183 = DIRECTION('',(0.,0.,-1.));
#10184 = ORIENTED_EDGE('',*,*,#8247,.F.);
#10185 = FACE_BOUND('',#10186,.T.);
#10186 = EDGE_LOOP('',(#10187,#10194));
#10187 = ORIENTED_EDGE('',*,*,#10188,.F.);
#10188 = EDGE_CURVE('',#8282,#8290,#10189,.T.);
#10189 = CIRCLE('',#10190,1.5);
#10190 = AXIS2_PLACEMENT_3D('',#10191,#10192,#10193);
#10191 = CARTESIAN_POINT('',(10.,0.,-6.));
#10192 = DIRECTION('',(0.,-1.,0.));
#10193 = DIRECTION('',(0.,0.,-1.));
#10194 = ORIENTED_EDGE('',*,*,#8289,.F.);
#10195 = FACE_BOUND('',#10196,.T.);
#10196 = EDGE_LOOP('',(#10197,#10204));
#10197 = ORIENTED_EDGE('',*,*,#10198,.F.);
#10198 = EDGE_CURVE('',#8324,#8332,#10199,.T.);
#10199 = CIRCLE('',#10200,1.5);
#10200 = AXIS2_PLACEMENT_3D('',#10201,#10202,#10203);
#10201 = CARTESIAN_POINT('',(6.,0.,-6.));
#10202 = DIRECTION('',(0.,-1.,0.));
#10203 = DIRECTION('',(0.,0.,-1.));
#10204 = ORIENTED_EDGE('',*,*,#8331,.F.);
#10205 = FACE_BOUND('',#10206,.T.);
#10206 = EDGE_LOOP('',(#10207,#10214));
#10207 = ORIENTED_EDGE('',*,*,#10208,.F.);
#10208 = EDGE_CURVE('',#8366,#8374,#10209,.T.);
#10209 = CIRCLE('',#10210,1.5);
#10210 = AXIS2_PLACEMENT_3D('',#10211,#10212,#10213);
#10211 = CARTESIAN_POINT('',(30.,0.,-10.));
#10212 = DIRECTION('',(0.,-1.,0.));
#10213 = DIRECTION('',(0.,0.,-1.));
#10214 = ORIENTED_EDGE('',*,*,#8373,.F.);
#10215 = FACE_BOUND('',#10216,.T.);
#10216 = EDGE_LOOP('',(#10217,#10224));
#10217 = ORIENTED_EDGE('',*,*,#10218,.F.);
#10218 = EDGE_CURVE('',#8408,#8416,#10219,.T.);
#10219 = CIRCLE('',#10220,1.5);
#10220 = AXIS2_PLACEMENT_3D('',#10221,#10222,#10223);
#10221 = CARTESIAN_POINT('',(26.,0.,-10.));
#10222 = DIRECTION('',(0.,-1.,0.));
#10223 = DIRECTION('',(0.,0.,-1.));
#10224 = ORIENTED_EDGE('',*,*,#8415,.F.);
#10225 = FACE_BOUND('',#10226,.T.);
#10226 = EDGE_LOOP('',(#10227,#10234));
#10227 = ORIENTED_EDGE('',*,*,#10228,.F.);
#10228 = EDGE_CURVE('',#8450,#8458,#10229,.T.);
#10229 = CIRCLE('',#10230,1.5);
#10230 = AXIS2_PLACEMENT_3D('',#10231,#10232,#10233);
#10231 = CARTESIAN_POINT('',(2.,0.,-30.));
#10232 = DIRECTION('',(0.,-1.,0.));
#10233 = DIRECTION('',(0.,0.,-1.));
#10234 = ORIENTED_EDGE('',*,*,#8457,.F.);
#10235 = FACE_BOUND('',#10236,.T.);
#10236 = EDGE_LOOP('',(#10237,#10238,#10239,#10240));
#10237 = ORIENTED_EDGE('',*,*,#9378,.F.);
#10238 = ORIENTED_EDGE('',*,*,#9543,.F.);
#10239 = ORIENTED_EDGE('',*,*,#9479,.F.);
#10240 = ORIENTED_EDGE('',*,*,#9432,.F.);
#10241 = PLANE('',#10242);
#10242 = AXIS2_PLACEMENT_3D('',#10243,#10244,#10245);
#10243 = CARTESIAN_POINT('',(0.,0.,0.));
#10244 = DIRECTION('',(0.,-1.,0.));
#10245 = DIRECTION('',(0.,-0.,-1.));
#10246 = ADVANCED_FACE('',(#10247),#10265,.F.);
#10247 = FACE_BOUND('',#10248,.T.);
#10248 = EDGE_LOOP('',(#10249,#10250,#10251,#10259));
#10249 = ORIENTED_EDGE('',*,*,#9502,.T.);
#10250 = ORIENTED_EDGE('',*,*,#9195,.F.);
#10251 = ORIENTED_EDGE('',*,*,#10252,.F.);
#10252 = EDGE_CURVE('',#10253,#9188,#10255,.T.);
#10253 = VERTEX_POINT('',#10254);
#10254 = CARTESIAN_POINT('',(3.,4.5,-31.8));
#10255 = LINE('',#10256,#10257);
#10256 = CARTESIAN_POINT('',(3.,4.5,-31.8));
#10257 = VECTOR('',#10258,1.);
#10258 = DIRECTION('',(-0.4472135955,0.894427191,0.));
#10259 = ORIENTED_EDGE('',*,*,#10260,.T.);
#10260 = EDGE_CURVE('',#10253,#9503,#10261,.T.);
#10261 = LINE('',#10262,#10263);
#10262 = CARTESIAN_POINT('',(3.,4.5,-31.8));
#10263 = VECTOR('',#10264,1.);
#10264 = DIRECTION('',(-0.,-0.,-1.));
#10265 = PLANE('',#10266);
#10266 = AXIS2_PLACEMENT_3D('',#10267,#10268,#10269);
#10267 = CARTESIAN_POINT('',(3.,4.5,-31.8));
#10268 = DIRECTION('',(-0.894427191,-0.4472135955,0.));
#10269 = DIRECTION('',(0.4472135955,-0.894427191,0.));
#10270 = ADVANCED_FACE('',(#10271),#10289,.F.);
#10271 = FACE_BOUND('',#10272,.T.);
#10272 = EDGE_LOOP('',(#10273,#10274,#10275,#10283));
#10273 = ORIENTED_EDGE('',*,*,#9510,.T.);
#10274 = ORIENTED_EDGE('',*,*,#10260,.F.);
#10275 = ORIENTED_EDGE('',*,*,#10276,.F.);
#10276 = EDGE_CURVE('',#10277,#10253,#10279,.T.);
#10277 = VERTEX_POINT('',#10278);
#10278 = CARTESIAN_POINT('',(15.000402653171,4.5,-31.8));
#10279 = LINE('',#10280,#10281);
#10280 = CARTESIAN_POINT('',(15.000402653171,4.5,-31.8));
#10281 = VECTOR('',#10282,1.);
#10282 = DIRECTION('',(-1.,1.445554391892E-16,0.));
#10283 = ORIENTED_EDGE('',*,*,#10284,.T.);
#10284 = EDGE_CURVE('',#10277,#9511,#10285,.T.);
#10285 = LINE('',#10286,#10287);
#10286 = CARTESIAN_POINT('',(15.000402653171,4.5,-31.8));
#10287 = VECTOR('',#10288,1.);
#10288 = DIRECTION('',(-0.,-0.,-1.));
#10289 = PLANE('',#10290);
#10290 = AXIS2_PLACEMENT_3D('',#10291,#10292,#10293);
#10291 = CARTESIAN_POINT('',(15.000402653171,4.5,-31.8));
#10292 = DIRECTION('',(-1.445554391892E-16,-1.,0.));
#10293 = DIRECTION('',(1.,-1.445554391892E-16,0.));
#10294 = ADVANCED_FACE('',(#10295),#10314,.T.);
#10295 = FACE_BOUND('',#10296,.T.);
#10296 = EDGE_LOOP('',(#10297,#10298,#10299,#10308));
#10297 = ORIENTED_EDGE('',*,*,#9518,.T.);
#10298 = ORIENTED_EDGE('',*,*,#10284,.F.);
#10299 = ORIENTED_EDGE('',*,*,#10300,.F.);
#10300 = EDGE_CURVE('',#10301,#10277,#10303,.T.);
#10301 = VERTEX_POINT('',#10302);
#10302 = CARTESIAN_POINT('',(16.999597346829,4.5,-31.8));
#10303 = CIRCLE('',#10304,0.999597346829);
#10304 = AXIS2_PLACEMENT_3D('',#10305,#10306,#10307);
#10305 = CARTESIAN_POINT('',(16.,4.5,-31.8));
#10306 = DIRECTION('',(0.,-0.,1.));
#10307 = DIRECTION('',(1.,0.,0.));
#10308 = ORIENTED_EDGE('',*,*,#10309,.T.);
#10309 = EDGE_CURVE('',#10301,#9519,#10310,.T.);
#10310 = LINE('',#10311,#10312);
#10311 = CARTESIAN_POINT('',(16.999597346829,4.5,-31.8));
#10312 = VECTOR('',#10313,1.);
#10313 = DIRECTION('',(-0.,-0.,-1.));
#10314 = CYLINDRICAL_SURFACE('',#10315,0.999597346829);
#10315 = AXIS2_PLACEMENT_3D('',#10316,#10317,#10318);
#10316 = CARTESIAN_POINT('',(16.,4.5,-31.8));
#10317 = DIRECTION('',(-0.,-0.,-1.));
#10318 = DIRECTION('',(-1.,0.,0.));
#10319 = ADVANCED_FACE('',(#10320),#10338,.F.);
#10320 = FACE_BOUND('',#10321,.T.);
#10321 = EDGE_LOOP('',(#10322,#10323,#10324,#10332));
#10322 = ORIENTED_EDGE('',*,*,#9527,.T.);
#10323 = ORIENTED_EDGE('',*,*,#10309,.F.);
#10324 = ORIENTED_EDGE('',*,*,#10325,.F.);
#10325 = EDGE_CURVE('',#10326,#10301,#10328,.T.);
#10326 = VERTEX_POINT('',#10327);
#10327 = CARTESIAN_POINT('',(29.,4.5,-31.8));
#10328 = LINE('',#10329,#10330);
#10329 = CARTESIAN_POINT('',(16.999597346829,4.5,-31.8));
#10330 = VECTOR('',#10331,1.);
#10331 = DIRECTION('',(-1.,1.445554391892E-16,-0.));
#10332 = ORIENTED_EDGE('',*,*,#10333,.T.);
#10333 = EDGE_CURVE('',#10326,#9528,#10334,.T.);
#10334 = LINE('',#10335,#10336);
#10335 = CARTESIAN_POINT('',(29.,4.5,-31.8));
#10336 = VECTOR('',#10337,1.);
#10337 = DIRECTION('',(-0.,-0.,-1.));
#10338 = PLANE('',#10339);
#10339 = AXIS2_PLACEMENT_3D('',#10340,#10341,#10342);
#10340 = CARTESIAN_POINT('',(16.999597346829,4.5,-31.8));
#10341 = DIRECTION('',(-1.445554391892E-16,-1.,0.));
#10342 = DIRECTION('',(1.,-1.445554391892E-16,0.));
#10343 = ADVANCED_FACE('',(#10344),#10355,.F.);
#10344 = FACE_BOUND('',#10345,.T.);
#10345 = EDGE_LOOP('',(#10346,#10347,#10348,#10354));
#10346 = ORIENTED_EDGE('',*,*,#9535,.T.);
#10347 = ORIENTED_EDGE('',*,*,#10333,.F.);
#10348 = ORIENTED_EDGE('',*,*,#10349,.F.);
#10349 = EDGE_CURVE('',#9226,#10326,#10350,.T.);
#10350 = LINE('',#10351,#10352);
#10351 = CARTESIAN_POINT('',(29.,4.5,-31.8));
#10352 = VECTOR('',#10353,1.);
#10353 = DIRECTION('',(-0.4472135955,-0.894427191,-0.));
#10354 = ORIENTED_EDGE('',*,*,#9225,.T.);
#10355 = PLANE('',#10356);
#10356 = AXIS2_PLACEMENT_3D('',#10357,#10358,#10359);
#10357 = CARTESIAN_POINT('',(29.,4.5,-31.8));
#10358 = DIRECTION('',(0.894427191,-0.4472135955,0.));
#10359 = DIRECTION('',(0.4472135955,0.894427191,0.));
#10360 = ADVANCED_FACE('',(#10361),#10379,.F.);
#10361 = FACE_BOUND('',#10362,.T.);
#10362 = EDGE_LOOP('',(#10363,#10364,#10365,#10373));
#10363 = ORIENTED_EDGE('',*,*,#9455,.T.);
#10364 = ORIENTED_EDGE('',*,*,#9251,.F.);
#10365 = ORIENTED_EDGE('',*,*,#10366,.F.);
#10366 = EDGE_CURVE('',#10367,#9244,#10369,.T.);
#10367 = VERTEX_POINT('',#10368);
#10368 = CARTESIAN_POINT('',(31.8,4.5,-29.));
#10369 = LINE('',#10370,#10371);
#10370 = CARTESIAN_POINT('',(31.8,4.5,-29.));
#10371 = VECTOR('',#10372,1.);
#10372 = DIRECTION('',(0.,0.894427191,-0.4472135955));
#10373 = ORIENTED_EDGE('',*,*,#10374,.T.);
#10374 = EDGE_CURVE('',#10367,#9456,#10375,.T.);
#10375 = LINE('',#10376,#10377);
#10376 = CARTESIAN_POINT('',(31.8,4.5,-29.));
#10377 = VECTOR('',#10378,1.);
#10378 = DIRECTION('',(1.,-0.,-0.));
#10379 = PLANE('',#10380);
#10380 = AXIS2_PLACEMENT_3D('',#10381,#10382,#10383);
#10381 = CARTESIAN_POINT('',(31.8,4.5,-29.));
#10382 = DIRECTION('',(0.,-0.4472135955,-0.894427191));
#10383 = DIRECTION('',(0.,0.894427191,-0.4472135955));
#10384 = ADVANCED_FACE('',(#10385),#10403,.F.);
#10385 = FACE_BOUND('',#10386,.T.);
#10386 = EDGE_LOOP('',(#10387,#10388,#10389,#10397));
#10387 = ORIENTED_EDGE('',*,*,#9463,.T.);
#10388 = ORIENTED_EDGE('',*,*,#10374,.F.);
#10389 = ORIENTED_EDGE('',*,*,#10390,.F.);
#10390 = EDGE_CURVE('',#10391,#10367,#10393,.T.);
#10391 = VERTEX_POINT('',#10392);
#10392 = CARTESIAN_POINT('',(31.8,4.5,-3.149544274915));
#10393 = LINE('',#10394,#10395);
#10394 = CARTESIAN_POINT('',(31.8,4.5,-29.));
#10395 = VECTOR('',#10396,1.);
#10396 = DIRECTION('',(-0.,1.0065916213E-16,-1.));
#10397 = ORIENTED_EDGE('',*,*,#10398,.T.);
#10398 = EDGE_CURVE('',#10391,#9464,#10399,.T.);
#10399 = LINE('',#10400,#10401);
#10400 = CARTESIAN_POINT('',(31.8,4.5,-3.149544274915));
#10401 = VECTOR('',#10402,1.);
#10402 = DIRECTION('',(1.,-0.,-0.));
#10403 = PLANE('',#10404);
#10404 = AXIS2_PLACEMENT_3D('',#10405,#10406,#10407);
#10405 = CARTESIAN_POINT('',(31.8,4.5,-29.));
#10406 = DIRECTION('',(0.,-1.,-1.0065916213E-16));
#10407 = DIRECTION('',(0.,1.0065916213E-16,-1.));
#10408 = ADVANCED_FACE('',(#10409),#10420,.F.);
#10409 = FACE_BOUND('',#10410,.T.);
#10410 = EDGE_LOOP('',(#10411,#10412,#10413,#10419));
#10411 = ORIENTED_EDGE('',*,*,#9471,.T.);
#10412 = ORIENTED_EDGE('',*,*,#10398,.F.);
#10413 = ORIENTED_EDGE('',*,*,#10414,.F.);
#10414 = EDGE_CURVE('',#9282,#10391,#10415,.T.);
#10415 = LINE('',#10416,#10417);
#10416 = CARTESIAN_POINT('',(31.8,6.5,-2.));
#10417 = VECTOR('',#10418,1.);
#10418 = DIRECTION('',(0.,-0.866991659311,-0.49832264918));
#10419 = ORIENTED_EDGE('',*,*,#9281,.T.);
#10420 = PLANE('',#10421);
#10421 = AXIS2_PLACEMENT_3D('',#10422,#10423,#10424);
#10422 = CARTESIAN_POINT('',(31.8,6.5,-2.));
#10423 = DIRECTION('',(0.,-0.49832264918,0.866991659311));
#10424 = DIRECTION('',(0.,-0.866991659311,-0.49832264918));
#10425 = ADVANCED_FACE('',(#10426),#10444,.F.);
#10426 = FACE_BOUND('',#10427,.T.);
#10427 = EDGE_LOOP('',(#10428,#10429,#10430,#10438));
#10428 = ORIENTED_EDGE('',*,*,#9347,.T.);
#10429 = ORIENTED_EDGE('',*,*,#9576,.F.);
#10430 = ORIENTED_EDGE('',*,*,#10431,.F.);
#10431 = EDGE_CURVE('',#10432,#9569,#10434,.T.);
#10432 = VERTEX_POINT('',#10433);
#10433 = CARTESIAN_POINT('',(0.2,4.5,-3.));
#10434 = LINE('',#10435,#10436);
#10435 = CARTESIAN_POINT('',(0.2,4.5,-3.));
#10436 = VECTOR('',#10437,1.);
#10437 = DIRECTION('',(0.,0.894427191,0.4472135955));
#10438 = ORIENTED_EDGE('',*,*,#10439,.T.);
#10439 = EDGE_CURVE('',#10432,#9348,#10440,.T.);
#10440 = LINE('',#10441,#10442);
#10441 = CARTESIAN_POINT('',(0.2,4.5,-3.));
#10442 = VECTOR('',#10443,1.);
#10443 = DIRECTION('',(-1.,-0.,-0.));
#10444 = PLANE('',#10445);
#10445 = AXIS2_PLACEMENT_3D('',#10446,#10447,#10448);
#10446 = CARTESIAN_POINT('',(0.2,4.5,-3.));
#10447 = DIRECTION('',(0.,-0.4472135955,0.894427191));
#10448 = DIRECTION('',(0.,-0.894427191,-0.4472135955));
#10449 = ADVANCED_FACE('',(#10450),#10468,.F.);
#10450 = FACE_BOUND('',#10451,.T.);
#10451 = EDGE_LOOP('',(#10452,#10453,#10454,#10462));
#10452 = ORIENTED_EDGE('',*,*,#9355,.T.);
#10453 = ORIENTED_EDGE('',*,*,#10439,.F.);
#10454 = ORIENTED_EDGE('',*,*,#10455,.F.);
#10455 = EDGE_CURVE('',#10456,#10432,#10458,.T.);
#10456 = VERTEX_POINT('',#10457);
#10457 = CARTESIAN_POINT('',(0.2,4.5,-28.85045572508));
#10458 = LINE('',#10459,#10460);
#10459 = CARTESIAN_POINT('',(0.2,4.5,-3.));
#10460 = VECTOR('',#10461,1.);
#10461 = DIRECTION('',(-0.,1.342122161733E-16,1.));
#10462 = ORIENTED_EDGE('',*,*,#10463,.T.);
#10463 = EDGE_CURVE('',#10456,#9356,#10464,.T.);
#10464 = LINE('',#10465,#10466);
#10465 = CARTESIAN_POINT('',(0.2,4.5,-28.85045572508));
#10466 = VECTOR('',#10467,1.);
#10467 = DIRECTION('',(-1.,-0.,-0.));
#10468 = PLANE('',#10469);
#10469 = AXIS2_PLACEMENT_3D('',#10470,#10471,#10472);
#10470 = CARTESIAN_POINT('',(0.2,4.5,-3.));
#10471 = DIRECTION('',(0.,-1.,1.342122161733E-16));
#10472 = DIRECTION('',(0.,-1.342122161733E-16,-1.));
#10473 = ADVANCED_FACE('',(#10474),#10485,.F.);
#10474 = FACE_BOUND('',#10475,.T.);
#10475 = EDGE_LOOP('',(#10476,#10477,#10478,#10484));
#10476 = ORIENTED_EDGE('',*,*,#9363,.T.);
#10477 = ORIENTED_EDGE('',*,*,#10463,.F.);
#10478 = ORIENTED_EDGE('',*,*,#10479,.F.);
#10479 = EDGE_CURVE('',#9170,#10456,#10480,.T.);
#10480 = LINE('',#10481,#10482);
#10481 = CARTESIAN_POINT('',(0.2,6.5,-30.));
#10482 = VECTOR('',#10483,1.);
#10483 = DIRECTION('',(0.,-0.866991659311,0.49832264918));
#10484 = ORIENTED_EDGE('',*,*,#9169,.T.);
#10485 = PLANE('',#10486);
#10486 = AXIS2_PLACEMENT_3D('',#10487,#10488,#10489);
#10487 = CARTESIAN_POINT('',(0.2,6.5,-30.));
#10488 = DIRECTION('',(0.,-0.49832264918,-0.866991659311));
#10489 = DIRECTION('',(0.,0.866991659311,-0.49832264918));
#10490 = ADVANCED_FACE('',(#10491),#10509,.F.);
#10491 = FACE_BOUND('',#10492,.T.);
#10492 = EDGE_LOOP('',(#10493,#10494,#10495,#10503));
#10493 = ORIENTED_EDGE('',*,*,#9401,.T.);
#10494 = ORIENTED_EDGE('',*,*,#9307,.F.);
#10495 = ORIENTED_EDGE('',*,*,#10496,.F.);
#10496 = EDGE_CURVE('',#10497,#9300,#10499,.T.);
#10497 = VERTEX_POINT('',#10498);
#10498 = CARTESIAN_POINT('',(29.,4.5,-0.2));
#10499 = LINE('',#10500,#10501);
#10500 = CARTESIAN_POINT('',(29.,4.5,-0.2));
#10501 = VECTOR('',#10502,1.);
#10502 = DIRECTION('',(0.4472135955,0.894427191,0.));
#10503 = ORIENTED_EDGE('',*,*,#10504,.T.);
#10504 = EDGE_CURVE('',#10497,#9402,#10505,.T.);
#10505 = LINE('',#10506,#10507);
#10506 = CARTESIAN_POINT('',(29.,4.5,-0.2));
#10507 = VECTOR('',#10508,1.);
#10508 = DIRECTION('',(-0.,-0.,1.));
#10509 = PLANE('',#10510);
#10510 = AXIS2_PLACEMENT_3D('',#10511,#10512,#10513);
#10511 = CARTESIAN_POINT('',(29.,4.5,-0.2));
#10512 = DIRECTION('',(0.894427191,-0.4472135955,0.));
#10513 = DIRECTION('',(0.4472135955,0.894427191,0.));
#10514 = ADVANCED_FACE('',(#10515),#10533,.F.);
#10515 = FACE_BOUND('',#10516,.T.);
#10516 = EDGE_LOOP('',(#10517,#10518,#10519,#10527));
#10517 = ORIENTED_EDGE('',*,*,#9409,.T.);
#10518 = ORIENTED_EDGE('',*,*,#10504,.F.);
#10519 = ORIENTED_EDGE('',*,*,#10520,.F.);
#10520 = EDGE_CURVE('',#10521,#10497,#10523,.T.);
#10521 = VERTEX_POINT('',#10522);
#10522 = CARTESIAN_POINT('',(3.149544274915,4.5,-0.2));
#10523 = LINE('',#10524,#10525);
#10524 = CARTESIAN_POINT('',(29.,4.5,-0.2));
#10525 = VECTOR('',#10526,1.);
#10526 = DIRECTION('',(1.,1.0065916213E-16,-0.));
#10527 = ORIENTED_EDGE('',*,*,#10528,.T.);
#10528 = EDGE_CURVE('',#10521,#9410,#10529,.T.);
#10529 = LINE('',#10530,#10531);
#10530 = CARTESIAN_POINT('',(3.149544274915,4.5,-0.2));
#10531 = VECTOR('',#10532,1.);
#10532 = DIRECTION('',(-0.,-0.,1.));
#10533 = PLANE('',#10534);
#10534 = AXIS2_PLACEMENT_3D('',#10535,#10536,#10537);
#10535 = CARTESIAN_POINT('',(29.,4.5,-0.2));
#10536 = DIRECTION('',(1.0065916213E-16,-1.,0.));
#10537 = DIRECTION('',(1.,1.0065916213E-16,0.));
#10538 = ADVANCED_FACE('',(#10539),#10550,.F.);
#10539 = FACE_BOUND('',#10540,.T.);
#10540 = EDGE_LOOP('',(#10541,#10542,#10543,#10549));
#10541 = ORIENTED_EDGE('',*,*,#9417,.T.);
#10542 = ORIENTED_EDGE('',*,*,#10528,.F.);
#10543 = ORIENTED_EDGE('',*,*,#10544,.F.);
#10544 = EDGE_CURVE('',#9561,#10521,#10545,.T.);
#10545 = LINE('',#10546,#10547);
#10546 = CARTESIAN_POINT('',(2.,6.5,-0.2));
#10547 = VECTOR('',#10548,1.);
#10548 = DIRECTION('',(0.49832264918,-0.866991659311,0.));
#10549 = ORIENTED_EDGE('',*,*,#9584,.T.);
#10550 = PLANE('',#10551);
#10551 = AXIS2_PLACEMENT_3D('',#10552,#10553,#10554);
#10552 = CARTESIAN_POINT('',(2.,6.5,-0.2));
#10553 = DIRECTION('',(-0.866991659311,-0.49832264918,0.));
#10554 = DIRECTION('',(0.49832264918,-0.866991659311,0.));
#10555 = ADVANCED_FACE('',(#10556),#10578,.F.);
#10556 = FACE_BOUND('',#10557,.T.);
#10557 = EDGE_LOOP('',(#10558,#10559,#10565,#10566,#10572,#10573,#10574,
    #10575,#10576,#10577));
#10558 = ORIENTED_EDGE('',*,*,#9187,.T.);
#10559 = ORIENTED_EDGE('',*,*,#10560,.F.);
#10560 = EDGE_CURVE('',#9120,#9180,#10561,.T.);
#10561 = LINE('',#10562,#10563);
#10562 = CARTESIAN_POINT('',(0.2,1.5,-31.8));
#10563 = VECTOR('',#10564,1.);
#10564 = DIRECTION('',(-0.,1.,-0.));
#10565 = ORIENTED_EDGE('',*,*,#9145,.F.);
#10566 = ORIENTED_EDGE('',*,*,#10567,.T.);
#10567 = EDGE_CURVE('',#9138,#9236,#10568,.T.);
#10568 = LINE('',#10569,#10570);
#10569 = CARTESIAN_POINT('',(31.8,1.5,-31.8));
#10570 = VECTOR('',#10571,1.);
#10571 = DIRECTION('',(-0.,1.,-0.));
#10572 = ORIENTED_EDGE('',*,*,#9235,.T.);
#10573 = ORIENTED_EDGE('',*,*,#10349,.T.);
#10574 = ORIENTED_EDGE('',*,*,#10325,.T.);
#10575 = ORIENTED_EDGE('',*,*,#10300,.T.);
#10576 = ORIENTED_EDGE('',*,*,#10276,.T.);
#10577 = ORIENTED_EDGE('',*,*,#10252,.T.);
#10578 = PLANE('',#10579);
#10579 = AXIS2_PLACEMENT_3D('',#10580,#10581,#10582);
#10580 = CARTESIAN_POINT('',(0.2,1.5,-31.8));
#10581 = DIRECTION('',(0.,0.,-1.));
#10582 = DIRECTION('',(-1.,0.,-0.));
#10583 = ADVANCED_FACE('',(#10584),#10599,.F.);
#10584 = FACE_BOUND('',#10585,.T.);
#10585 = EDGE_LOOP('',(#10586,#10587,#10588,#10589,#10595,#10596,#10597,
    #10598));
#10586 = ORIENTED_EDGE('',*,*,#9243,.T.);
#10587 = ORIENTED_EDGE('',*,*,#10567,.F.);
#10588 = ORIENTED_EDGE('',*,*,#9137,.F.);
#10589 = ORIENTED_EDGE('',*,*,#10590,.T.);
#10590 = EDGE_CURVE('',#9130,#9292,#10591,.T.);
#10591 = LINE('',#10592,#10593);
#10592 = CARTESIAN_POINT('',(31.8,1.5,-0.2));
#10593 = VECTOR('',#10594,1.);
#10594 = DIRECTION('',(-0.,1.,-0.));
#10595 = ORIENTED_EDGE('',*,*,#9291,.T.);
#10596 = ORIENTED_EDGE('',*,*,#10414,.T.);
#10597 = ORIENTED_EDGE('',*,*,#10390,.T.);
#10598 = ORIENTED_EDGE('',*,*,#10366,.T.);
#10599 = PLANE('',#10600);
#10600 = AXIS2_PLACEMENT_3D('',#10601,#10602,#10603);
#10601 = CARTESIAN_POINT('',(31.8,1.5,-0.2));
#10602 = DIRECTION('',(1.,0.,0.));
#10603 = DIRECTION('',(0.,0.,-1.));
#10604 = ADVANCED_FACE('',(#10605),#10620,.F.);
#10605 = FACE_BOUND('',#10606,.T.);
#10606 = EDGE_LOOP('',(#10607,#10608,#10614,#10615,#10616,#10617,#10618,
    #10619));
#10607 = ORIENTED_EDGE('',*,*,#9568,.T.);
#10608 = ORIENTED_EDGE('',*,*,#10609,.F.);
#10609 = EDGE_CURVE('',#9122,#9559,#10610,.T.);
#10610 = LINE('',#10611,#10612);
#10611 = CARTESIAN_POINT('',(0.2,1.5,-0.2));
#10612 = VECTOR('',#10613,1.);
#10613 = DIRECTION('',(-0.,1.,-0.));
#10614 = ORIENTED_EDGE('',*,*,#9119,.F.);
#10615 = ORIENTED_EDGE('',*,*,#10560,.T.);
#10616 = ORIENTED_EDGE('',*,*,#9179,.T.);
#10617 = ORIENTED_EDGE('',*,*,#10479,.T.);
#10618 = ORIENTED_EDGE('',*,*,#10455,.T.);
#10619 = ORIENTED_EDGE('',*,*,#10431,.T.);
#10620 = PLANE('',#10621);
#10621 = AXIS2_PLACEMENT_3D('',#10622,#10623,#10624);
#10622 = CARTESIAN_POINT('',(0.2,1.5,-0.2));
#10623 = DIRECTION('',(-1.,0.,-0.));
#10624 = DIRECTION('',(0.,0.,1.));
#10625 = ADVANCED_FACE('',(#10626),#10636,.F.);
#10626 = FACE_BOUND('',#10627,.T.);
#10627 = EDGE_LOOP('',(#10628,#10629,#10630,#10631,#10632,#10633,#10634,
    #10635));
#10628 = ORIENTED_EDGE('',*,*,#9299,.T.);
#10629 = ORIENTED_EDGE('',*,*,#10590,.F.);
#10630 = ORIENTED_EDGE('',*,*,#9129,.F.);
#10631 = ORIENTED_EDGE('',*,*,#10609,.T.);
#10632 = ORIENTED_EDGE('',*,*,#9558,.T.);
#10633 = ORIENTED_EDGE('',*,*,#10544,.T.);
#10634 = ORIENTED_EDGE('',*,*,#10520,.T.);
#10635 = ORIENTED_EDGE('',*,*,#10496,.T.);
#10636 = PLANE('',#10637);
#10637 = AXIS2_PLACEMENT_3D('',#10638,#10639,#10640);
#10638 = CARTESIAN_POINT('',(0.2,1.5,-0.2));
#10639 = DIRECTION('',(-0.,0.,1.));
#10640 = DIRECTION('',(1.,0.,0.));
#10641 = ADVANCED_FACE('',(#10642),#10648,.F.);
#10642 = FACE_BOUND('',#10643,.F.);
#10643 = EDGE_LOOP('',(#10644,#10645,#10646,#10647));
#10644 = ORIENTED_EDGE('',*,*,#10228,.F.);
#10645 = ORIENTED_EDGE('',*,*,#8447,.F.);
#10646 = ORIENTED_EDGE('',*,*,#9110,.F.);
#10647 = ORIENTED_EDGE('',*,*,#8466,.T.);
#10648 = CYLINDRICAL_SURFACE('',#10649,1.5);
#10649 = AXIS2_PLACEMENT_3D('',#10650,#10651,#10652);
#10650 = CARTESIAN_POINT('',(2.,5.742640687119,-30.));
#10651 = DIRECTION('',(-0.,-1.,-0.));
#10652 = DIRECTION('',(0.,0.,-1.));
#10653 = ADVANCED_FACE('',(#10654),#10660,.F.);
#10654 = FACE_BOUND('',#10655,.F.);
#10655 = EDGE_LOOP('',(#10656,#10657,#10658,#10659));
#10656 = ORIENTED_EDGE('',*,*,#10218,.F.);
#10657 = ORIENTED_EDGE('',*,*,#8405,.F.);
#10658 = ORIENTED_EDGE('',*,*,#9100,.F.);
#10659 = ORIENTED_EDGE('',*,*,#8424,.T.);
#10660 = CYLINDRICAL_SURFACE('',#10661,1.5);
#10661 = AXIS2_PLACEMENT_3D('',#10662,#10663,#10664);
#10662 = CARTESIAN_POINT('',(26.,5.742640687119,-10.));
#10663 = DIRECTION('',(-0.,-1.,-0.));
#10664 = DIRECTION('',(0.,0.,-1.));
#10665 = ADVANCED_FACE('',(#10666),#10672,.F.);
#10666 = FACE_BOUND('',#10667,.F.);
#10667 = EDGE_LOOP('',(#10668,#10669,#10670,#10671));
#10668 = ORIENTED_EDGE('',*,*,#10208,.F.);
#10669 = ORIENTED_EDGE('',*,*,#8363,.F.);
#10670 = ORIENTED_EDGE('',*,*,#9090,.F.);
#10671 = ORIENTED_EDGE('',*,*,#8382,.T.);
#10672 = CYLINDRICAL_SURFACE('',#10673,1.5);
#10673 = AXIS2_PLACEMENT_3D('',#10674,#10675,#10676);
#10674 = CARTESIAN_POINT('',(30.,5.742640687119,-10.));
#10675 = DIRECTION('',(-0.,-1.,-0.));
#10676 = DIRECTION('',(0.,0.,-1.));
#10677 = ADVANCED_FACE('',(#10678),#10684,.F.);
#10678 = FACE_BOUND('',#10679,.F.);
#10679 = EDGE_LOOP('',(#10680,#10681,#10682,#10683));
#10680 = ORIENTED_EDGE('',*,*,#10198,.F.);
#10681 = ORIENTED_EDGE('',*,*,#8321,.F.);
#10682 = ORIENTED_EDGE('',*,*,#9080,.F.);
#10683 = ORIENTED_EDGE('',*,*,#8340,.T.);
#10684 = CYLINDRICAL_SURFACE('',#10685,1.5);
#10685 = AXIS2_PLACEMENT_3D('',#10686,#10687,#10688);
#10686 = CARTESIAN_POINT('',(6.,5.742640687119,-6.));
#10687 = DIRECTION('',(-0.,-1.,-0.));
#10688 = DIRECTION('',(0.,0.,-1.));
#10689 = ADVANCED_FACE('',(#10690),#10696,.F.);
#10690 = FACE_BOUND('',#10691,.F.);
#10691 = EDGE_LOOP('',(#10692,#10693,#10694,#10695));
#10692 = ORIENTED_EDGE('',*,*,#10188,.F.);
#10693 = ORIENTED_EDGE('',*,*,#8279,.F.);
#10694 = ORIENTED_EDGE('',*,*,#9070,.F.);
#10695 = ORIENTED_EDGE('',*,*,#8298,.T.);
#10696 = CYLINDRICAL_SURFACE('',#10697,1.5);
#10697 = AXIS2_PLACEMENT_3D('',#10698,#10699,#10700);
#10698 = CARTESIAN_POINT('',(10.,5.742640687119,-6.));
#10699 = DIRECTION('',(-0.,-1.,-0.));
#10700 = DIRECTION('',(0.,0.,-1.));
#10701 = ADVANCED_FACE('',(#10702),#10708,.F.);
#10702 = FACE_BOUND('',#10703,.F.);
#10703 = EDGE_LOOP('',(#10704,#10705,#10706,#10707));
#10704 = ORIENTED_EDGE('',*,*,#10178,.F.);
#10705 = ORIENTED_EDGE('',*,*,#8237,.F.);
#10706 = ORIENTED_EDGE('',*,*,#9060,.F.);
#10707 = ORIENTED_EDGE('',*,*,#8256,.T.);
#10708 = CYLINDRICAL_SURFACE('',#10709,1.5);
#10709 = AXIS2_PLACEMENT_3D('',#10710,#10711,#10712);
#10710 = CARTESIAN_POINT('',(14.,5.742640687119,-6.));
#10711 = DIRECTION('',(-0.,-1.,-0.));
#10712 = DIRECTION('',(0.,0.,-1.));
#10713 = ADVANCED_FACE('',(#10714),#10720,.F.);
#10714 = FACE_BOUND('',#10715,.F.);
#10715 = EDGE_LOOP('',(#10716,#10717,#10718,#10719));
#10716 = ORIENTED_EDGE('',*,*,#10168,.F.);
#10717 = ORIENTED_EDGE('',*,*,#8195,.F.);
#10718 = ORIENTED_EDGE('',*,*,#9050,.F.);
#10719 = ORIENTED_EDGE('',*,*,#8214,.T.);
#10720 = CYLINDRICAL_SURFACE('',#10721,1.5);
#10721 = AXIS2_PLACEMENT_3D('',#10722,#10723,#10724);
#10722 = CARTESIAN_POINT('',(18.,5.742640687119,-6.));
#10723 = DIRECTION('',(-0.,-1.,-0.));
#10724 = DIRECTION('',(0.,0.,-1.));
#10725 = ADVANCED_FACE('',(#10726),#10732,.F.);
#10726 = FACE_BOUND('',#10727,.F.);
#10727 = EDGE_LOOP('',(#10728,#10729,#10730,#10731));
#10728 = ORIENTED_EDGE('',*,*,#10158,.F.);
#10729 = ORIENTED_EDGE('',*,*,#8153,.F.);
#10730 = ORIENTED_EDGE('',*,*,#9040,.F.);
#10731 = ORIENTED_EDGE('',*,*,#8172,.T.);
#10732 = CYLINDRICAL_SURFACE('',#10733,1.5);
#10733 = AXIS2_PLACEMENT_3D('',#10734,#10735,#10736);
#10734 = CARTESIAN_POINT('',(22.,5.742640687119,-6.));
#10735 = DIRECTION('',(-0.,-1.,-0.));
#10736 = DIRECTION('',(0.,0.,-1.));
#10737 = ADVANCED_FACE('',(#10738),#10744,.F.);
#10738 = FACE_BOUND('',#10739,.F.);
#10739 = EDGE_LOOP('',(#10740,#10741,#10742,#10743));
#10740 = ORIENTED_EDGE('',*,*,#10148,.F.);
#10741 = ORIENTED_EDGE('',*,*,#8111,.F.);
#10742 = ORIENTED_EDGE('',*,*,#9030,.F.);
#10743 = ORIENTED_EDGE('',*,*,#8130,.T.);
#10744 = CYLINDRICAL_SURFACE('',#10745,1.5);
#10745 = AXIS2_PLACEMENT_3D('',#10746,#10747,#10748);
#10746 = CARTESIAN_POINT('',(26.,5.742640687119,-6.));
#10747 = DIRECTION('',(-0.,-1.,-0.));
#10748 = DIRECTION('',(0.,0.,-1.));
#10749 = ADVANCED_FACE('',(#10750),#10756,.F.);
#10750 = FACE_BOUND('',#10751,.F.);
#10751 = EDGE_LOOP('',(#10752,#10753,#10754,#10755));
#10752 = ORIENTED_EDGE('',*,*,#10138,.F.);
#10753 = ORIENTED_EDGE('',*,*,#8069,.F.);
#10754 = ORIENTED_EDGE('',*,*,#9020,.F.);
#10755 = ORIENTED_EDGE('',*,*,#8088,.T.);
#10756 = CYLINDRICAL_SURFACE('',#10757,1.5);
#10757 = AXIS2_PLACEMENT_3D('',#10758,#10759,#10760);
#10758 = CARTESIAN_POINT('',(6.,5.742640687119,-10.));
#10759 = DIRECTION('',(-0.,-1.,-0.));
#10760 = DIRECTION('',(0.,0.,-1.));
#10761 = ADVANCED_FACE('',(#10762),#10768,.F.);
#10762 = FACE_BOUND('',#10763,.F.);
#10763 = EDGE_LOOP('',(#10764,#10765,#10766,#10767));
#10764 = ORIENTED_EDGE('',*,*,#10128,.F.);
#10765 = ORIENTED_EDGE('',*,*,#8027,.F.);
#10766 = ORIENTED_EDGE('',*,*,#9010,.F.);
#10767 = ORIENTED_EDGE('',*,*,#8046,.T.);
#10768 = CYLINDRICAL_SURFACE('',#10769,1.5);
#10769 = AXIS2_PLACEMENT_3D('',#10770,#10771,#10772);
#10770 = CARTESIAN_POINT('',(30.,5.742640687119,-14.));
#10771 = DIRECTION('',(-0.,-1.,-0.));
#10772 = DIRECTION('',(0.,0.,-1.));
#10773 = ADVANCED_FACE('',(#10774),#10780,.F.);
#10774 = FACE_BOUND('',#10775,.F.);
#10775 = EDGE_LOOP('',(#10776,#10777,#10778,#10779));
#10776 = ORIENTED_EDGE('',*,*,#10118,.F.);
#10777 = ORIENTED_EDGE('',*,*,#7985,.F.);
#10778 = ORIENTED_EDGE('',*,*,#9000,.F.);
#10779 = ORIENTED_EDGE('',*,*,#8004,.T.);
#10780 = CYLINDRICAL_SURFACE('',#10781,1.5);
#10781 = AXIS2_PLACEMENT_3D('',#10782,#10783,#10784);
#10782 = CARTESIAN_POINT('',(26.,5.742640687119,-14.));
#10783 = DIRECTION('',(-0.,-1.,-0.));
#10784 = DIRECTION('',(0.,0.,-1.));
#10785 = ADVANCED_FACE('',(#10786),#10792,.F.);
#10786 = FACE_BOUND('',#10787,.F.);
#10787 = EDGE_LOOP('',(#10788,#10789,#10790,#10791));
#10788 = ORIENTED_EDGE('',*,*,#10108,.F.);
#10789 = ORIENTED_EDGE('',*,*,#7943,.F.);
#10790 = ORIENTED_EDGE('',*,*,#8990,.F.);
#10791 = ORIENTED_EDGE('',*,*,#7962,.T.);
#10792 = CYLINDRICAL_SURFACE('',#10793,1.5);
#10793 = AXIS2_PLACEMENT_3D('',#10794,#10795,#10796);
#10794 = CARTESIAN_POINT('',(22.,5.742640687119,-14.));
#10795 = DIRECTION('',(-0.,-1.,-0.));
#10796 = DIRECTION('',(0.,0.,-1.));
#10797 = ADVANCED_FACE('',(#10798),#10804,.F.);
#10798 = FACE_BOUND('',#10799,.F.);
#10799 = EDGE_LOOP('',(#10800,#10801,#10802,#10803));
#10800 = ORIENTED_EDGE('',*,*,#10098,.F.);
#10801 = ORIENTED_EDGE('',*,*,#7901,.F.);
#10802 = ORIENTED_EDGE('',*,*,#8980,.F.);
#10803 = ORIENTED_EDGE('',*,*,#7920,.T.);
#10804 = CYLINDRICAL_SURFACE('',#10805,1.5);
#10805 = AXIS2_PLACEMENT_3D('',#10806,#10807,#10808);
#10806 = CARTESIAN_POINT('',(10.,5.742640687119,-10.));
#10807 = DIRECTION('',(-0.,-1.,-0.));
#10808 = DIRECTION('',(0.,0.,-1.));
#10809 = ADVANCED_FACE('',(#10810),#10816,.F.);
#10810 = FACE_BOUND('',#10811,.F.);
#10811 = EDGE_LOOP('',(#10812,#10813,#10814,#10815));
#10812 = ORIENTED_EDGE('',*,*,#10088,.F.);
#10813 = ORIENTED_EDGE('',*,*,#7859,.F.);
#10814 = ORIENTED_EDGE('',*,*,#8970,.F.);
#10815 = ORIENTED_EDGE('',*,*,#7878,.T.);
#10816 = CYLINDRICAL_SURFACE('',#10817,1.5);
#10817 = AXIS2_PLACEMENT_3D('',#10818,#10819,#10820);
#10818 = CARTESIAN_POINT('',(14.,5.742640687119,-10.));
#10819 = DIRECTION('',(-0.,-1.,-0.));
#10820 = DIRECTION('',(0.,0.,-1.));
#10821 = ADVANCED_FACE('',(#10822),#10828,.F.);
#10822 = FACE_BOUND('',#10823,.F.);
#10823 = EDGE_LOOP('',(#10824,#10825,#10826,#10827));
#10824 = ORIENTED_EDGE('',*,*,#10078,.F.);
#10825 = ORIENTED_EDGE('',*,*,#7817,.F.);
#10826 = ORIENTED_EDGE('',*,*,#8960,.F.);
#10827 = ORIENTED_EDGE('',*,*,#7836,.T.);
#10828 = CYLINDRICAL_SURFACE('',#10829,1.5);
#10829 = AXIS2_PLACEMENT_3D('',#10830,#10831,#10832);
#10830 = CARTESIAN_POINT('',(18.,5.742640687119,-10.));
#10831 = DIRECTION('',(-0.,-1.,-0.));
#10832 = DIRECTION('',(0.,0.,-1.));
#10833 = ADVANCED_FACE('',(#10834),#10840,.F.);
#10834 = FACE_BOUND('',#10835,.F.);
#10835 = EDGE_LOOP('',(#10836,#10837,#10838,#10839));
#10836 = ORIENTED_EDGE('',*,*,#10068,.F.);
#10837 = ORIENTED_EDGE('',*,*,#7775,.F.);
#10838 = ORIENTED_EDGE('',*,*,#8950,.F.);
#10839 = ORIENTED_EDGE('',*,*,#7794,.T.);
#10840 = CYLINDRICAL_SURFACE('',#10841,1.5);
#10841 = AXIS2_PLACEMENT_3D('',#10842,#10843,#10844);
#10842 = CARTESIAN_POINT('',(22.,5.742640687119,-10.));
#10843 = DIRECTION('',(-0.,-1.,-0.));
#10844 = DIRECTION('',(0.,0.,-1.));
#10845 = ADVANCED_FACE('',(#10846),#10852,.F.);
#10846 = FACE_BOUND('',#10847,.F.);
#10847 = EDGE_LOOP('',(#10848,#10849,#10850,#10851));
#10848 = ORIENTED_EDGE('',*,*,#10058,.F.);
#10849 = ORIENTED_EDGE('',*,*,#7733,.F.);
#10850 = ORIENTED_EDGE('',*,*,#8940,.F.);
#10851 = ORIENTED_EDGE('',*,*,#7752,.T.);
#10852 = CYLINDRICAL_SURFACE('',#10853,1.5);
#10853 = AXIS2_PLACEMENT_3D('',#10854,#10855,#10856);
#10854 = CARTESIAN_POINT('',(30.,5.742640687119,-2.));
#10855 = DIRECTION('',(-0.,-1.,-0.));
#10856 = DIRECTION('',(0.,0.,-1.));
#10857 = ADVANCED_FACE('',(#10858),#10864,.F.);
#10858 = FACE_BOUND('',#10859,.F.);
#10859 = EDGE_LOOP('',(#10860,#10861,#10862,#10863));
#10860 = ORIENTED_EDGE('',*,*,#10048,.F.);
#10861 = ORIENTED_EDGE('',*,*,#7691,.F.);
#10862 = ORIENTED_EDGE('',*,*,#8930,.F.);
#10863 = ORIENTED_EDGE('',*,*,#7710,.T.);
#10864 = CYLINDRICAL_SURFACE('',#10865,1.5);
#10865 = AXIS2_PLACEMENT_3D('',#10866,#10867,#10868);
#10866 = CARTESIAN_POINT('',(26.,5.742640687119,-2.));
#10867 = DIRECTION('',(-0.,-1.,-0.));
#10868 = DIRECTION('',(0.,0.,-1.));
#10869 = ADVANCED_FACE('',(#10870),#10876,.F.);
#10870 = FACE_BOUND('',#10871,.F.);
#10871 = EDGE_LOOP('',(#10872,#10873,#10874,#10875));
#10872 = ORIENTED_EDGE('',*,*,#10038,.F.);
#10873 = ORIENTED_EDGE('',*,*,#7649,.F.);
#10874 = ORIENTED_EDGE('',*,*,#8920,.F.);
#10875 = ORIENTED_EDGE('',*,*,#7668,.T.);
#10876 = CYLINDRICAL_SURFACE('',#10877,1.5);
#10877 = AXIS2_PLACEMENT_3D('',#10878,#10879,#10880);
#10878 = CARTESIAN_POINT('',(22.,5.742640687119,-2.));
#10879 = DIRECTION('',(-0.,-1.,-0.));
#10880 = DIRECTION('',(0.,0.,-1.));
#10881 = ADVANCED_FACE('',(#10882),#10888,.F.);
#10882 = FACE_BOUND('',#10883,.F.);
#10883 = EDGE_LOOP('',(#10884,#10885,#10886,#10887));
#10884 = ORIENTED_EDGE('',*,*,#10028,.F.);
#10885 = ORIENTED_EDGE('',*,*,#7607,.F.);
#10886 = ORIENTED_EDGE('',*,*,#8910,.F.);
#10887 = ORIENTED_EDGE('',*,*,#7626,.T.);
#10888 = CYLINDRICAL_SURFACE('',#10889,1.5);
#10889 = AXIS2_PLACEMENT_3D('',#10890,#10891,#10892);
#10890 = CARTESIAN_POINT('',(18.,5.742640687119,-2.));
#10891 = DIRECTION('',(-0.,-1.,-0.));
#10892 = DIRECTION('',(0.,0.,-1.));
#10893 = ADVANCED_FACE('',(#10894),#10900,.F.);
#10894 = FACE_BOUND('',#10895,.F.);
#10895 = EDGE_LOOP('',(#10896,#10897,#10898,#10899));
#10896 = ORIENTED_EDGE('',*,*,#10018,.F.);
#10897 = ORIENTED_EDGE('',*,*,#7565,.F.);
#10898 = ORIENTED_EDGE('',*,*,#8900,.F.);
#10899 = ORIENTED_EDGE('',*,*,#7584,.T.);
#10900 = CYLINDRICAL_SURFACE('',#10901,1.5);
#10901 = AXIS2_PLACEMENT_3D('',#10902,#10903,#10904);
#10902 = CARTESIAN_POINT('',(30.,5.742640687119,-6.));
#10903 = DIRECTION('',(-0.,-1.,-0.));
#10904 = DIRECTION('',(0.,0.,-1.));
#10905 = ADVANCED_FACE('',(#10906),#10912,.F.);
#10906 = FACE_BOUND('',#10907,.F.);
#10907 = EDGE_LOOP('',(#10908,#10909,#10910,#10911));
#10908 = ORIENTED_EDGE('',*,*,#10008,.F.);
#10909 = ORIENTED_EDGE('',*,*,#7523,.F.);
#10910 = ORIENTED_EDGE('',*,*,#8890,.F.);
#10911 = ORIENTED_EDGE('',*,*,#7542,.T.);
#10912 = CYLINDRICAL_SURFACE('',#10913,1.5);
#10913 = AXIS2_PLACEMENT_3D('',#10914,#10915,#10916);
#10914 = CARTESIAN_POINT('',(6.,5.742640687119,-2.));
#10915 = DIRECTION('',(-0.,-1.,-0.));
#10916 = DIRECTION('',(0.,0.,-1.));
#10917 = ADVANCED_FACE('',(#10918),#10924,.F.);
#10918 = FACE_BOUND('',#10919,.F.);
#10919 = EDGE_LOOP('',(#10920,#10921,#10922,#10923));
#10920 = ORIENTED_EDGE('',*,*,#9998,.F.);
#10921 = ORIENTED_EDGE('',*,*,#7481,.F.);
#10922 = ORIENTED_EDGE('',*,*,#8880,.F.);
#10923 = ORIENTED_EDGE('',*,*,#7500,.T.);
#10924 = CYLINDRICAL_SURFACE('',#10925,1.5);
#10925 = AXIS2_PLACEMENT_3D('',#10926,#10927,#10928);
#10926 = CARTESIAN_POINT('',(10.,5.742640687119,-2.));
#10927 = DIRECTION('',(-0.,-1.,-0.));
#10928 = DIRECTION('',(0.,0.,-1.));
#10929 = ADVANCED_FACE('',(#10930),#10936,.F.);
#10930 = FACE_BOUND('',#10931,.F.);
#10931 = EDGE_LOOP('',(#10932,#10933,#10934,#10935));
#10932 = ORIENTED_EDGE('',*,*,#9988,.F.);
#10933 = ORIENTED_EDGE('',*,*,#7439,.F.);
#10934 = ORIENTED_EDGE('',*,*,#8870,.F.);
#10935 = ORIENTED_EDGE('',*,*,#7458,.T.);
#10936 = CYLINDRICAL_SURFACE('',#10937,1.5);
#10937 = AXIS2_PLACEMENT_3D('',#10938,#10939,#10940);
#10938 = CARTESIAN_POINT('',(14.,5.742640687119,-2.));
#10939 = DIRECTION('',(-0.,-1.,-0.));
#10940 = DIRECTION('',(0.,0.,-1.));
#10941 = ADVANCED_FACE('',(#10942),#10948,.F.);
#10942 = FACE_BOUND('',#10943,.F.);
#10943 = EDGE_LOOP('',(#10944,#10945,#10946,#10947));
#10944 = ORIENTED_EDGE('',*,*,#9978,.F.);
#10945 = ORIENTED_EDGE('',*,*,#7397,.F.);
#10946 = ORIENTED_EDGE('',*,*,#8860,.F.);
#10947 = ORIENTED_EDGE('',*,*,#7416,.T.);
#10948 = CYLINDRICAL_SURFACE('',#10949,1.5);
#10949 = AXIS2_PLACEMENT_3D('',#10950,#10951,#10952);
#10950 = CARTESIAN_POINT('',(2.,5.742640687119,-26.));
#10951 = DIRECTION('',(-0.,-1.,-0.));
#10952 = DIRECTION('',(0.,0.,-1.));
#10953 = ADVANCED_FACE('',(#10954),#10960,.F.);
#10954 = FACE_BOUND('',#10955,.F.);
#10955 = EDGE_LOOP('',(#10956,#10957,#10958,#10959));
#10956 = ORIENTED_EDGE('',*,*,#9968,.F.);
#10957 = ORIENTED_EDGE('',*,*,#7355,.F.);
#10958 = ORIENTED_EDGE('',*,*,#8850,.F.);
#10959 = ORIENTED_EDGE('',*,*,#7374,.T.);
#10960 = CYLINDRICAL_SURFACE('',#10961,1.5);
#10961 = AXIS2_PLACEMENT_3D('',#10962,#10963,#10964);
#10962 = CARTESIAN_POINT('',(2.,5.742640687119,-22.));
#10963 = DIRECTION('',(-0.,-1.,-0.));
#10964 = DIRECTION('',(0.,0.,-1.));
#10965 = ADVANCED_FACE('',(#10966),#10972,.F.);
#10966 = FACE_BOUND('',#10967,.F.);
#10967 = EDGE_LOOP('',(#10968,#10969,#10970,#10971));
#10968 = ORIENTED_EDGE('',*,*,#9958,.F.);
#10969 = ORIENTED_EDGE('',*,*,#7313,.F.);
#10970 = ORIENTED_EDGE('',*,*,#8840,.F.);
#10971 = ORIENTED_EDGE('',*,*,#7332,.T.);
#10972 = CYLINDRICAL_SURFACE('',#10973,1.5);
#10973 = AXIS2_PLACEMENT_3D('',#10974,#10975,#10976);
#10974 = CARTESIAN_POINT('',(2.,5.742640687119,-18.));
#10975 = DIRECTION('',(-0.,-1.,-0.));
#10976 = DIRECTION('',(0.,0.,-1.));
#10977 = ADVANCED_FACE('',(#10978),#10984,.F.);
#10978 = FACE_BOUND('',#10979,.F.);
#10979 = EDGE_LOOP('',(#10980,#10981,#10982,#10983));
#10980 = ORIENTED_EDGE('',*,*,#9948,.F.);
#10981 = ORIENTED_EDGE('',*,*,#7271,.F.);
#10982 = ORIENTED_EDGE('',*,*,#8830,.F.);
#10983 = ORIENTED_EDGE('',*,*,#7290,.T.);
#10984 = CYLINDRICAL_SURFACE('',#10985,1.5);
#10985 = AXIS2_PLACEMENT_3D('',#10986,#10987,#10988);
#10986 = CARTESIAN_POINT('',(2.,5.742640687119,-14.));
#10987 = DIRECTION('',(-0.,-1.,-0.));
#10988 = DIRECTION('',(0.,0.,-1.));
#10989 = ADVANCED_FACE('',(#10990),#10996,.F.);
#10990 = FACE_BOUND('',#10991,.F.);
#10991 = EDGE_LOOP('',(#10992,#10993,#10994,#10995));
#10992 = ORIENTED_EDGE('',*,*,#9938,.F.);
#10993 = ORIENTED_EDGE('',*,*,#7229,.F.);
#10994 = ORIENTED_EDGE('',*,*,#8820,.F.);
#10995 = ORIENTED_EDGE('',*,*,#7248,.T.);
#10996 = CYLINDRICAL_SURFACE('',#10997,1.5);
#10997 = AXIS2_PLACEMENT_3D('',#10998,#10999,#11000);
#10998 = CARTESIAN_POINT('',(2.,5.742640687119,-10.));
#10999 = DIRECTION('',(-0.,-1.,-0.));
#11000 = DIRECTION('',(0.,0.,-1.));
#11001 = ADVANCED_FACE('',(#11002),#11008,.F.);
#11002 = FACE_BOUND('',#11003,.F.);
#11003 = EDGE_LOOP('',(#11004,#11005,#11006,#11007));
#11004 = ORIENTED_EDGE('',*,*,#9928,.F.);
#11005 = ORIENTED_EDGE('',*,*,#7187,.F.);
#11006 = ORIENTED_EDGE('',*,*,#8810,.F.);
#11007 = ORIENTED_EDGE('',*,*,#7206,.T.);
#11008 = CYLINDRICAL_SURFACE('',#11009,1.5);
#11009 = AXIS2_PLACEMENT_3D('',#11010,#11011,#11012);
#11010 = CARTESIAN_POINT('',(2.,5.742640687119,-6.));
#11011 = DIRECTION('',(-0.,-1.,-0.));
#11012 = DIRECTION('',(0.,0.,-1.));
#11013 = ADVANCED_FACE('',(#11014),#11020,.F.);
#11014 = FACE_BOUND('',#11015,.F.);
#11015 = EDGE_LOOP('',(#11016,#11017,#11018,#11019));
#11016 = ORIENTED_EDGE('',*,*,#9918,.F.);
#11017 = ORIENTED_EDGE('',*,*,#7145,.F.);
#11018 = ORIENTED_EDGE('',*,*,#8800,.F.);
#11019 = ORIENTED_EDGE('',*,*,#7164,.T.);
#11020 = CYLINDRICAL_SURFACE('',#11021,1.5);
#11021 = AXIS2_PLACEMENT_3D('',#11022,#11023,#11024);
#11022 = CARTESIAN_POINT('',(2.,5.742640687119,-2.));
#11023 = DIRECTION('',(-0.,-1.,-0.));
#11024 = DIRECTION('',(0.,0.,-1.));
#11025 = ADVANCED_FACE('',(#11026),#11032,.F.);
#11026 = FACE_BOUND('',#11027,.F.);
#11027 = EDGE_LOOP('',(#11028,#11029,#11030,#11031));
#11028 = ORIENTED_EDGE('',*,*,#9908,.F.);
#11029 = ORIENTED_EDGE('',*,*,#7103,.F.);
#11030 = ORIENTED_EDGE('',*,*,#8790,.F.);
#11031 = ORIENTED_EDGE('',*,*,#7122,.T.);
#11032 = CYLINDRICAL_SURFACE('',#11033,1.5);
#11033 = AXIS2_PLACEMENT_3D('',#11034,#11035,#11036);
#11034 = CARTESIAN_POINT('',(10.,5.742640687119,-26.));
#11035 = DIRECTION('',(-0.,-1.,-0.));
#11036 = DIRECTION('',(0.,0.,-1.));
#11037 = ADVANCED_FACE('',(#11038),#11044,.F.);
#11038 = FACE_BOUND('',#11039,.F.);
#11039 = EDGE_LOOP('',(#11040,#11041,#11042,#11043));
#11040 = ORIENTED_EDGE('',*,*,#9898,.F.);
#11041 = ORIENTED_EDGE('',*,*,#7061,.F.);
#11042 = ORIENTED_EDGE('',*,*,#8780,.F.);
#11043 = ORIENTED_EDGE('',*,*,#7080,.T.);
#11044 = CYLINDRICAL_SURFACE('',#11045,1.5);
#11045 = AXIS2_PLACEMENT_3D('',#11046,#11047,#11048);
#11046 = CARTESIAN_POINT('',(14.,5.742640687119,-26.));
#11047 = DIRECTION('',(-0.,-1.,-0.));
#11048 = DIRECTION('',(0.,0.,-1.));
#11049 = ADVANCED_FACE('',(#11050),#11056,.F.);
#11050 = FACE_BOUND('',#11051,.F.);
#11051 = EDGE_LOOP('',(#11052,#11053,#11054,#11055));
#11052 = ORIENTED_EDGE('',*,*,#9888,.F.);
#11053 = ORIENTED_EDGE('',*,*,#7019,.F.);
#11054 = ORIENTED_EDGE('',*,*,#8770,.F.);
#11055 = ORIENTED_EDGE('',*,*,#7038,.T.);
#11056 = CYLINDRICAL_SURFACE('',#11057,1.5);
#11057 = AXIS2_PLACEMENT_3D('',#11058,#11059,#11060);
#11058 = CARTESIAN_POINT('',(18.,5.742640687119,-26.));
#11059 = DIRECTION('',(-0.,-1.,-0.));
#11060 = DIRECTION('',(0.,0.,-1.));
#11061 = ADVANCED_FACE('',(#11062),#11068,.F.);
#11062 = FACE_BOUND('',#11063,.F.);
#11063 = EDGE_LOOP('',(#11064,#11065,#11066,#11067));
#11064 = ORIENTED_EDGE('',*,*,#9878,.F.);
#11065 = ORIENTED_EDGE('',*,*,#6977,.F.);
#11066 = ORIENTED_EDGE('',*,*,#8760,.F.);
#11067 = ORIENTED_EDGE('',*,*,#6996,.T.);
#11068 = CYLINDRICAL_SURFACE('',#11069,1.5);
#11069 = AXIS2_PLACEMENT_3D('',#11070,#11071,#11072);
#11070 = CARTESIAN_POINT('',(22.,5.742640687119,-26.));
#11071 = DIRECTION('',(-0.,-1.,-0.));
#11072 = DIRECTION('',(0.,0.,-1.));
#11073 = ADVANCED_FACE('',(#11074),#11080,.F.);
#11074 = FACE_BOUND('',#11075,.F.);
#11075 = EDGE_LOOP('',(#11076,#11077,#11078,#11079));
#11076 = ORIENTED_EDGE('',*,*,#9868,.F.);
#11077 = ORIENTED_EDGE('',*,*,#6935,.F.);
#11078 = ORIENTED_EDGE('',*,*,#8750,.F.);
#11079 = ORIENTED_EDGE('',*,*,#6954,.T.);
#11080 = CYLINDRICAL_SURFACE('',#11081,1.5);
#11081 = AXIS2_PLACEMENT_3D('',#11082,#11083,#11084);
#11082 = CARTESIAN_POINT('',(26.,5.742640687119,-26.));
#11083 = DIRECTION('',(-0.,-1.,-0.));
#11084 = DIRECTION('',(0.,0.,-1.));
#11085 = ADVANCED_FACE('',(#11086),#11092,.F.);
#11086 = FACE_BOUND('',#11087,.F.);
#11087 = EDGE_LOOP('',(#11088,#11089,#11090,#11091));
#11088 = ORIENTED_EDGE('',*,*,#9858,.F.);
#11089 = ORIENTED_EDGE('',*,*,#6893,.F.);
#11090 = ORIENTED_EDGE('',*,*,#8740,.F.);
#11091 = ORIENTED_EDGE('',*,*,#6912,.T.);
#11092 = CYLINDRICAL_SURFACE('',#11093,1.5);
#11093 = AXIS2_PLACEMENT_3D('',#11094,#11095,#11096);
#11094 = CARTESIAN_POINT('',(30.,5.742640687119,-26.));
#11095 = DIRECTION('',(-0.,-1.,-0.));
#11096 = DIRECTION('',(0.,0.,-1.));
#11097 = ADVANCED_FACE('',(#11098),#11104,.F.);
#11098 = FACE_BOUND('',#11099,.F.);
#11099 = EDGE_LOOP('',(#11100,#11101,#11102,#11103));
#11100 = ORIENTED_EDGE('',*,*,#9848,.F.);
#11101 = ORIENTED_EDGE('',*,*,#6851,.F.);
#11102 = ORIENTED_EDGE('',*,*,#8730,.F.);
#11103 = ORIENTED_EDGE('',*,*,#6870,.T.);
#11104 = CYLINDRICAL_SURFACE('',#11105,1.5);
#11105 = AXIS2_PLACEMENT_3D('',#11106,#11107,#11108);
#11106 = CARTESIAN_POINT('',(6.,5.742640687119,-22.));
#11107 = DIRECTION('',(-0.,-1.,-0.));
#11108 = DIRECTION('',(0.,0.,-1.));
#11109 = ADVANCED_FACE('',(#11110),#11116,.F.);
#11110 = FACE_BOUND('',#11111,.F.);
#11111 = EDGE_LOOP('',(#11112,#11113,#11114,#11115));
#11112 = ORIENTED_EDGE('',*,*,#9838,.F.);
#11113 = ORIENTED_EDGE('',*,*,#6809,.F.);
#11114 = ORIENTED_EDGE('',*,*,#8720,.F.);
#11115 = ORIENTED_EDGE('',*,*,#6828,.T.);
#11116 = CYLINDRICAL_SURFACE('',#11117,1.5);
#11117 = AXIS2_PLACEMENT_3D('',#11118,#11119,#11120);
#11118 = CARTESIAN_POINT('',(10.,5.742640687119,-22.));
#11119 = DIRECTION('',(-0.,-1.,-0.));
#11120 = DIRECTION('',(0.,0.,-1.));
#11121 = ADVANCED_FACE('',(#11122),#11128,.F.);
#11122 = FACE_BOUND('',#11123,.F.);
#11123 = EDGE_LOOP('',(#11124,#11125,#11126,#11127));
#11124 = ORIENTED_EDGE('',*,*,#9828,.F.);
#11125 = ORIENTED_EDGE('',*,*,#6767,.F.);
#11126 = ORIENTED_EDGE('',*,*,#8710,.F.);
#11127 = ORIENTED_EDGE('',*,*,#6786,.T.);
#11128 = CYLINDRICAL_SURFACE('',#11129,1.5);
#11129 = AXIS2_PLACEMENT_3D('',#11130,#11131,#11132);
#11130 = CARTESIAN_POINT('',(6.,5.742640687119,-30.));
#11131 = DIRECTION('',(-0.,-1.,-0.));
#11132 = DIRECTION('',(0.,0.,-1.));
#11133 = ADVANCED_FACE('',(#11134),#11140,.F.);
#11134 = FACE_BOUND('',#11135,.F.);
#11135 = EDGE_LOOP('',(#11136,#11137,#11138,#11139));
#11136 = ORIENTED_EDGE('',*,*,#9818,.F.);
#11137 = ORIENTED_EDGE('',*,*,#6725,.F.);
#11138 = ORIENTED_EDGE('',*,*,#8700,.F.);
#11139 = ORIENTED_EDGE('',*,*,#6744,.T.);
#11140 = CYLINDRICAL_SURFACE('',#11141,1.5);
#11141 = AXIS2_PLACEMENT_3D('',#11142,#11143,#11144);
#11142 = CARTESIAN_POINT('',(10.,5.742640687119,-30.));
#11143 = DIRECTION('',(-0.,-1.,-0.));
#11144 = DIRECTION('',(0.,0.,-1.));
#11145 = ADVANCED_FACE('',(#11146),#11152,.F.);
#11146 = FACE_BOUND('',#11147,.F.);
#11147 = EDGE_LOOP('',(#11148,#11149,#11150,#11151));
#11148 = ORIENTED_EDGE('',*,*,#9808,.F.);
#11149 = ORIENTED_EDGE('',*,*,#6683,.F.);
#11150 = ORIENTED_EDGE('',*,*,#8690,.F.);
#11151 = ORIENTED_EDGE('',*,*,#6702,.T.);
#11152 = CYLINDRICAL_SURFACE('',#11153,1.5);
#11153 = AXIS2_PLACEMENT_3D('',#11154,#11155,#11156);
#11154 = CARTESIAN_POINT('',(14.,5.742640687119,-30.));
#11155 = DIRECTION('',(-0.,-1.,-0.));
#11156 = DIRECTION('',(0.,0.,-1.));
#11157 = ADVANCED_FACE('',(#11158),#11164,.F.);
#11158 = FACE_BOUND('',#11159,.F.);
#11159 = EDGE_LOOP('',(#11160,#11161,#11162,#11163));
#11160 = ORIENTED_EDGE('',*,*,#9798,.F.);
#11161 = ORIENTED_EDGE('',*,*,#6641,.F.);
#11162 = ORIENTED_EDGE('',*,*,#8680,.F.);
#11163 = ORIENTED_EDGE('',*,*,#6660,.T.);
#11164 = CYLINDRICAL_SURFACE('',#11165,1.5);
#11165 = AXIS2_PLACEMENT_3D('',#11166,#11167,#11168);
#11166 = CARTESIAN_POINT('',(18.,5.742640687119,-30.));
#11167 = DIRECTION('',(-0.,-1.,-0.));
#11168 = DIRECTION('',(0.,0.,-1.));
#11169 = ADVANCED_FACE('',(#11170),#11176,.F.);
#11170 = FACE_BOUND('',#11171,.F.);
#11171 = EDGE_LOOP('',(#11172,#11173,#11174,#11175));
#11172 = ORIENTED_EDGE('',*,*,#9788,.F.);
#11173 = ORIENTED_EDGE('',*,*,#6599,.F.);
#11174 = ORIENTED_EDGE('',*,*,#8670,.F.);
#11175 = ORIENTED_EDGE('',*,*,#6618,.T.);
#11176 = CYLINDRICAL_SURFACE('',#11177,1.5);
#11177 = AXIS2_PLACEMENT_3D('',#11178,#11179,#11180);
#11178 = CARTESIAN_POINT('',(6.,5.742640687119,-26.));
#11179 = DIRECTION('',(-0.,-1.,-0.));
#11180 = DIRECTION('',(0.,0.,-1.));
#11181 = ADVANCED_FACE('',(#11182),#11188,.F.);
#11182 = FACE_BOUND('',#11183,.F.);
#11183 = EDGE_LOOP('',(#11184,#11185,#11186,#11187));
#11184 = ORIENTED_EDGE('',*,*,#9778,.F.);
#11185 = ORIENTED_EDGE('',*,*,#6557,.F.);
#11186 = ORIENTED_EDGE('',*,*,#8660,.F.);
#11187 = ORIENTED_EDGE('',*,*,#6576,.T.);
#11188 = CYLINDRICAL_SURFACE('',#11189,1.5);
#11189 = AXIS2_PLACEMENT_3D('',#11190,#11191,#11192);
#11190 = CARTESIAN_POINT('',(30.,5.742640687119,-30.));
#11191 = DIRECTION('',(-0.,-1.,-0.));
#11192 = DIRECTION('',(0.,0.,-1.));
#11193 = ADVANCED_FACE('',(#11194),#11200,.F.);
#11194 = FACE_BOUND('',#11195,.F.);
#11195 = EDGE_LOOP('',(#11196,#11197,#11198,#11199));
#11196 = ORIENTED_EDGE('',*,*,#9768,.F.);
#11197 = ORIENTED_EDGE('',*,*,#6515,.F.);
#11198 = ORIENTED_EDGE('',*,*,#8650,.F.);
#11199 = ORIENTED_EDGE('',*,*,#6534,.T.);
#11200 = CYLINDRICAL_SURFACE('',#11201,1.5);
#11201 = AXIS2_PLACEMENT_3D('',#11202,#11203,#11204);
#11202 = CARTESIAN_POINT('',(26.,5.742640687119,-30.));
#11203 = DIRECTION('',(-0.,-1.,-0.));
#11204 = DIRECTION('',(0.,0.,-1.));
#11205 = ADVANCED_FACE('',(#11206),#11212,.F.);
#11206 = FACE_BOUND('',#11207,.F.);
#11207 = EDGE_LOOP('',(#11208,#11209,#11210,#11211));
#11208 = ORIENTED_EDGE('',*,*,#9758,.F.);
#11209 = ORIENTED_EDGE('',*,*,#6473,.F.);
#11210 = ORIENTED_EDGE('',*,*,#8640,.F.);
#11211 = ORIENTED_EDGE('',*,*,#6492,.T.);
#11212 = CYLINDRICAL_SURFACE('',#11213,1.5);
#11213 = AXIS2_PLACEMENT_3D('',#11214,#11215,#11216);
#11214 = CARTESIAN_POINT('',(22.,5.742640687119,-30.));
#11215 = DIRECTION('',(-0.,-1.,-0.));
#11216 = DIRECTION('',(0.,0.,-1.));
#11217 = ADVANCED_FACE('',(#11218),#11224,.F.);
#11218 = FACE_BOUND('',#11219,.F.);
#11219 = EDGE_LOOP('',(#11220,#11221,#11222,#11223));
#11220 = ORIENTED_EDGE('',*,*,#9748,.F.);
#11221 = ORIENTED_EDGE('',*,*,#6431,.F.);
#11222 = ORIENTED_EDGE('',*,*,#8630,.F.);
#11223 = ORIENTED_EDGE('',*,*,#6450,.T.);
#11224 = CYLINDRICAL_SURFACE('',#11225,1.5);
#11225 = AXIS2_PLACEMENT_3D('',#11226,#11227,#11228);
#11226 = CARTESIAN_POINT('',(18.,5.742640687119,-14.));
#11227 = DIRECTION('',(-0.,-1.,-0.));
#11228 = DIRECTION('',(0.,0.,-1.));
#11229 = ADVANCED_FACE('',(#11230),#11236,.F.);
#11230 = FACE_BOUND('',#11231,.F.);
#11231 = EDGE_LOOP('',(#11232,#11233,#11234,#11235));
#11232 = ORIENTED_EDGE('',*,*,#9738,.F.);
#11233 = ORIENTED_EDGE('',*,*,#6389,.F.);
#11234 = ORIENTED_EDGE('',*,*,#8620,.F.);
#11235 = ORIENTED_EDGE('',*,*,#6408,.T.);
#11236 = CYLINDRICAL_SURFACE('',#11237,1.5);
#11237 = AXIS2_PLACEMENT_3D('',#11238,#11239,#11240);
#11238 = CARTESIAN_POINT('',(14.,5.742640687119,-14.));
#11239 = DIRECTION('',(-0.,-1.,-0.));
#11240 = DIRECTION('',(0.,0.,-1.));
#11241 = ADVANCED_FACE('',(#11242),#11248,.F.);
#11242 = FACE_BOUND('',#11243,.F.);
#11243 = EDGE_LOOP('',(#11244,#11245,#11246,#11247));
#11244 = ORIENTED_EDGE('',*,*,#9728,.F.);
#11245 = ORIENTED_EDGE('',*,*,#6347,.F.);
#11246 = ORIENTED_EDGE('',*,*,#8610,.F.);
#11247 = ORIENTED_EDGE('',*,*,#6366,.T.);
#11248 = CYLINDRICAL_SURFACE('',#11249,1.5);
#11249 = AXIS2_PLACEMENT_3D('',#11250,#11251,#11252);
#11250 = CARTESIAN_POINT('',(10.,5.742640687119,-14.));
#11251 = DIRECTION('',(-0.,-1.,-0.));
#11252 = DIRECTION('',(0.,0.,-1.));
#11253 = ADVANCED_FACE('',(#11254),#11260,.F.);
#11254 = FACE_BOUND('',#11255,.F.);
#11255 = EDGE_LOOP('',(#11256,#11257,#11258,#11259));
#11256 = ORIENTED_EDGE('',*,*,#9718,.F.);
#11257 = ORIENTED_EDGE('',*,*,#6305,.F.);
#11258 = ORIENTED_EDGE('',*,*,#8600,.F.);
#11259 = ORIENTED_EDGE('',*,*,#6324,.T.);
#11260 = CYLINDRICAL_SURFACE('',#11261,1.5);
#11261 = AXIS2_PLACEMENT_3D('',#11262,#11263,#11264);
#11262 = CARTESIAN_POINT('',(6.,5.742640687119,-14.));
#11263 = DIRECTION('',(-0.,-1.,-0.));
#11264 = DIRECTION('',(0.,0.,-1.));
#11265 = ADVANCED_FACE('',(#11266),#11272,.F.);
#11266 = FACE_BOUND('',#11267,.F.);
#11267 = EDGE_LOOP('',(#11268,#11269,#11270,#11271));
#11268 = ORIENTED_EDGE('',*,*,#9708,.F.);
#11269 = ORIENTED_EDGE('',*,*,#6263,.F.);
#11270 = ORIENTED_EDGE('',*,*,#8590,.F.);
#11271 = ORIENTED_EDGE('',*,*,#6282,.T.);
#11272 = CYLINDRICAL_SURFACE('',#11273,1.5);
#11273 = AXIS2_PLACEMENT_3D('',#11274,#11275,#11276);
#11274 = CARTESIAN_POINT('',(30.,5.742640687119,-18.));
#11275 = DIRECTION('',(-0.,-1.,-0.));
#11276 = DIRECTION('',(0.,0.,-1.));
#11277 = ADVANCED_FACE('',(#11278),#11284,.F.);
#11278 = FACE_BOUND('',#11279,.F.);
#11279 = EDGE_LOOP('',(#11280,#11281,#11282,#11283));
#11280 = ORIENTED_EDGE('',*,*,#9698,.F.);
#11281 = ORIENTED_EDGE('',*,*,#6221,.F.);
#11282 = ORIENTED_EDGE('',*,*,#8580,.F.);
#11283 = ORIENTED_EDGE('',*,*,#6240,.T.);
#11284 = CYLINDRICAL_SURFACE('',#11285,1.5);
#11285 = AXIS2_PLACEMENT_3D('',#11286,#11287,#11288);
#11286 = CARTESIAN_POINT('',(26.,5.742640687119,-18.));
#11287 = DIRECTION('',(-0.,-1.,-0.));
#11288 = DIRECTION('',(0.,0.,-1.));
#11289 = ADVANCED_FACE('',(#11290),#11296,.F.);
#11290 = FACE_BOUND('',#11291,.F.);
#11291 = EDGE_LOOP('',(#11292,#11293,#11294,#11295));
#11292 = ORIENTED_EDGE('',*,*,#9688,.F.);
#11293 = ORIENTED_EDGE('',*,*,#6179,.F.);
#11294 = ORIENTED_EDGE('',*,*,#8570,.F.);
#11295 = ORIENTED_EDGE('',*,*,#6198,.T.);
#11296 = CYLINDRICAL_SURFACE('',#11297,1.5);
#11297 = AXIS2_PLACEMENT_3D('',#11298,#11299,#11300);
#11298 = CARTESIAN_POINT('',(22.,5.742640687119,-18.));
#11299 = DIRECTION('',(-0.,-1.,-0.));
#11300 = DIRECTION('',(0.,0.,-1.));
#11301 = ADVANCED_FACE('',(#11302),#11308,.F.);
#11302 = FACE_BOUND('',#11303,.F.);
#11303 = EDGE_LOOP('',(#11304,#11305,#11306,#11307));
#11304 = ORIENTED_EDGE('',*,*,#9668,.F.);
#11305 = ORIENTED_EDGE('',*,*,#6137,.F.);
#11306 = ORIENTED_EDGE('',*,*,#8560,.F.);
#11307 = ORIENTED_EDGE('',*,*,#6156,.T.);
#11308 = CYLINDRICAL_SURFACE('',#11309,1.5);
#11309 = AXIS2_PLACEMENT_3D('',#11310,#11311,#11312);
#11310 = CARTESIAN_POINT('',(14.,5.742640687119,-22.));
#11311 = DIRECTION('',(-0.,-1.,-0.));
#11312 = DIRECTION('',(0.,0.,-1.));
#11313 = ADVANCED_FACE('',(#11314),#11320,.F.);
#11314 = FACE_BOUND('',#11315,.F.);
#11315 = EDGE_LOOP('',(#11316,#11317,#11318,#11319));
#11316 = ORIENTED_EDGE('',*,*,#9658,.F.);
#11317 = ORIENTED_EDGE('',*,*,#6095,.F.);
#11318 = ORIENTED_EDGE('',*,*,#8550,.F.);
#11319 = ORIENTED_EDGE('',*,*,#6114,.T.);
#11320 = CYLINDRICAL_SURFACE('',#11321,1.5);
#11321 = AXIS2_PLACEMENT_3D('',#11322,#11323,#11324);
#11322 = CARTESIAN_POINT('',(18.,5.742640687119,-22.));
#11323 = DIRECTION('',(-0.,-1.,-0.));
#11324 = DIRECTION('',(0.,0.,-1.));
#11325 = ADVANCED_FACE('',(#11326),#11332,.F.);
#11326 = FACE_BOUND('',#11327,.F.);
#11327 = EDGE_LOOP('',(#11328,#11329,#11330,#11331));
#11328 = ORIENTED_EDGE('',*,*,#9648,.F.);
#11329 = ORIENTED_EDGE('',*,*,#6053,.F.);
#11330 = ORIENTED_EDGE('',*,*,#8540,.F.);
#11331 = ORIENTED_EDGE('',*,*,#6072,.T.);
#11332 = CYLINDRICAL_SURFACE('',#11333,1.5);
#11333 = AXIS2_PLACEMENT_3D('',#11334,#11335,#11336);
#11334 = CARTESIAN_POINT('',(22.,5.742640687119,-22.));
#11335 = DIRECTION('',(-0.,-1.,-0.));
#11336 = DIRECTION('',(0.,0.,-1.));
#11337 = ADVANCED_FACE('',(#11338),#11344,.F.);
#11338 = FACE_BOUND('',#11339,.F.);
#11339 = EDGE_LOOP('',(#11340,#11341,#11342,#11343));
#11340 = ORIENTED_EDGE('',*,*,#9638,.F.);
#11341 = ORIENTED_EDGE('',*,*,#6011,.F.);
#11342 = ORIENTED_EDGE('',*,*,#8530,.F.);
#11343 = ORIENTED_EDGE('',*,*,#6030,.T.);
#11344 = CYLINDRICAL_SURFACE('',#11345,1.5);
#11345 = AXIS2_PLACEMENT_3D('',#11346,#11347,#11348);
#11346 = CARTESIAN_POINT('',(26.,5.742640687119,-22.));
#11347 = DIRECTION('',(-0.,-1.,-0.));
#11348 = DIRECTION('',(0.,0.,-1.));
#11349 = ADVANCED_FACE('',(#11350),#11356,.F.);
#11350 = FACE_BOUND('',#11351,.F.);
#11351 = EDGE_LOOP('',(#11352,#11353,#11354,#11355));
#11352 = ORIENTED_EDGE('',*,*,#9628,.F.);
#11353 = ORIENTED_EDGE('',*,*,#5969,.F.);
#11354 = ORIENTED_EDGE('',*,*,#8520,.F.);
#11355 = ORIENTED_EDGE('',*,*,#5988,.T.);
#11356 = CYLINDRICAL_SURFACE('',#11357,1.5);
#11357 = AXIS2_PLACEMENT_3D('',#11358,#11359,#11360);
#11358 = CARTESIAN_POINT('',(14.,5.742640687119,-18.));
#11359 = DIRECTION('',(-0.,-1.,-0.));
#11360 = DIRECTION('',(0.,0.,-1.));
#11361 = ADVANCED_FACE('',(#11362),#11368,.F.);
#11362 = FACE_BOUND('',#11363,.F.);
#11363 = EDGE_LOOP('',(#11364,#11365,#11366,#11367));
#11364 = ORIENTED_EDGE('',*,*,#9618,.F.);
#11365 = ORIENTED_EDGE('',*,*,#5927,.F.);
#11366 = ORIENTED_EDGE('',*,*,#8510,.F.);
#11367 = ORIENTED_EDGE('',*,*,#5946,.T.);
#11368 = CYLINDRICAL_SURFACE('',#11369,1.5);
#11369 = AXIS2_PLACEMENT_3D('',#11370,#11371,#11372);
#11370 = CARTESIAN_POINT('',(10.,5.742640687119,-18.));
#11371 = DIRECTION('',(-0.,-1.,-0.));
#11372 = DIRECTION('',(0.,0.,-1.));
#11373 = ADVANCED_FACE('',(#11374),#11380,.F.);
#11374 = FACE_BOUND('',#11375,.F.);
#11375 = EDGE_LOOP('',(#11376,#11377,#11378,#11379));
#11376 = ORIENTED_EDGE('',*,*,#9608,.F.);
#11377 = ORIENTED_EDGE('',*,*,#5885,.F.);
#11378 = ORIENTED_EDGE('',*,*,#8500,.F.);
#11379 = ORIENTED_EDGE('',*,*,#5904,.T.);
#11380 = CYLINDRICAL_SURFACE('',#11381,1.5);
#11381 = AXIS2_PLACEMENT_3D('',#11382,#11383,#11384);
#11382 = CARTESIAN_POINT('',(6.,5.742640687119,-18.));
#11383 = DIRECTION('',(-0.,-1.,-0.));
#11384 = DIRECTION('',(0.,0.,-1.));
#11385 = ADVANCED_FACE('',(#11386),#11392,.F.);
#11386 = FACE_BOUND('',#11387,.F.);
#11387 = EDGE_LOOP('',(#11388,#11389,#11390,#11391));
#11388 = ORIENTED_EDGE('',*,*,#9598,.F.);
#11389 = ORIENTED_EDGE('',*,*,#5843,.F.);
#11390 = ORIENTED_EDGE('',*,*,#8490,.F.);
#11391 = ORIENTED_EDGE('',*,*,#5862,.T.);
#11392 = CYLINDRICAL_SURFACE('',#11393,1.5);
#11393 = AXIS2_PLACEMENT_3D('',#11394,#11395,#11396);
#11394 = CARTESIAN_POINT('',(30.,5.742640687119,-22.));
#11395 = DIRECTION('',(-0.,-1.,-0.));
#11396 = DIRECTION('',(0.,0.,-1.));
#11397 = ADVANCED_FACE('',(#11398),#11404,.F.);
#11398 = FACE_BOUND('',#11399,.F.);
#11399 = EDGE_LOOP('',(#11400,#11401,#11402,#11403));
#11400 = ORIENTED_EDGE('',*,*,#9678,.F.);
#11401 = ORIENTED_EDGE('',*,*,#5801,.F.);
#11402 = ORIENTED_EDGE('',*,*,#9154,.F.);
#11403 = ORIENTED_EDGE('',*,*,#5820,.T.);
#11404 = CYLINDRICAL_SURFACE('',#11405,1.5);
#11405 = AXIS2_PLACEMENT_3D('',#11406,#11407,#11408);
#11406 = CARTESIAN_POINT('',(18.,5.742640687119,-18.));
#11407 = DIRECTION('',(-0.,-1.,-0.));
#11408 = DIRECTION('',(0.,0.,-1.));
#11409 = ( GEOMETRIC_REPRESENTATION_CONTEXT(3) 
GLOBAL_UNCERTAINTY_ASSIGNED_CONTEXT((#11413)) 
GLOBAL_UNIT_ASSIGNED_CONTEXT((#11410,#11411,#11412)) 
REPRESENTATION_CONTEXT('Context #1',
  '3D Context with UNIT and UNCERTAINTY') );
#11410 = ( LENGTH_UNIT() NAMED_UNIT(*) SI_UNIT(.MILLI.,.METRE.) );
#11411 = ( NAMED_UNIT(*) PLANE_ANGLE_UNIT() SI_UNIT($,.RADIAN.) );
#11412 = ( NAMED_UNIT(*) SI_UNIT($,.STERADIAN.) SOLID_ANGLE_UNIT() );
#11413 = UNCERTAINTY_MEASURE_WITH_UNIT(LENGTH_MEASURE(1.E-07),#11410,
  'distance_accuracy_value','confusion accuracy');
#11414 = CONTEXT_DEPENDENT_SHAPE_REPRESENTATION(#11415,#11417);
#11415 = ( REPRESENTATION_RELATIONSHIP('','',#5794,#48) 
REPRESENTATION_RELATIONSHIP_WITH_TRANSFORMATION(#11416) 
SHAPE_REPRESENTATION_RELATIONSHIP() );
#11416 = ITEM_DEFINED_TRANSFORMATION('','',#11,#53);
#11417 = PRODUCT_DEFINITION_SHAPE('Placement','Placement of an item',
  #11418);
#11418 = NEXT_ASSEMBLY_USAGE_OCCURRENCE('2','NAUO2','',#43,#5789,$);
#11419 = PRODUCT_RELATED_PRODUCT_CATEGORY('part',$,(#5791));
#11420 = SHAPE_DEFINITION_REPRESENTATION(#11421,#11427);
#11421 = PRODUCT_DEFINITION_SHAPE('','',#11422);
#11422 = PRODUCT_DEFINITION('design','',#11423,#11426);
#11423 = PRODUCT_DEFINITION_FORMATION('','',#11424);
#11424 = PRODUCT('1088-lead','1088-lead','',(#11425));
#11425 = PRODUCT_CONTEXT('',#2,'mechanical');
#11426 = PRODUCT_DEFINITION_CONTEXT('part definition',#2,'design');
#11427 = ADVANCED_BREP_SHAPE_REPRESENTATION('',(#11,#11428),#11516);
#11428 = MANIFOLD_SOLID_BREP('',#11429);
#11429 = CLOSED_SHELL('',(#11430,#11472,#11496,#11506));
#11430 = ADVANCED_FACE('',(#11431),#11467,.T.);
#11431 = FACE_BOUND('',#11432,.T.);
#11432 = EDGE_LOOP('',(#11433,#11444,#11452,#11461));
#11433 = ORIENTED_EDGE('',*,*,#11434,.F.);
#11434 = EDGE_CURVE('',#11435,#11437,#11439,.T.);
#11435 = VERTEX_POINT('',#11436);
#11436 = CARTESIAN_POINT('',(15.334806277999,9.,-2.458957195425));
#11437 = VERTEX_POINT('',#11438);
#11438 = CARTESIAN_POINT('',(15.334806277999,9.,-2.658957195425));
#11439 = CIRCLE('',#11440,1.E-01);
#11440 = AXIS2_PLACEMENT_3D('',#11441,#11442,#11443);
#11441 = CARTESIAN_POINT('',(15.334806277999,9.,-2.558957195425));
#11442 = DIRECTION('',(0.,1.,0.));
#11443 = DIRECTION('',(0.,-0.,1.));
#11444 = ORIENTED_EDGE('',*,*,#11445,.T.);
#11445 = EDGE_CURVE('',#11435,#11446,#11448,.T.);
#11446 = VERTEX_POINT('',#11447);
#11447 = CARTESIAN_POINT('',(15.334806277999,0.,-2.458957195425));
#11448 = LINE('',#11449,#11450);
#11449 = CARTESIAN_POINT('',(15.334806277999,9.,-2.458957195425));
#11450 = VECTOR('',#11451,1.);
#11451 = DIRECTION('',(-0.,-1.,-0.));
#11452 = ORIENTED_EDGE('',*,*,#11453,.T.);
#11453 = EDGE_CURVE('',#11446,#11454,#11456,.T.);
#11454 = VERTEX_POINT('',#11455);
#11455 = CARTESIAN_POINT('',(15.334806277999,0.,-2.658957195425));
#11456 = CIRCLE('',#11457,1.E-01);
#11457 = AXIS2_PLACEMENT_3D('',#11458,#11459,#11460);
#11458 = CARTESIAN_POINT('',(15.334806277999,0.,-2.558957195425));
#11459 = DIRECTION('',(0.,1.,0.));
#11460 = DIRECTION('',(0.,-0.,1.));
#11461 = ORIENTED_EDGE('',*,*,#11462,.F.);
#11462 = EDGE_CURVE('',#11437,#11454,#11463,.T.);
#11463 = LINE('',#11464,#11465);
#11464 = CARTESIAN_POINT('',(15.334806277999,9.,-2.658957195425));
#11465 = VECTOR('',#11466,1.);
#11466 = DIRECTION('',(-0.,-1.,-0.));
#11467 = CYLINDRICAL_SURFACE('',#11468,1.E-01);
#11468 = AXIS2_PLACEMENT_3D('',#11469,#11470,#11471);
#11469 = CARTESIAN_POINT('',(15.334806277999,9.,-2.558957195425));
#11470 = DIRECTION('',(-0.,-1.,-0.));
#11471 = DIRECTION('',(0.,0.,-1.));
#11472 = ADVANCED_FACE('',(#11473),#11491,.T.);
#11473 = FACE_BOUND('',#11474,.T.);
#11474 = EDGE_LOOP('',(#11475,#11476,#11483,#11484));
#11475 = ORIENTED_EDGE('',*,*,#11445,.F.);
#11476 = ORIENTED_EDGE('',*,*,#11477,.F.);
#11477 = EDGE_CURVE('',#11437,#11435,#11478,.T.);
#11478 = CIRCLE('',#11479,1.E-01);
#11479 = AXIS2_PLACEMENT_3D('',#11480,#11481,#11482);
#11480 = CARTESIAN_POINT('',(15.334806277999,9.,-2.558957195425));
#11481 = DIRECTION('',(0.,1.,0.));
#11482 = DIRECTION('',(0.,-0.,1.));
#11483 = ORIENTED_EDGE('',*,*,#11462,.T.);
#11484 = ORIENTED_EDGE('',*,*,#11485,.T.);
#11485 = EDGE_CURVE('',#11454,#11446,#11486,.T.);
#11486 = CIRCLE('',#11487,1.E-01);
#11487 = AXIS2_PLACEMENT_3D('',#11488,#11489,#11490);
#11488 = CARTESIAN_POINT('',(15.334806277999,0.,-2.558957195425));
#11489 = DIRECTION('',(0.,1.,0.));
#11490 = DIRECTION('',(0.,-0.,1.));
#11491 = CYLINDRICAL_SURFACE('',#11492,1.E-01);
#11492 = AXIS2_PLACEMENT_3D('',#11493,#11494,#11495);
#11493 = CARTESIAN_POINT('',(15.334806277999,9.,-2.558957195425));
#11494 = DIRECTION('',(-0.,-1.,-0.));
#11495 = DIRECTION('',(0.,0.,-1.));
#11496 = ADVANCED_FACE('',(#11497),#11501,.T.);
#11497 = FACE_BOUND('',#11498,.T.);
#11498 = EDGE_LOOP('',(#11499,#11500));
#11499 = ORIENTED_EDGE('',*,*,#11477,.T.);
#11500 = ORIENTED_EDGE('',*,*,#11434,.T.);
#11501 = PLANE('',#11502);
#11502 = AXIS2_PLACEMENT_3D('',#11503,#11504,#11505);
#11503 = CARTESIAN_POINT('',(15.334806277999,9.,-2.558957195425));
#11504 = DIRECTION('',(0.,1.,0.));
#11505 = DIRECTION('',(0.,-0.,1.));
#11506 = ADVANCED_FACE('',(#11507),#11511,.F.);
#11507 = FACE_BOUND('',#11508,.T.);
#11508 = EDGE_LOOP('',(#11509,#11510));
#11509 = ORIENTED_EDGE('',*,*,#11485,.F.);
#11510 = ORIENTED_EDGE('',*,*,#11453,.F.);
#11511 = PLANE('',#11512);
#11512 = AXIS2_PLACEMENT_3D('',#11513,#11514,#11515);
#11513 = CARTESIAN_POINT('',(15.334806277999,0.,-2.558957195425));
#11514 = DIRECTION('',(0.,1.,0.));
#11515 = DIRECTION('',(0.,-0.,1.));
#11516 = ( GEOMETRIC_REPRESENTATION_CONTEXT(3) 
GLOBAL_UNCERTAINTY_ASSIGNED_CONTEXT((#11520)) 
GLOBAL_UNIT_ASSIGNED_CONTEXT((#11517,#11518,#11519)) 
REPRESENTATION_CONTEXT('Context #1',
  '3D Context with UNIT and UNCERTAINTY') );
#11517 = ( LENGTH_UNIT() NAMED_UNIT(*) SI_UNIT(.MILLI.,.METRE.) );
#11518 = ( NAMED_UNIT(*) PLANE_ANGLE_UNIT() SI_UNIT($,.RADIAN.) );
#11519 = ( NAMED_UNIT(*) SI_UNIT($,.STERADIAN.) SOLID_ANGLE_UNIT() );
#11520 = UNCERTAINTY_MEASURE_WITH_UNIT(LENGTH_MEASURE(1.E-07),#11517,
  'distance_accuracy_value','confusion accuracy');
#11521 = CONTEXT_DEPENDENT_SHAPE_REPRESENTATION(#11522,#11524);
#11522 = ( REPRESENTATION_RELATIONSHIP('','',#11427,#48) 
REPRESENTATION_RELATIONSHIP_WITH_TRANSFORMATION(#11523) 
SHAPE_REPRESENTATION_RELATIONSHIP() );
#11523 = ITEM_DEFINED_TRANSFORMATION('','',#11,#57);
#11524 = PRODUCT_DEFINITION_SHAPE('Placement','Placement of an item',
  #11525);
#11525 = NEXT_ASSEMBLY_USAGE_OCCURRENCE('3','NAUO3','',#43,#11422,$);
#11526 = PRODUCT_RELATED_PRODUCT_CATEGORY('part',$,(#11424));
#11527 = CONTEXT_DEPENDENT_SHAPE_REPRESENTATION(#11528,#11530);
#11528 = ( REPRESENTATION_RELATIONSHIP('','',#11427,#48) 
REPRESENTATION_RELATIONSHIP_WITH_TRANSFORMATION(#11529) 
SHAPE_REPRESENTATION_RELATIONSHIP() );
#11529 = ITEM_DEFINED_TRANSFORMATION('','',#11,#61);
#11530 = PRODUCT_DEFINITION_SHAPE('Placement','Placement of an item',
  #11531);
#11531 = NEXT_ASSEMBLY_USAGE_OCCURRENCE('4','NAUO4','',#43,#11422,$);
#11532 = CONTEXT_DEPENDENT_SHAPE_REPRESENTATION(#11533,#11535);
#11533 = ( REPRESENTATION_RELATIONSHIP('','',#11427,#48) 
REPRESENTATION_RELATIONSHIP_WITH_TRANSFORMATION(#11534) 
SHAPE_REPRESENTATION_RELATIONSHIP() );
#11534 = ITEM_DEFINED_TRANSFORMATION('','',#11,#65);
#11535 = PRODUCT_DEFINITION_SHAPE('Placement','Placement of an item',
  #11536);
#11536 = NEXT_ASSEMBLY_USAGE_OCCURRENCE('5','NAUO5','',#43,#11422,$);
#11537 = CONTEXT_DEPENDENT_SHAPE_REPRESENTATION(#11538,#11540);
#11538 = ( REPRESENTATION_RELATIONSHIP('','',#11427,#48) 
REPRESENTATION_RELATIONSHIP_WITH_TRANSFORMATION(#11539) 
SHAPE_REPRESENTATION_RELATIONSHIP() );
#11539 = ITEM_DEFINED_TRANSFORMATION('','',#11,#69);
#11540 = PRODUCT_DEFINITION_SHAPE('Placement','Placement of an item',
  #11541);
#11541 = NEXT_ASSEMBLY_USAGE_OCCURRENCE('6','NAUO6','',#43,#11422,$);
#11542 = CONTEXT_DEPENDENT_SHAPE_REPRESENTATION(#11543,#11545);
#11543 = ( REPRESENTATION_RELATIONSHIP('','',#11427,#48) 
REPRESENTATION_RELATIONSHIP_WITH_TRANSFORMATION(#11544) 
SHAPE_REPRESENTATION_RELATIONSHIP() );
#11544 = ITEM_DEFINED_TRANSFORMATION('','',#11,#73);
#11545 = PRODUCT_DEFINITION_SHAPE('Placement','Placement of an item',
  #11546);
#11546 = NEXT_ASSEMBLY_USAGE_OCCURRENCE('7','NAUO7','',#43,#11422,$);
#11547 = CONTEXT_DEPENDENT_SHAPE_REPRESENTATION(#11548,#11550);
#11548 = ( REPRESENTATION_RELATIONSHIP('','',#11427,#48) 
REPRESENTATION_RELATIONSHIP_WITH_TRANSFORMATION(#11549) 
SHAPE_REPRESENTATION_RELATIONSHIP() );
#11549 = ITEM_DEFINED_TRANSFORMATION('','',#11,#77);
#11550 = PRODUCT_DEFINITION_SHAPE('Placement','Placement of an item',
  #11551);
#11551 = NEXT_ASSEMBLY_USAGE_OCCURRENCE('8','NAUO8','',#43,#11422,$);
#11552 = CONTEXT_DEPENDENT_SHAPE_REPRESENTATION(#11553,#11555);
#11553 = ( REPRESENTATION_RELATIONSHIP('','',#11427,#48) 
REPRESENTATION_RELATIONSHIP_WITH_TRANSFORMATION(#11554) 
SHAPE_REPRESENTATION_RELATIONSHIP() );
#11554 = ITEM_DEFINED_TRANSFORMATION('','',#11,#81);
#11555 = PRODUCT_DEFINITION_SHAPE('Placement','Placement of an item',
  #11556);
#11556 = NEXT_ASSEMBLY_USAGE_OCCURRENCE('9','NAUO9','',#43,#11422,$);
#11557 = CONTEXT_DEPENDENT_SHAPE_REPRESENTATION(#11558,#11560);
#11558 = ( REPRESENTATION_RELATIONSHIP('','',#11427,#48) 
REPRESENTATION_RELATIONSHIP_WITH_TRANSFORMATION(#11559) 
SHAPE_REPRESENTATION_RELATIONSHIP() );
#11559 = ITEM_DEFINED_TRANSFORMATION('','',#11,#85);
#11560 = PRODUCT_DEFINITION_SHAPE('Placement','Placement of an item',
  #11561);
#11561 = NEXT_ASSEMBLY_USAGE_OCCURRENCE('10','NAUO10','',#43,#11422,$);
#11562 = CONTEXT_DEPENDENT_SHAPE_REPRESENTATION(#11563,#11565);
#11563 = ( REPRESENTATION_RELATIONSHIP('','',#11427,#48) 
REPRESENTATION_RELATIONSHIP_WITH_TRANSFORMATION(#11564) 
SHAPE_REPRESENTATION_RELATIONSHIP() );
#11564 = ITEM_DEFINED_TRANSFORMATION('','',#11,#89);
#11565 = PRODUCT_DEFINITION_SHAPE('Placement','Placement of an item',
  #11566);
#11566 = NEXT_ASSEMBLY_USAGE_OCCURRENCE('11','NAUO11','',#43,#11422,$);
#11567 = CONTEXT_DEPENDENT_SHAPE_REPRESENTATION(#11568,#11570);
#11568 = ( REPRESENTATION_RELATIONSHIP('','',#11427,#48) 
REPRESENTATION_RELATIONSHIP_WITH_TRANSFORMATION(#11569) 
SHAPE_REPRESENTATION_RELATIONSHIP() );
#11569 = ITEM_DEFINED_TRANSFORMATION('','',#11,#93);
#11570 = PRODUCT_DEFINITION_SHAPE('Placement','Placement of an item',
  #11571);
#11571 = NEXT_ASSEMBLY_USAGE_OCCURRENCE('12','NAUO12','',#43,#11422,$);
#11572 = CONTEXT_DEPENDENT_SHAPE_REPRESENTATION(#11573,#11575);
#11573 = ( REPRESENTATION_RELATIONSHIP('','',#11427,#48) 
REPRESENTATION_RELATIONSHIP_WITH_TRANSFORMATION(#11574) 
SHAPE_REPRESENTATION_RELATIONSHIP() );
#11574 = ITEM_DEFINED_TRANSFORMATION('','',#11,#97);
#11575 = PRODUCT_DEFINITION_SHAPE('Placement','Placement of an item',
  #11576);
#11576 = NEXT_ASSEMBLY_USAGE_OCCURRENCE('13','NAUO13','',#43,#11422,$);
#11577 = CONTEXT_DEPENDENT_SHAPE_REPRESENTATION(#11578,#11580);
#11578 = ( REPRESENTATION_RELATIONSHIP('','',#11427,#48) 
REPRESENTATION_RELATIONSHIP_WITH_TRANSFORMATION(#11579) 
SHAPE_REPRESENTATION_RELATIONSHIP() );
#11579 = ITEM_DEFINED_TRANSFORMATION('','',#11,#101);
#11580 = PRODUCT_DEFINITION_SHAPE('Placement','Placement of an item',
  #11581);
#11581 = NEXT_ASSEMBLY_USAGE_OCCURRENCE('14','NAUO14','',#43,#11422,$);
#11582 = CONTEXT_DEPENDENT_SHAPE_REPRESENTATION(#11583,#11585);
#11583 = ( REPRESENTATION_RELATIONSHIP('','',#11427,#48) 
REPRESENTATION_RELATIONSHIP_WITH_TRANSFORMATION(#11584) 
SHAPE_REPRESENTATION_RELATIONSHIP() );
#11584 = ITEM_DEFINED_TRANSFORMATION('','',#11,#105);
#11585 = PRODUCT_DEFINITION_SHAPE('Placement','Placement of an item',
  #11586);
#11586 = NEXT_ASSEMBLY_USAGE_OCCURRENCE('15','NAUO15','',#43,#11422,$);
#11587 = CONTEXT_DEPENDENT_SHAPE_REPRESENTATION(#11588,#11590);
#11588 = ( REPRESENTATION_RELATIONSHIP('','',#11427,#48) 
REPRESENTATION_RELATIONSHIP_WITH_TRANSFORMATION(#11589) 
SHAPE_REPRESENTATION_RELATIONSHIP() );
#11589 = ITEM_DEFINED_TRANSFORMATION('','',#11,#109);
#11590 = PRODUCT_DEFINITION_SHAPE('Placement','Placement of an item',
  #11591);
#11591 = NEXT_ASSEMBLY_USAGE_OCCURRENCE('16','NAUO16','',#43,#11422,$);
#11592 = CONTEXT_DEPENDENT_SHAPE_REPRESENTATION(#11593,#11595);
#11593 = ( REPRESENTATION_RELATIONSHIP('','',#11427,#48) 
REPRESENTATION_RELATIONSHIP_WITH_TRANSFORMATION(#11594) 
SHAPE_REPRESENTATION_RELATIONSHIP() );
#11594 = ITEM_DEFINED_TRANSFORMATION('','',#11,#113);
#11595 = PRODUCT_DEFINITION_SHAPE('Placement','Placement of an item',
  #11596);
#11596 = NEXT_ASSEMBLY_USAGE_OCCURRENCE('17','NAUO17','',#43,#11422,$);
#11597 = CONTEXT_DEPENDENT_SHAPE_REPRESENTATION(#11598,#11600);
#11598 = ( REPRESENTATION_RELATIONSHIP('','',#11427,#48) 
REPRESENTATION_RELATIONSHIP_WITH_TRANSFORMATION(#11599) 
SHAPE_REPRESENTATION_RELATIONSHIP() );
#11599 = ITEM_DEFINED_TRANSFORMATION('','',#11,#117);
#11600 = PRODUCT_DEFINITION_SHAPE('Placement','Placement of an item',
  #11601);
#11601 = NEXT_ASSEMBLY_USAGE_OCCURRENCE('18','NAUO18','',#43,#11422,$);
#11602 = SHAPE_DEFINITION_REPRESENTATION(#11603,#11609);
#11603 = PRODUCT_DEFINITION_SHAPE('','',#11604);
#11604 = PRODUCT_DEFINITION('design','',#11605,#11608);
#11605 = PRODUCT_DEFINITION_FORMATION('','',#11606);
#11606 = PRODUCT('1088-bottom-fill^1088','1088-bottom-fill^1088','',(
    #11607));
#11607 = PRODUCT_CONTEXT('',#2,'mechanical');
#11608 = PRODUCT_DEFINITION_CONTEXT('part definition',#2,'design');
#11609 = ADVANCED_BREP_SHAPE_REPRESENTATION('',(#11,#11610),#11760);
#11610 = MANIFOLD_SOLID_BREP('',#11611);
#11611 = CLOSED_SHELL('',(#11612,#11652,#11683,#11714,#11736,#11748));
#11612 = ADVANCED_FACE('',(#11613),#11647,.F.);
#11613 = FACE_BOUND('',#11614,.T.);
#11614 = EDGE_LOOP('',(#11615,#11625,#11633,#11641));
#11615 = ORIENTED_EDGE('',*,*,#11616,.T.);
#11616 = EDGE_CURVE('',#11617,#11619,#11621,.T.);
#11617 = VERTEX_POINT('',#11618);
#11618 = CARTESIAN_POINT('',(31.8,0.2,0.));
#11619 = VERTEX_POINT('',#11620);
#11620 = CARTESIAN_POINT('',(31.8,31.8,0.));
#11621 = LINE('',#11622,#11623);
#11622 = CARTESIAN_POINT('',(31.8,31.8,0.));
#11623 = VECTOR('',#11624,1.);
#11624 = DIRECTION('',(-0.,1.,-0.));
#11625 = ORIENTED_EDGE('',*,*,#11626,.F.);
#11626 = EDGE_CURVE('',#11627,#11619,#11629,.T.);
#11627 = VERTEX_POINT('',#11628);
#11628 = CARTESIAN_POINT('',(31.8,31.8,2.));
#11629 = LINE('',#11630,#11631);
#11630 = CARTESIAN_POINT('',(31.8,31.8,2.));
#11631 = VECTOR('',#11632,1.);
#11632 = DIRECTION('',(-0.,-0.,-1.));
#11633 = ORIENTED_EDGE('',*,*,#11634,.F.);
#11634 = EDGE_CURVE('',#11635,#11627,#11637,.T.);
#11635 = VERTEX_POINT('',#11636);
#11636 = CARTESIAN_POINT('',(31.8,0.2,2.));
#11637 = LINE('',#11638,#11639);
#11638 = CARTESIAN_POINT('',(31.8,31.8,2.));
#11639 = VECTOR('',#11640,1.);
#11640 = DIRECTION('',(-0.,1.,-0.));
#11641 = ORIENTED_EDGE('',*,*,#11642,.T.);
#11642 = EDGE_CURVE('',#11635,#11617,#11643,.T.);
#11643 = LINE('',#11644,#11645);
#11644 = CARTESIAN_POINT('',(31.8,0.2,2.));
#11645 = VECTOR('',#11646,1.);
#11646 = DIRECTION('',(-0.,-0.,-1.));
#11647 = PLANE('',#11648);
#11648 = AXIS2_PLACEMENT_3D('',#11649,#11650,#11651);
#11649 = CARTESIAN_POINT('',(31.8,31.8,2.));
#11650 = DIRECTION('',(-1.,0.,0.));
#11651 = DIRECTION('',(0.,0.,1.));
#11652 = ADVANCED_FACE('',(#11653),#11678,.F.);
#11653 = FACE_BOUND('',#11654,.T.);
#11654 = EDGE_LOOP('',(#11655,#11663,#11671,#11677));
#11655 = ORIENTED_EDGE('',*,*,#11656,.T.);
#11656 = EDGE_CURVE('',#11619,#11657,#11659,.T.);
#11657 = VERTEX_POINT('',#11658);
#11658 = CARTESIAN_POINT('',(0.2,31.8,0.));
#11659 = LINE('',#11660,#11661);
#11660 = CARTESIAN_POINT('',(31.8,31.8,0.));
#11661 = VECTOR('',#11662,1.);
#11662 = DIRECTION('',(-1.,0.,0.));
#11663 = ORIENTED_EDGE('',*,*,#11664,.F.);
#11664 = EDGE_CURVE('',#11665,#11657,#11667,.T.);
#11665 = VERTEX_POINT('',#11666);
#11666 = CARTESIAN_POINT('',(0.2,31.8,2.));
#11667 = LINE('',#11668,#11669);
#11668 = CARTESIAN_POINT('',(0.2,31.8,2.));
#11669 = VECTOR('',#11670,1.);
#11670 = DIRECTION('',(-0.,-0.,-1.));
#11671 = ORIENTED_EDGE('',*,*,#11672,.F.);
#11672 = EDGE_CURVE('',#11627,#11665,#11673,.T.);
#11673 = LINE('',#11674,#11675);
#11674 = CARTESIAN_POINT('',(31.8,31.8,2.));
#11675 = VECTOR('',#11676,1.);
#11676 = DIRECTION('',(-1.,0.,0.));
#11677 = ORIENTED_EDGE('',*,*,#11626,.T.);
#11678 = PLANE('',#11679);
#11679 = AXIS2_PLACEMENT_3D('',#11680,#11681,#11682);
#11680 = CARTESIAN_POINT('',(31.8,31.8,2.));
#11681 = DIRECTION('',(0.,-1.,0.));
#11682 = DIRECTION('',(0.,-0.,-1.));
#11683 = ADVANCED_FACE('',(#11684),#11709,.F.);
#11684 = FACE_BOUND('',#11685,.T.);
#11685 = EDGE_LOOP('',(#11686,#11694,#11702,#11708));
#11686 = ORIENTED_EDGE('',*,*,#11687,.T.);
#11687 = EDGE_CURVE('',#11657,#11688,#11690,.T.);
#11688 = VERTEX_POINT('',#11689);
#11689 = CARTESIAN_POINT('',(0.2,0.2,0.));
#11690 = LINE('',#11691,#11692);
#11691 = CARTESIAN_POINT('',(0.2,31.8,0.));
#11692 = VECTOR('',#11693,1.);
#11693 = DIRECTION('',(0.,-1.,0.));
#11694 = ORIENTED_EDGE('',*,*,#11695,.F.);
#11695 = EDGE_CURVE('',#11696,#11688,#11698,.T.);
#11696 = VERTEX_POINT('',#11697);
#11697 = CARTESIAN_POINT('',(0.2,0.2,2.));
#11698 = LINE('',#11699,#11700);
#11699 = CARTESIAN_POINT('',(0.2,0.2,2.));
#11700 = VECTOR('',#11701,1.);
#11701 = DIRECTION('',(-0.,-0.,-1.));
#11702 = ORIENTED_EDGE('',*,*,#11703,.F.);
#11703 = EDGE_CURVE('',#11665,#11696,#11704,.T.);
#11704 = LINE('',#11705,#11706);
#11705 = CARTESIAN_POINT('',(0.2,31.8,2.));
#11706 = VECTOR('',#11707,1.);
#11707 = DIRECTION('',(0.,-1.,0.));
#11708 = ORIENTED_EDGE('',*,*,#11664,.T.);
#11709 = PLANE('',#11710);
#11710 = AXIS2_PLACEMENT_3D('',#11711,#11712,#11713);
#11711 = CARTESIAN_POINT('',(0.2,31.8,2.));
#11712 = DIRECTION('',(1.,0.,-0.));
#11713 = DIRECTION('',(-0.,0.,-1.));
#11714 = ADVANCED_FACE('',(#11715),#11731,.F.);
#11715 = FACE_BOUND('',#11716,.T.);
#11716 = EDGE_LOOP('',(#11717,#11723,#11724,#11730));
#11717 = ORIENTED_EDGE('',*,*,#11718,.T.);
#11718 = EDGE_CURVE('',#11688,#11617,#11719,.T.);
#11719 = LINE('',#11720,#11721);
#11720 = CARTESIAN_POINT('',(31.8,0.2,0.));
#11721 = VECTOR('',#11722,1.);
#11722 = DIRECTION('',(1.,-0.,-0.));
#11723 = ORIENTED_EDGE('',*,*,#11642,.F.);
#11724 = ORIENTED_EDGE('',*,*,#11725,.F.);
#11725 = EDGE_CURVE('',#11696,#11635,#11726,.T.);
#11726 = LINE('',#11727,#11728);
#11727 = CARTESIAN_POINT('',(31.8,0.2,2.));
#11728 = VECTOR('',#11729,1.);
#11729 = DIRECTION('',(1.,-0.,-0.));
#11730 = ORIENTED_EDGE('',*,*,#11695,.T.);
#11731 = PLANE('',#11732);
#11732 = AXIS2_PLACEMENT_3D('',#11733,#11734,#11735);
#11733 = CARTESIAN_POINT('',(31.8,0.2,2.));
#11734 = DIRECTION('',(0.,1.,-0.));
#11735 = DIRECTION('',(0.,0.,1.));
#11736 = ADVANCED_FACE('',(#11737),#11743,.F.);
#11737 = FACE_BOUND('',#11738,.T.);
#11738 = EDGE_LOOP('',(#11739,#11740,#11741,#11742));
#11739 = ORIENTED_EDGE('',*,*,#11634,.T.);
#11740 = ORIENTED_EDGE('',*,*,#11672,.T.);
#11741 = ORIENTED_EDGE('',*,*,#11703,.T.);
#11742 = ORIENTED_EDGE('',*,*,#11725,.T.);
#11743 = PLANE('',#11744);
#11744 = AXIS2_PLACEMENT_3D('',#11745,#11746,#11747);
#11745 = CARTESIAN_POINT('',(0.,0.,2.));
#11746 = DIRECTION('',(-0.,0.,-1.));
#11747 = DIRECTION('',(-1.,0.,0.));
#11748 = ADVANCED_FACE('',(#11749),#11755,.T.);
#11749 = FACE_BOUND('',#11750,.T.);
#11750 = EDGE_LOOP('',(#11751,#11752,#11753,#11754));
#11751 = ORIENTED_EDGE('',*,*,#11616,.F.);
#11752 = ORIENTED_EDGE('',*,*,#11718,.F.);
#11753 = ORIENTED_EDGE('',*,*,#11687,.F.);
#11754 = ORIENTED_EDGE('',*,*,#11656,.F.);
#11755 = PLANE('',#11756);
#11756 = AXIS2_PLACEMENT_3D('',#11757,#11758,#11759);
#11757 = CARTESIAN_POINT('',(0.,0.,0.));
#11758 = DIRECTION('',(-0.,0.,-1.));
#11759 = DIRECTION('',(-1.,0.,0.));
#11760 = ( GEOMETRIC_REPRESENTATION_CONTEXT(3) 
GLOBAL_UNCERTAINTY_ASSIGNED_CONTEXT((#11764)) 
GLOBAL_UNIT_ASSIGNED_CONTEXT((#11761,#11762,#11763)) 
REPRESENTATION_CONTEXT('Context #1',
  '3D Context with UNIT and UNCERTAINTY') );
#11761 = ( LENGTH_UNIT() NAMED_UNIT(*) SI_UNIT(.MILLI.,.METRE.) );
#11762 = ( NAMED_UNIT(*) PLANE_ANGLE_UNIT() SI_UNIT($,.RADIAN.) );
#11763 = ( NAMED_UNIT(*) SI_UNIT($,.STERADIAN.) SOLID_ANGLE_UNIT() );
#11764 = UNCERTAINTY_MEASURE_WITH_UNIT(LENGTH_MEASURE(1.E-07),#11761,
  'distance_accuracy_value','confusion accuracy');
#11765 = CONTEXT_DEPENDENT_SHAPE_REPRESENTATION(#11766,#11768);
#11766 = ( REPRESENTATION_RELATIONSHIP('','',#11609,#48) 
REPRESENTATION_RELATIONSHIP_WITH_TRANSFORMATION(#11767) 
SHAPE_REPRESENTATION_RELATIONSHIP() );
#11767 = ITEM_DEFINED_TRANSFORMATION('','',#11,#121);
#11768 = PRODUCT_DEFINITION_SHAPE('Placement','Placement of an item',
  #11769);
#11769 = NEXT_ASSEMBLY_USAGE_OCCURRENCE('19','NAUO19','',#43,#11604,$);
#11770 = PRODUCT_RELATED_PRODUCT_CATEGORY('part',$,(#11606));
#11771 = SHAPE_DEFINITION_REPRESENTATION(#11772,#11778);
#11772 = PRODUCT_DEFINITION_SHAPE('','',#11773);
#11773 = PRODUCT_DEFINITION('design','',#11774,#11777);
#11774 = PRODUCT_DEFINITION_FORMATION('','',#11775);
#11775 = PRODUCT('Racing_Hub_silkscreen','Racing_Hub_silkscreen','',(
    #11776));
#11776 = PRODUCT_CONTEXT('',#2,'mechanical');
#11777 = PRODUCT_DEFINITION_CONTEXT('part definition',#2,'design');
#11778 = SHAPE_REPRESENTATION('',(#11,#11779,#11907,#12101,#12131),
  #12305);
#11779 = SHELL_BASED_SURFACE_MODEL('',(#11780));
#11780 = OPEN_SHELL('',(#11781));
#11781 = ADVANCED_FACE('',(#11782),#11902,.T.);
#11782 = FACE_BOUND('',#11783,.F.);
#11783 = EDGE_LOOP('',(#11784,#11795,#11803,#11812,#11820,#11829,#11837,
    #11846,#11854,#11863,#11871,#11880,#11888,#11896));
#11784 = ORIENTED_EDGE('',*,*,#11785,.T.);
#11785 = EDGE_CURVE('',#11786,#11788,#11790,.T.);
#11786 = VERTEX_POINT('',#11787);
#11787 = CARTESIAN_POINT('',(2.621427,-30.122459,1.585));
#11788 = VERTEX_POINT('',#11789);
#11789 = CARTESIAN_POINT('',(2.738095,-30.184819,1.585));
#11790 = CIRCLE('',#11791,7.500000000003E-02);
#11791 = AXIS2_PLACEMENT_3D('',#11792,#11793,#11794);
#11792 = CARTESIAN_POINT('',(2.663095,-30.18481906555,1.585));
#11793 = DIRECTION('',(0.,0.,-1.));
#11794 = DIRECTION('',(-0.555573333333,0.831467540731,0.));
#11795 = ORIENTED_EDGE('',*,*,#11796,.T.);
#11796 = EDGE_CURVE('',#11788,#11797,#11799,.T.);
#11797 = VERTEX_POINT('',#11798);
#11798 = CARTESIAN_POINT('',(2.738095,-30.976637,1.585));
#11799 = LINE('',#11800,#11801);
#11800 = CARTESIAN_POINT('',(2.738095,-30.184819,1.585));
#11801 = VECTOR('',#11802,1.);
#11802 = DIRECTION('',(0.,-1.,0.));
#11803 = ORIENTED_EDGE('',*,*,#11804,.T.);
#11804 = EDGE_CURVE('',#11797,#11805,#11807,.T.);
#11805 = VERTEX_POINT('',#11806);
#11806 = CARTESIAN_POINT('',(2.871276,-31.109819,1.585));
#11807 = CIRCLE('',#11808,0.186867373533);
#11808 = AXIS2_PLACEMENT_3D('',#11809,#11810,#11811);
#11809 = CARTESIAN_POINT('',(2.918814713883,-30.92909964305,1.585));
#11810 = DIRECTION('',(0.,0.,1.));
#11811 = DIRECTION('',(-0.967101482012,-0.2543908872,0.));
#11812 = ORIENTED_EDGE('',*,*,#11813,.T.);
#11813 = EDGE_CURVE('',#11805,#11814,#11816,.T.);
#11814 = VERTEX_POINT('',#11815);
#11815 = CARTESIAN_POINT('',(3.026342,-31.109819,1.585));
#11816 = LINE('',#11817,#11818);
#11817 = CARTESIAN_POINT('',(2.871276,-31.109819,1.585));
#11818 = VECTOR('',#11819,1.);
#11819 = DIRECTION('',(1.,0.,0.));
#11820 = ORIENTED_EDGE('',*,*,#11821,.T.);
#11821 = EDGE_CURVE('',#11814,#11822,#11824,.T.);
#11822 = VERTEX_POINT('',#11823);
#11823 = CARTESIAN_POINT('',(3.159523,-30.976637,1.585));
#11824 = CIRCLE('',#11825,0.186867760544);
#11825 = AXIS2_PLACEMENT_3D('',#11826,#11827,#11828);
#11826 = CARTESIAN_POINT('',(2.978802969282,-30.92909932622,1.585));
#11827 = DIRECTION('',(0.,0.,1.));
#11828 = DIRECTION('',(0.254399317356,-0.967099264465,0.));
#11829 = ORIENTED_EDGE('',*,*,#11830,.T.);
#11830 = EDGE_CURVE('',#11822,#11831,#11833,.T.);
#11831 = VERTEX_POINT('',#11832);
#11832 = CARTESIAN_POINT('',(3.160964,-30.170187,1.585));
#11833 = LINE('',#11834,#11835);
#11834 = CARTESIAN_POINT('',(3.159523,-30.976637,1.585));
#11835 = VECTOR('',#11836,1.);
#11836 = DIRECTION('',(1.786840721168E-03,0.999998403599,0.));
#11837 = ORIENTED_EDGE('',*,*,#11838,.T.);
#11838 = EDGE_CURVE('',#11831,#11839,#11841,.T.);
#11839 = VERTEX_POINT('',#11840);
#11840 = CARTESIAN_POINT('',(3.309523,-30.184819,1.585));
#11841 = CIRCLE('',#11842,7.500006711464E-02);
#11842 = AXIS2_PLACEMENT_3D('',#11843,#11844,#11845);
#11843 = CARTESIAN_POINT('',(3.234522932885,-30.18481893288,1.585));
#11844 = DIRECTION('',(0.,0.,-1.));
#11845 = DIRECTION('',(-0.980784894138,0.195092263891,0.));
#11846 = ORIENTED_EDGE('',*,*,#11847,.T.);
#11847 = EDGE_CURVE('',#11839,#11848,#11850,.T.);
#11848 = VERTEX_POINT('',#11849);
#11849 = CARTESIAN_POINT('',(3.30686,-31.014152,1.585));
#11850 = LINE('',#11851,#11852);
#11851 = CARTESIAN_POINT('',(3.309523,-30.184819,1.585));
#11852 = VECTOR('',#11853,1.);
#11853 = DIRECTION('',(-3.210997598705E-03,-0.999994844734,0.));
#11854 = ORIENTED_EDGE('',*,*,#11855,.T.);
#11855 = EDGE_CURVE('',#11848,#11856,#11858,.T.);
#11856 = VERTEX_POINT('',#11857);
#11857 = CARTESIAN_POINT('',(3.058679,-31.258378,1.585));
#11858 = CIRCLE('',#11859,0.348635327447);
#11859 = AXIS2_PLACEMENT_3D('',#11860,#11861,#11862);
#11860 = CARTESIAN_POINT('',(2.970907481291,-30.92097208415,1.585));
#11861 = DIRECTION('',(0.,0.,-1.));
#11862 = DIRECTION('',(0.963621561732,-0.267270435638,0.));
#11863 = ORIENTED_EDGE('',*,*,#11864,.T.);
#11864 = EDGE_CURVE('',#11856,#11865,#11867,.T.);
#11865 = VERTEX_POINT('',#11866);
#11866 = CARTESIAN_POINT('',(2.833761,-31.257156,1.585));
#11867 = LINE('',#11868,#11869);
#11868 = CARTESIAN_POINT('',(3.058679,-31.258378,1.585));
#11869 = VECTOR('',#11870,1.);
#11870 = DIRECTION('',(-0.999985241087,5.433010984493E-03,0.));
#11871 = ORIENTED_EDGE('',*,*,#11872,.T.);
#11872 = EDGE_CURVE('',#11865,#11873,#11875,.T.);
#11873 = VERTEX_POINT('',#11874);
#11874 = CARTESIAN_POINT('',(2.589536,-31.008974,1.585));
#11875 = CIRCLE('',#11876,0.348628446662);
#11876 = AXIS2_PLACEMENT_3D('',#11877,#11878,#11879);
#11877 = CARTESIAN_POINT('',(2.926936613227,-30.92120942847,1.585));
#11878 = DIRECTION('',(0.,0.,-1.));
#11879 = DIRECTION('',(-0.267263369124,-0.963623521674,-0.));
#11880 = ORIENTED_EDGE('',*,*,#11881,.T.);
#11881 = EDGE_CURVE('',#11873,#11882,#11884,.T.);
#11882 = VERTEX_POINT('',#11883);
#11883 = CARTESIAN_POINT('',(2.589536,-30.170187,1.585));
#11884 = LINE('',#11885,#11886);
#11885 = CARTESIAN_POINT('',(2.589536,-31.008974,1.585));
#11886 = VECTOR('',#11887,1.);
#11887 = DIRECTION('',(0.,1.,0.));
#11888 = ORIENTED_EDGE('',*,*,#11889,.T.);
#11889 = EDGE_CURVE('',#11882,#11890,#11892,.T.);
#11890 = VERTEX_POINT('',#11891);
#11891 = CARTESIAN_POINT('',(2.600735,-30.143151,1.585));
#11892 = LINE('',#11893,#11894);
#11893 = CARTESIAN_POINT('',(2.589536,-30.170187,1.585));
#11894 = VECTOR('',#11895,1.);
#11895 = DIRECTION('',(0.38269282806,0.923875640631,0.));
#11896 = ORIENTED_EDGE('',*,*,#11897,.T.);
#11897 = EDGE_CURVE('',#11890,#11786,#11898,.T.);
#11898 = LINE('',#11899,#11900);
#11899 = CARTESIAN_POINT('',(2.600735,-30.143151,1.585));
#11900 = VECTOR('',#11901,1.);
#11901 = DIRECTION('',(0.707106781187,0.707106781187,0.));
#11902 = PLANE('',#11903);
#11903 = AXIS2_PLACEMENT_3D('',#11904,#11905,#11906);
#11904 = CARTESIAN_POINT('',(0.,0.,1.585));
#11905 = DIRECTION('',(0.,0.,1.));
#11906 = DIRECTION('',(1.,0.,-0.));
#11907 = SHELL_BASED_SURFACE_MODEL('',(#11908));
#11908 = OPEN_SHELL('',(#11909));
#11909 = ADVANCED_FACE('',(#11910),#12096,.T.);
#11910 = FACE_BOUND('',#11911,.F.);
#11911 = EDGE_LOOP('',(#11912,#11923,#11931,#11940,#11948,#11956,#11965,
    #11973,#11982,#11990,#11998,#12006,#12015,#12023,#12032,#12040,
    #12049,#12057,#12065,#12073,#12082,#12090));
#11912 = ORIENTED_EDGE('',*,*,#11913,.T.);
#11913 = EDGE_CURVE('',#11914,#11916,#11918,.T.);
#11914 = VERTEX_POINT('',#11915);
#11915 = CARTESIAN_POINT('',(3.600844,-30.258378,1.585));
#11916 = VERTEX_POINT('',#11917);
#11917 = CARTESIAN_POINT('',(3.615476,-30.109819,1.585));
#11918 = CIRCLE('',#11919,7.500006711464E-02);
#11919 = AXIS2_PLACEMENT_3D('',#11920,#11921,#11922);
#11920 = CARTESIAN_POINT('',(3.615475932885,-30.18481906711,1.585));
#11921 = DIRECTION('',(0.,0.,-1.));
#11922 = DIRECTION('',(-0.195092263891,-0.980784894138,-0.));
#11923 = ORIENTED_EDGE('',*,*,#11924,.T.);
#11924 = EDGE_CURVE('',#11916,#11925,#11927,.T.);
#11925 = VERTEX_POINT('',#11926);
#11926 = CARTESIAN_POINT('',(4.242261,-30.110581,1.585));
#11927 = LINE('',#11928,#11929);
#11928 = CARTESIAN_POINT('',(3.615476,-30.109819,1.585));
#11929 = VECTOR('',#11930,1.);
#11930 = DIRECTION('',(0.999999261004,-1.21572698275E-03,0.));
#11931 = ORIENTED_EDGE('',*,*,#11932,.T.);
#11932 = EDGE_CURVE('',#11925,#11933,#11935,.T.);
#11933 = VERTEX_POINT('',#11934);
#11934 = CARTESIAN_POINT('',(4.308082,-30.199451,1.585));
#11935 = CIRCLE('',#11936,7.447391611625E-02);
#11936 = AXIS2_PLACEMENT_3D('',#11937,#11938,#11939);
#11937 = CARTESIAN_POINT('',(4.235081926644,-30.1847080874,1.585));
#11938 = DIRECTION('',(0.,0.,-1.));
#11939 = DIRECTION('',(9.639715124792E-02,0.995342950561,0.));
#11940 = ORIENTED_EDGE('',*,*,#11941,.T.);
#11941 = EDGE_CURVE('',#11933,#11942,#11944,.T.);
#11942 = VERTEX_POINT('',#11943);
#11943 = CARTESIAN_POINT('',(4.290966,-30.234207,1.585));
#11944 = LINE('',#11945,#11946);
#11945 = CARTESIAN_POINT('',(4.308082,-30.199451,1.585));
#11946 = VECTOR('',#11947,1.);
#11947 = DIRECTION('',(-0.441795255027,-0.897115908139,0.));
#11948 = ORIENTED_EDGE('',*,*,#11949,.T.);
#11949 = EDGE_CURVE('',#11942,#11950,#11952,.T.);
#11950 = VERTEX_POINT('',#11951);
#11951 = CARTESIAN_POINT('',(4.06407,-30.493516,1.585));
#11952 = LINE('',#11953,#11954);
#11953 = CARTESIAN_POINT('',(4.290966,-30.234207,1.585));
#11954 = VECTOR('',#11955,1.);
#11955 = DIRECTION('',(-0.658505635208,-0.752575795784,0.));
#11956 = ORIENTED_EDGE('',*,*,#11957,.T.);
#11957 = EDGE_CURVE('',#11950,#11958,#11960,.T.);
#11958 = VERTEX_POINT('',#11959);
#11959 = CARTESIAN_POINT('',(4.308082,-30.741615,1.585));
#11960 = CIRCLE('',#11961,0.348520834816);
#11961 = AXIS2_PLACEMENT_3D('',#11962,#11963,#11964);
#11962 = CARTESIAN_POINT('',(3.9707766174,-30.82931819931,1.585));
#11963 = DIRECTION('',(0.,0.,-1.));
#11964 = DIRECTION('',(0.267683803321,0.963506814423,0.));
#11965 = ORIENTED_EDGE('',*,*,#11966,.T.);
#11966 = EDGE_CURVE('',#11958,#11967,#11969,.T.);
#11967 = VERTEX_POINT('',#11968);
#11968 = CARTESIAN_POINT('',(4.30686,-31.014152,1.585));
#11969 = LINE('',#11970,#11971);
#11970 = CARTESIAN_POINT('',(4.308082,-30.741615,1.585));
#11971 = VECTOR('',#11972,1.);
#11972 = DIRECTION('',(-4.483749789519E-03,-0.999989947943,0.));
#11973 = ORIENTED_EDGE('',*,*,#11974,.T.);
#11974 = EDGE_CURVE('',#11967,#11975,#11977,.T.);
#11975 = VERTEX_POINT('',#11976);
#11976 = CARTESIAN_POINT('',(4.058679,-31.258378,1.585));
#11977 = CIRCLE('',#11978,0.348635327447);
#11978 = AXIS2_PLACEMENT_3D('',#11979,#11980,#11981);
#11979 = CARTESIAN_POINT('',(3.970907481291,-30.92097208415,1.585));
#11980 = DIRECTION('',(0.,0.,-1.));
#11981 = DIRECTION('',(0.963621561732,-0.267270435638,0.));
#11982 = ORIENTED_EDGE('',*,*,#11983,.T.);
#11983 = EDGE_CURVE('',#11975,#11984,#11986,.T.);
#11984 = VERTEX_POINT('',#11985);
#11985 = CARTESIAN_POINT('',(3.738523,-31.257156,1.585));
#11986 = LINE('',#11987,#11988);
#11987 = CARTESIAN_POINT('',(4.058679,-31.258378,1.585));
#11988 = VECTOR('',#11989,1.);
#11989 = DIRECTION('',(-0.999992715758,3.816861463343E-03,0.));
#11990 = ORIENTED_EDGE('',*,*,#11991,.T.);
#11991 = EDGE_CURVE('',#11984,#11992,#11994,.T.);
#11992 = VERTEX_POINT('',#11993);
#11993 = CARTESIAN_POINT('',(3.61581,-31.19495,1.585));
#11994 = LINE('',#11995,#11996);
#11995 = CARTESIAN_POINT('',(3.738523,-31.257156,1.585));
#11996 = VECTOR('',#11997,1.);
#11997 = DIRECTION('',(-0.891943702445,0.452146471476,0.));
#11998 = ORIENTED_EDGE('',*,*,#11999,.T.);
#11999 = EDGE_CURVE('',#11992,#12000,#12002,.T.);
#12000 = VERTEX_POINT('',#12001);
#12001 = CARTESIAN_POINT('',(3.553115,-31.131247,1.585));
#12002 = LINE('',#12003,#12004);
#12003 = CARTESIAN_POINT('',(3.61581,-31.19495,1.585));
#12004 = VECTOR('',#12005,1.);
#12005 = DIRECTION('',(-0.701445434384,0.712723159846,0.));
#12006 = ORIENTED_EDGE('',*,*,#12007,.T.);
#12007 = EDGE_CURVE('',#12000,#12008,#12010,.T.);
#12008 = VERTEX_POINT('',#12009);
#12009 = CARTESIAN_POINT('',(3.66851,-31.036548,1.585));
#12010 = CIRCLE('',#12011,7.50001266804E-02);
#12011 = AXIS2_PLACEMENT_3D('',#12012,#12013,#12014);
#12012 = CARTESIAN_POINT('',(3.615476051994,-31.08958024831,1.585));
#12013 = DIRECTION('',(0.,0.,-1.));
#12014 = DIRECTION('',(-0.831479288827,-0.555555750804,-0.));
#12015 = ORIENTED_EDGE('',*,*,#12016,.T.);
#12016 = EDGE_CURVE('',#12008,#12017,#12019,.T.);
#12017 = VERTEX_POINT('',#12018);
#12018 = CARTESIAN_POINT('',(3.707522,-31.075561,1.585));
#12019 = LINE('',#12020,#12021);
#12020 = CARTESIAN_POINT('',(3.66851,-31.036548,1.585));
#12021 = VECTOR('',#12022,1.);
#12022 = DIRECTION('',(0.707097718562,-0.707115843695,0.));
#12023 = ORIENTED_EDGE('',*,*,#12024,.T.);
#12024 = EDGE_CURVE('',#12017,#12025,#12027,.T.);
#12025 = VERTEX_POINT('',#12026);
#12026 = CARTESIAN_POINT('',(4.094857,-31.075561,1.585));
#12027 = CIRCLE('',#12028,0.358502380266);
#12028 = AXIS2_PLACEMENT_3D('',#12029,#12030,#12031);
#12029 = CARTESIAN_POINT('',(3.9011895,-30.773871,1.585));
#12030 = DIRECTION('',(0.,0.,1.));
#12031 = DIRECTION('',(-0.540212591773,-0.841528582813,0.));
#12032 = ORIENTED_EDGE('',*,*,#12033,.T.);
#12033 = EDGE_CURVE('',#12025,#12034,#12036,.T.);
#12034 = VERTEX_POINT('',#12035);
#12035 = CARTESIAN_POINT('',(4.125264,-31.045153,1.585));
#12036 = LINE('',#12037,#12038);
#12037 = CARTESIAN_POINT('',(4.094857,-31.075561,1.585));
#12038 = VECTOR('',#12039,1.);
#12039 = DIRECTION('',(0.707095153914,0.707118408268,0.));
#12040 = ORIENTED_EDGE('',*,*,#12041,.T.);
#12041 = EDGE_CURVE('',#12034,#12042,#12044,.T.);
#12042 = VERTEX_POINT('',#12043);
#12043 = CARTESIAN_POINT('',(4.125265,-30.705436,1.585));
#12044 = CIRCLE('',#12045,0.305616146029);
#12045 = AXIS2_PLACEMENT_3D('',#12046,#12047,#12048);
#12046 = CARTESIAN_POINT('',(3.871198920492,-30.87529375212,1.585));
#12047 = DIRECTION('',(0.,-0.,1.));
#12048 = DIRECTION('',(0.831320867071,-0.555792781505,-0.));
#12049 = ORIENTED_EDGE('',*,*,#12050,.T.);
#12050 = EDGE_CURVE('',#12042,#12051,#12053,.T.);
#12051 = VERTEX_POINT('',#12052);
#12052 = CARTESIAN_POINT('',(4.094858,-30.675029,1.585));
#12053 = LINE('',#12054,#12055);
#12054 = CARTESIAN_POINT('',(4.125265,-30.705436,1.585));
#12055 = VECTOR('',#12056,1.);
#12056 = DIRECTION('',(-0.707106781187,0.707106781187,0.));
#12057 = ORIENTED_EDGE('',*,*,#12058,.T.);
#12058 = EDGE_CURVE('',#12051,#12059,#12061,.T.);
#12059 = VERTEX_POINT('',#12060);
#12060 = CARTESIAN_POINT('',(4.026342,-30.640771,1.585));
#12061 = LINE('',#12062,#12063);
#12062 = CARTESIAN_POINT('',(4.094858,-30.675029,1.585));
#12063 = VECTOR('',#12064,1.);
#12064 = DIRECTION('',(-0.894427191,0.4472135955,0.));
#12065 = ORIENTED_EDGE('',*,*,#12066,.T.);
#12066 = EDGE_CURVE('',#12059,#12067,#12069,.T.);
#12067 = VERTEX_POINT('',#12068);
#12068 = CARTESIAN_POINT('',(3.886558,-30.63933,1.585));
#12069 = LINE('',#12070,#12071);
#12070 = CARTESIAN_POINT('',(4.026342,-30.640771,1.585));
#12071 = VECTOR('',#12072,1.);
#12072 = DIRECTION('',(-0.999946868947,1.030821437469E-02,0.));
#12073 = ORIENTED_EDGE('',*,*,#12074,.T.);
#12074 = EDGE_CURVE('',#12067,#12075,#12077,.T.);
#12075 = VERTEX_POINT('',#12076);
#12076 = CARTESIAN_POINT('',(3.844747,-30.516383,1.585));
#12077 = CIRCLE('',#12078,7.500015628755E-02);
#12078 = AXIS2_PLACEMENT_3D('',#12079,#12080,#12081);
#12079 = CARTESIAN_POINT('',(3.901190284325,-30.5657710461,1.585));
#12080 = DIRECTION('',(0.,0.,-1.));
#12081 = DIRECTION('',(-0.195096717785,-0.980784008184,-0.));
#12082 = ORIENTED_EDGE('',*,*,#12083,.T.);
#12083 = EDGE_CURVE('',#12075,#12084,#12086,.T.);
#12084 = VERTEX_POINT('',#12085);
#12085 = CARTESIAN_POINT('',(4.069241,-30.259819,1.585));
#12086 = LINE('',#12087,#12088);
#12087 = CARTESIAN_POINT('',(3.844747,-30.516383,1.585));
#12088 = VECTOR('',#12089,1.);
#12089 = DIRECTION('',(0.658505438534,0.752575967874,0.));
#12090 = ORIENTED_EDGE('',*,*,#12091,.T.);
#12091 = EDGE_CURVE('',#12084,#11914,#12092,.T.);
#12092 = LINE('',#12093,#12094);
#12093 = CARTESIAN_POINT('',(4.069241,-30.259819,1.585));
#12094 = VECTOR('',#12095,1.);
#12095 = DIRECTION('',(-0.999995267761,3.076435546862E-03,0.));
#12096 = PLANE('',#12097);
#12097 = AXIS2_PLACEMENT_3D('',#12098,#12099,#12100);
#12098 = CARTESIAN_POINT('',(0.,0.,1.585));
#12099 = DIRECTION('',(0.,0.,1.));
#12100 = DIRECTION('',(1.,0.,-0.));
#12101 = SHELL_BASED_SURFACE_MODEL('',(#12102));
#12102 = OPEN_SHELL('',(#12103));
#12103 = ADVANCED_FACE('',(#12104,#12115),#12126,.T.);
#12104 = FACE_BOUND('',#12105,.T.);
#12105 = EDGE_LOOP('',(#12106));
#12106 = ORIENTED_EDGE('',*,*,#12107,.T.);
#12107 = EDGE_CURVE('',#12108,#12108,#12110,.T.);
#12108 = VERTEX_POINT('',#12109);
#12109 = CARTESIAN_POINT('',(3.333034,-2.28,1.585));
#12110 = CIRCLE('',#12111,1.178034);
#12111 = AXIS2_PLACEMENT_3D('',#12112,#12113,#12114);
#12112 = CARTESIAN_POINT('',(2.155,-2.28,1.585));
#12113 = DIRECTION('',(0.,0.,1.));
#12114 = DIRECTION('',(1.,0.,-0.));
#12115 = FACE_BOUND('',#12116,.F.);
#12116 = EDGE_LOOP('',(#12117));
#12117 = ORIENTED_EDGE('',*,*,#12118,.T.);
#12118 = EDGE_CURVE('',#12119,#12119,#12121,.T.);
#12119 = VERTEX_POINT('',#12120);
#12120 = CARTESIAN_POINT('',(3.218153,-2.28,1.585));
#12121 = CIRCLE('',#12122,1.063153);
#12122 = AXIS2_PLACEMENT_3D('',#12123,#12124,#12125);
#12123 = CARTESIAN_POINT('',(2.155,-2.28,1.585));
#12124 = DIRECTION('',(0.,0.,1.));
#12125 = DIRECTION('',(1.,0.,-0.));
#12126 = PLANE('',#12127);
#12127 = AXIS2_PLACEMENT_3D('',#12128,#12129,#12130);
#12128 = CARTESIAN_POINT('',(0.,0.,1.585));
#12129 = DIRECTION('',(0.,0.,1.));
#12130 = DIRECTION('',(1.,0.,-0.));
#12131 = SHELL_BASED_SURFACE_MODEL('',(#12132));
#12132 = OPEN_SHELL('',(#12133));
#12133 = ADVANCED_FACE('',(#12134,#12233),#12300,.T.);
#12134 = FACE_BOUND('',#12135,.F.);
#12135 = EDGE_LOOP('',(#12136,#12146,#12154,#12162,#12170,#12178,#12186,
    #12194,#12202,#12211,#12219,#12227));
#12136 = ORIENTED_EDGE('',*,*,#12137,.T.);
#12137 = EDGE_CURVE('',#12138,#12140,#12142,.T.);
#12138 = VERTEX_POINT('',#12139);
#12139 = CARTESIAN_POINT('',(0.25,-14.323559,1.585));
#12140 = VERTEX_POINT('',#12141);
#12141 = CARTESIAN_POINT('',(0.25,-0.25,1.585));
#12142 = LINE('',#12143,#12144);
#12143 = CARTESIAN_POINT('',(0.25,-14.323559,1.585));
#12144 = VECTOR('',#12145,1.);
#12145 = DIRECTION('',(0.,1.,0.));
#12146 = ORIENTED_EDGE('',*,*,#12147,.T.);
#12147 = EDGE_CURVE('',#12140,#12148,#12150,.T.);
#12148 = VERTEX_POINT('',#12149);
#12149 = CARTESIAN_POINT('',(32.25,-0.25,1.585));
#12150 = LINE('',#12151,#12152);
#12151 = CARTESIAN_POINT('',(0.25,-0.25,1.585));
#12152 = VECTOR('',#12153,1.);
#12153 = DIRECTION('',(1.,0.,0.));
#12154 = ORIENTED_EDGE('',*,*,#12155,.T.);
#12155 = EDGE_CURVE('',#12148,#12156,#12158,.T.);
#12156 = VERTEX_POINT('',#12157);
#12157 = CARTESIAN_POINT('',(32.25,-32.25,1.585));
#12158 = LINE('',#12159,#12160);
#12159 = CARTESIAN_POINT('',(32.25,-0.25,1.585));
#12160 = VECTOR('',#12161,1.);
#12161 = DIRECTION('',(0.,-1.,0.));
#12162 = ORIENTED_EDGE('',*,*,#12163,.T.);
#12163 = EDGE_CURVE('',#12156,#12164,#12166,.T.);
#12164 = VERTEX_POINT('',#12165);
#12165 = CARTESIAN_POINT('',(0.25,-32.25,1.585));
#12166 = LINE('',#12167,#12168);
#12167 = CARTESIAN_POINT('',(32.25,-32.25,1.585));
#12168 = VECTOR('',#12169,1.);
#12169 = DIRECTION('',(-1.,0.,0.));
#12170 = ORIENTED_EDGE('',*,*,#12171,.T.);
#12171 = EDGE_CURVE('',#12164,#12172,#12174,.T.);
#12172 = VERTEX_POINT('',#12173);
#12173 = CARTESIAN_POINT('',(0.25,-18.176441,1.585));
#12174 = LINE('',#12175,#12176);
#12175 = CARTESIAN_POINT('',(0.25,-32.25,1.585));
#12176 = VECTOR('',#12177,1.);
#12177 = DIRECTION('',(0.,1.,0.));
#12178 = ORIENTED_EDGE('',*,*,#12179,.T.);
#12179 = EDGE_CURVE('',#12172,#12180,#12182,.T.);
#12180 = VERTEX_POINT('',#12181);
#12181 = CARTESIAN_POINT('',(0.264632,-18.176441,1.585));
#12182 = LINE('',#12183,#12184);
#12183 = CARTESIAN_POINT('',(0.25,-18.176441,1.585));
#12184 = VECTOR('',#12185,1.);
#12185 = DIRECTION('',(1.,0.,0.));
#12186 = ORIENTED_EDGE('',*,*,#12187,.T.);
#12187 = EDGE_CURVE('',#12180,#12188,#12190,.T.);
#12188 = VERTEX_POINT('',#12189);
#12189 = CARTESIAN_POINT('',(0.294028,-18.19,1.585));
#12190 = LINE('',#12191,#12192);
#12191 = CARTESIAN_POINT('',(0.264632,-18.176441,1.585));
#12192 = VECTOR('',#12193,1.);
#12193 = DIRECTION('',(0.908057907707,-0.41884464453,0.));
#12194 = ORIENTED_EDGE('',*,*,#12195,.T.);
#12195 = EDGE_CURVE('',#12188,#12196,#12198,.T.);
#12196 = VERTEX_POINT('',#12197);
#12197 = CARTESIAN_POINT('',(0.377154,-18.19,1.585));
#12198 = LINE('',#12199,#12200);
#12199 = CARTESIAN_POINT('',(0.294028,-18.19,1.585));
#12200 = VECTOR('',#12201,1.);
#12201 = DIRECTION('',(1.,0.,0.));
#12202 = ORIENTED_EDGE('',*,*,#12203,.T.);
#12203 = EDGE_CURVE('',#12196,#12204,#12206,.T.);
#12204 = VERTEX_POINT('',#12205);
#12205 = CARTESIAN_POINT('',(0.377154,-14.31,1.585));
#12206 = CIRCLE('',#12207,1.944162580577);
#12207 = AXIS2_PLACEMENT_3D('',#12208,#12209,#12210);
#12208 = CARTESIAN_POINT('',(0.25,-16.25,1.585));
#12209 = DIRECTION('',(0.,-0.,1.));
#12210 = DIRECTION('',(6.540296643414E-02,-0.997858933909,-0.));
#12211 = ORIENTED_EDGE('',*,*,#12212,.T.);
#12212 = EDGE_CURVE('',#12204,#12213,#12215,.T.);
#12213 = VERTEX_POINT('',#12214);
#12214 = CARTESIAN_POINT('',(0.291668,-14.31236,1.585));
#12215 = LINE('',#12216,#12217);
#12216 = CARTESIAN_POINT('',(0.377154,-14.31,1.585));
#12217 = VECTOR('',#12218,1.);
#12218 = DIRECTION('',(-0.999619148334,-2.759634548426E-02,0.));
#12219 = ORIENTED_EDGE('',*,*,#12220,.T.);
#12220 = EDGE_CURVE('',#12213,#12221,#12223,.T.);
#12221 = VERTEX_POINT('',#12222);
#12222 = CARTESIAN_POINT('',(0.264632,-14.323559,1.585));
#12223 = LINE('',#12224,#12225);
#12224 = CARTESIAN_POINT('',(0.291668,-14.31236,1.585));
#12225 = VECTOR('',#12226,1.);
#12226 = DIRECTION('',(-0.923875640631,-0.38269282806,0.));
#12227 = ORIENTED_EDGE('',*,*,#12228,.T.);
#12228 = EDGE_CURVE('',#12221,#12138,#12229,.T.);
#12229 = LINE('',#12230,#12231);
#12230 = CARTESIAN_POINT('',(0.264632,-14.323559,1.585));
#12231 = VECTOR('',#12232,1.);
#12232 = DIRECTION('',(-1.,0.,0.));
#12233 = FACE_BOUND('',#12234,.F.);
#12234 = EDGE_LOOP('',(#12235,#12245,#12253,#12261,#12269,#12278,#12286,
    #12294));
#12235 = ORIENTED_EDGE('',*,*,#12236,.T.);
#12236 = EDGE_CURVE('',#12237,#12239,#12241,.T.);
#12237 = VERTEX_POINT('',#12238);
#12238 = CARTESIAN_POINT('',(32.175,-32.175,1.585));
#12239 = VERTEX_POINT('',#12240);
#12240 = CARTESIAN_POINT('',(32.175,-0.325,1.585));
#12241 = LINE('',#12242,#12243);
#12242 = CARTESIAN_POINT('',(32.175,-32.175,1.585));
#12243 = VECTOR('',#12244,1.);
#12244 = DIRECTION('',(0.,1.,0.));
#12245 = ORIENTED_EDGE('',*,*,#12246,.T.);
#12246 = EDGE_CURVE('',#12239,#12247,#12249,.T.);
#12247 = VERTEX_POINT('',#12248);
#12248 = CARTESIAN_POINT('',(0.325,-0.325,1.585));
#12249 = LINE('',#12250,#12251);
#12250 = CARTESIAN_POINT('',(32.175,-0.325,1.585));
#12251 = VECTOR('',#12252,1.);
#12252 = DIRECTION('',(-1.,0.,0.));
#12253 = ORIENTED_EDGE('',*,*,#12254,.T.);
#12254 = EDGE_CURVE('',#12247,#12255,#12257,.T.);
#12255 = VERTEX_POINT('',#12256);
#12256 = CARTESIAN_POINT('',(0.325,-14.194915,1.585));
#12257 = LINE('',#12258,#12259);
#12258 = CARTESIAN_POINT('',(0.325,-0.325,1.585));
#12259 = VECTOR('',#12260,1.);
#12260 = DIRECTION('',(0.,-1.,0.));
#12261 = ORIENTED_EDGE('',*,*,#12262,.T.);
#12262 = EDGE_CURVE('',#12255,#12263,#12265,.T.);
#12263 = VERTEX_POINT('',#12264);
#12264 = CARTESIAN_POINT('',(0.518884,-14.207623,1.585));
#12265 = LINE('',#12266,#12267);
#12266 = CARTESIAN_POINT('',(0.325,-14.194915,1.585));
#12267 = VECTOR('',#12268,1.);
#12268 = DIRECTION('',(0.997858865715,-6.540400685726E-02,0.));
#12269 = ORIENTED_EDGE('',*,*,#12270,.T.);
#12270 = EDGE_CURVE('',#12263,#12271,#12273,.T.);
#12271 = VERTEX_POINT('',#12272);
#12272 = CARTESIAN_POINT('',(0.518884,-18.292377,1.585));
#12273 = CIRCLE('',#12274,2.060000674324);
#12274 = AXIS2_PLACEMENT_3D('',#12275,#12276,#12277);
#12275 = CARTESIAN_POINT('',(0.249999325676,-16.25,1.585));
#12276 = DIRECTION('',(0.,0.,-1.));
#12277 = DIRECTION('',(0.130526498207,0.99144482109,0.));
#12278 = ORIENTED_EDGE('',*,*,#12279,.T.);
#12279 = EDGE_CURVE('',#12271,#12280,#12282,.T.);
#12280 = VERTEX_POINT('',#12281);
#12281 = CARTESIAN_POINT('',(0.325,-18.305084,1.585));
#12282 = LINE('',#12283,#12284);
#12283 = CARTESIAN_POINT('',(0.518884,-18.292377,1.585));
#12284 = VECTOR('',#12285,1.);
#12285 = DIRECTION('',(-0.997859201595,-6.539888219076E-02,0.));
#12286 = ORIENTED_EDGE('',*,*,#12287,.T.);
#12287 = EDGE_CURVE('',#12280,#12288,#12290,.T.);
#12288 = VERTEX_POINT('',#12289);
#12289 = CARTESIAN_POINT('',(0.325,-32.175,1.585));
#12290 = LINE('',#12291,#12292);
#12291 = CARTESIAN_POINT('',(0.325,-18.305084,1.585));
#12292 = VECTOR('',#12293,1.);
#12293 = DIRECTION('',(0.,-1.,0.));
#12294 = ORIENTED_EDGE('',*,*,#12295,.T.);
#12295 = EDGE_CURVE('',#12288,#12237,#12296,.T.);
#12296 = LINE('',#12297,#12298);
#12297 = CARTESIAN_POINT('',(0.325,-32.175,1.585));
#12298 = VECTOR('',#12299,1.);
#12299 = DIRECTION('',(1.,0.,0.));
#12300 = PLANE('',#12301);
#12301 = AXIS2_PLACEMENT_3D('',#12302,#12303,#12304);
#12302 = CARTESIAN_POINT('',(0.,0.,1.585));
#12303 = DIRECTION('',(0.,0.,1.));
#12304 = DIRECTION('',(1.,0.,-0.));
#12305 = ( GEOMETRIC_REPRESENTATION_CONTEXT(3) 
GLOBAL_UNCERTAINTY_ASSIGNED_CONTEXT((#12309)) 
GLOBAL_UNIT_ASSIGNED_CONTEXT((#12306,#12307,#12308)) 
REPRESENTATION_CONTEXT('Context #1',
  '3D Context with UNIT and UNCERTAINTY') );
#12306 = ( LENGTH_UNIT() NAMED_UNIT(*) SI_UNIT(.MILLI.,.METRE.) );
#12307 = ( NAMED_UNIT(*) PLANE_ANGLE_UNIT() SI_UNIT($,.RADIAN.) );
#12308 = ( NAMED_UNIT(*) SI_UNIT($,.STERADIAN.) SOLID_ANGLE_UNIT() );
#12309 = UNCERTAINTY_MEASURE_WITH_UNIT(LENGTH_MEASURE(1.E-07),#12306,
  'distance_accuracy_value','confusion accuracy');
#12310 = CONTEXT_DEPENDENT_SHAPE_REPRESENTATION(#12311,#12313);
#12311 = ( REPRESENTATION_RELATIONSHIP('','',#11778,#10) 
REPRESENTATION_RELATIONSHIP_WITH_TRANSFORMATION(#12312) 
SHAPE_REPRESENTATION_RELATIONSHIP() );
#12312 = ITEM_DEFINED_TRANSFORMATION('','',#11,#19);
#12313 = PRODUCT_DEFINITION_SHAPE('Placement','Placement of an item',
  #12314);
#12314 = NEXT_ASSEMBLY_USAGE_OCCURRENCE('21','=>[0:1:1:3]','',#5,#11773,
  $);
#12315 = PRODUCT_RELATED_PRODUCT_CATEGORY('part',$,(#11775));
#12316 = SHAPE_DEFINITION_REPRESENTATION(#12317,#12323);
#12317 = PRODUCT_DEFINITION_SHAPE('','',#12318);
#12318 = PRODUCT_DEFINITION('design','',#12319,#12322);
#12319 = PRODUCT_DEFINITION_FORMATION('','',#12320);
#12320 = PRODUCT('Racing_Hub_soldermask','Racing_Hub_soldermask','',(
    #12321));
#12321 = PRODUCT_CONTEXT('',#2,'mechanical');
#12322 = PRODUCT_DEFINITION_CONTEXT('part definition',#2,'design');
#12323 = MANIFOLD_SURFACE_SHAPE_REPRESENTATION('',(#11,#12324),#12542);
#12324 = SHELL_BASED_SURFACE_MODEL('',(#12325));
#12325 = OPEN_SHELL('',(#12326));
#12326 = ADVANCED_FACE('',(#12327,#12361,#12372,#12383,#12394,#12405,
    #12416,#12427,#12438,#12449,#12460,#12471,#12482,#12493,#12504,
    #12515,#12526),#12537,.T.);
#12327 = FACE_BOUND('',#12328,.F.);
#12328 = EDGE_LOOP('',(#12329,#12339,#12347,#12355));
#12329 = ORIENTED_EDGE('',*,*,#12330,.T.);
#12330 = EDGE_CURVE('',#12331,#12333,#12335,.T.);
#12331 = VERTEX_POINT('',#12332);
#12332 = CARTESIAN_POINT('',(0.25,-32.25,1.56));
#12333 = VERTEX_POINT('',#12334);
#12334 = CARTESIAN_POINT('',(0.25,-0.25,1.56));
#12335 = LINE('',#12336,#12337);
#12336 = CARTESIAN_POINT('',(0.25,-32.25,1.56));
#12337 = VECTOR('',#12338,1.);
#12338 = DIRECTION('',(0.,1.,0.));
#12339 = ORIENTED_EDGE('',*,*,#12340,.T.);
#12340 = EDGE_CURVE('',#12333,#12341,#12343,.T.);
#12341 = VERTEX_POINT('',#12342);
#12342 = CARTESIAN_POINT('',(32.25,-0.25,1.56));
#12343 = LINE('',#12344,#12345);
#12344 = CARTESIAN_POINT('',(0.25,-0.25,1.56));
#12345 = VECTOR('',#12346,1.);
#12346 = DIRECTION('',(1.,0.,0.));
#12347 = ORIENTED_EDGE('',*,*,#12348,.T.);
#12348 = EDGE_CURVE('',#12341,#12349,#12351,.T.);
#12349 = VERTEX_POINT('',#12350);
#12350 = CARTESIAN_POINT('',(32.25,-32.25,1.56));
#12351 = LINE('',#12352,#12353);
#12352 = CARTESIAN_POINT('',(32.25,-0.25,1.56));
#12353 = VECTOR('',#12354,1.);
#12354 = DIRECTION('',(0.,-1.,0.));
#12355 = ORIENTED_EDGE('',*,*,#12356,.T.);
#12356 = EDGE_CURVE('',#12349,#12331,#12357,.T.);
#12357 = LINE('',#12358,#12359);
#12358 = CARTESIAN_POINT('',(32.25,-32.25,1.56));
#12359 = VECTOR('',#12360,1.);
#12360 = DIRECTION('',(-1.,0.,0.));
#12361 = FACE_BOUND('',#12362,.F.);
#12362 = EDGE_LOOP('',(#12363));
#12363 = ORIENTED_EDGE('',*,*,#12364,.T.);
#12364 = EDGE_CURVE('',#12365,#12365,#12367,.T.);
#12365 = VERTEX_POINT('',#12366);
#12366 = CARTESIAN_POINT('',(4.657392,-25.14,1.56));
#12367 = CIRCLE('',#12368,0.487392);
#12368 = AXIS2_PLACEMENT_3D('',#12369,#12370,#12371);
#12369 = CARTESIAN_POINT('',(4.17,-25.14,1.56));
#12370 = DIRECTION('',(0.,0.,1.));
#12371 = DIRECTION('',(1.,0.,-0.));
#12372 = FACE_BOUND('',#12373,.F.);
#12373 = EDGE_LOOP('',(#12374));
#12374 = ORIENTED_EDGE('',*,*,#12375,.T.);
#12375 = EDGE_CURVE('',#12376,#12376,#12378,.T.);
#12376 = VERTEX_POINT('',#12377);
#12377 = CARTESIAN_POINT('',(28.657392,-25.14,1.56));
#12378 = CIRCLE('',#12379,0.487392);
#12379 = AXIS2_PLACEMENT_3D('',#12380,#12381,#12382);
#12380 = CARTESIAN_POINT('',(28.17,-25.14,1.56));
#12381 = DIRECTION('',(0.,0.,1.));
#12382 = DIRECTION('',(1.,0.,-0.));
#12383 = FACE_BOUND('',#12384,.F.);
#12384 = EDGE_LOOP('',(#12385));
#12385 = ORIENTED_EDGE('',*,*,#12386,.T.);
#12386 = EDGE_CURVE('',#12387,#12387,#12389,.T.);
#12387 = VERTEX_POINT('',#12388);
#12388 = CARTESIAN_POINT('',(4.657392,-22.6,1.56));
#12389 = CIRCLE('',#12390,0.487392);
#12390 = AXIS2_PLACEMENT_3D('',#12391,#12392,#12393);
#12391 = CARTESIAN_POINT('',(4.17,-22.6,1.56));
#12392 = DIRECTION('',(0.,0.,1.));
#12393 = DIRECTION('',(1.,0.,-0.));
#12394 = FACE_BOUND('',#12395,.F.);
#12395 = EDGE_LOOP('',(#12396));
#12396 = ORIENTED_EDGE('',*,*,#12397,.T.);
#12397 = EDGE_CURVE('',#12398,#12398,#12400,.T.);
#12398 = VERTEX_POINT('',#12399);
#12399 = CARTESIAN_POINT('',(28.657392,-22.6,1.56));
#12400 = CIRCLE('',#12401,0.487392);
#12401 = AXIS2_PLACEMENT_3D('',#12402,#12403,#12404);
#12402 = CARTESIAN_POINT('',(28.17,-22.6,1.56));
#12403 = DIRECTION('',(0.,0.,1.));
#12404 = DIRECTION('',(1.,0.,-0.));
#12405 = FACE_BOUND('',#12406,.F.);
#12406 = EDGE_LOOP('',(#12407));
#12407 = ORIENTED_EDGE('',*,*,#12408,.T.);
#12408 = EDGE_CURVE('',#12409,#12409,#12411,.T.);
#12409 = VERTEX_POINT('',#12410);
#12410 = CARTESIAN_POINT('',(4.657392,-20.06,1.56));
#12411 = CIRCLE('',#12412,0.487392);
#12412 = AXIS2_PLACEMENT_3D('',#12413,#12414,#12415);
#12413 = CARTESIAN_POINT('',(4.17,-20.06,1.56));
#12414 = DIRECTION('',(0.,0.,1.));
#12415 = DIRECTION('',(1.,0.,-0.));
#12416 = FACE_BOUND('',#12417,.F.);
#12417 = EDGE_LOOP('',(#12418));
#12418 = ORIENTED_EDGE('',*,*,#12419,.T.);
#12419 = EDGE_CURVE('',#12420,#12420,#12422,.T.);
#12420 = VERTEX_POINT('',#12421);
#12421 = CARTESIAN_POINT('',(28.657392,-20.06,1.56));
#12422 = CIRCLE('',#12423,0.487392);
#12423 = AXIS2_PLACEMENT_3D('',#12424,#12425,#12426);
#12424 = CARTESIAN_POINT('',(28.17,-20.06,1.56));
#12425 = DIRECTION('',(0.,0.,1.));
#12426 = DIRECTION('',(1.,0.,-0.));
#12427 = FACE_BOUND('',#12428,.F.);
#12428 = EDGE_LOOP('',(#12429));
#12429 = ORIENTED_EDGE('',*,*,#12430,.T.);
#12430 = EDGE_CURVE('',#12431,#12431,#12433,.T.);
#12431 = VERTEX_POINT('',#12432);
#12432 = CARTESIAN_POINT('',(4.657392,-17.52,1.56));
#12433 = CIRCLE('',#12434,0.487392);
#12434 = AXIS2_PLACEMENT_3D('',#12435,#12436,#12437);
#12435 = CARTESIAN_POINT('',(4.17,-17.52,1.56));
#12436 = DIRECTION('',(0.,0.,1.));
#12437 = DIRECTION('',(1.,0.,-0.));
#12438 = FACE_BOUND('',#12439,.F.);
#12439 = EDGE_LOOP('',(#12440));
#12440 = ORIENTED_EDGE('',*,*,#12441,.T.);
#12441 = EDGE_CURVE('',#12442,#12442,#12444,.T.);
#12442 = VERTEX_POINT('',#12443);
#12443 = CARTESIAN_POINT('',(28.657392,-17.52,1.56));
#12444 = CIRCLE('',#12445,0.487392);
#12445 = AXIS2_PLACEMENT_3D('',#12446,#12447,#12448);
#12446 = CARTESIAN_POINT('',(28.17,-17.52,1.56));
#12447 = DIRECTION('',(0.,0.,1.));
#12448 = DIRECTION('',(1.,0.,-0.));
#12449 = FACE_BOUND('',#12450,.F.);
#12450 = EDGE_LOOP('',(#12451));
#12451 = ORIENTED_EDGE('',*,*,#12452,.T.);
#12452 = EDGE_CURVE('',#12453,#12453,#12455,.T.);
#12453 = VERTEX_POINT('',#12454);
#12454 = CARTESIAN_POINT('',(4.657392,-14.98,1.56));
#12455 = CIRCLE('',#12456,0.487392);
#12456 = AXIS2_PLACEMENT_3D('',#12457,#12458,#12459);
#12457 = CARTESIAN_POINT('',(4.17,-14.98,1.56));
#12458 = DIRECTION('',(0.,0.,1.));
#12459 = DIRECTION('',(1.,0.,-0.));
#12460 = FACE_BOUND('',#12461,.F.);
#12461 = EDGE_LOOP('',(#12462));
#12462 = ORIENTED_EDGE('',*,*,#12463,.T.);
#12463 = EDGE_CURVE('',#12464,#12464,#12466,.T.);
#12464 = VERTEX_POINT('',#12465);
#12465 = CARTESIAN_POINT('',(28.657392,-14.98,1.56));
#12466 = CIRCLE('',#12467,0.487392);
#12467 = AXIS2_PLACEMENT_3D('',#12468,#12469,#12470);
#12468 = CARTESIAN_POINT('',(28.17,-14.98,1.56));
#12469 = DIRECTION('',(0.,0.,1.));
#12470 = DIRECTION('',(1.,0.,-0.));
#12471 = FACE_BOUND('',#12472,.F.);
#12472 = EDGE_LOOP('',(#12473));
#12473 = ORIENTED_EDGE('',*,*,#12474,.T.);
#12474 = EDGE_CURVE('',#12475,#12475,#12477,.T.);
#12475 = VERTEX_POINT('',#12476);
#12476 = CARTESIAN_POINT('',(4.657392,-12.44,1.56));
#12477 = CIRCLE('',#12478,0.487392);
#12478 = AXIS2_PLACEMENT_3D('',#12479,#12480,#12481);
#12479 = CARTESIAN_POINT('',(4.17,-12.44,1.56));
#12480 = DIRECTION('',(0.,0.,1.));
#12481 = DIRECTION('',(1.,0.,-0.));
#12482 = FACE_BOUND('',#12483,.F.);
#12483 = EDGE_LOOP('',(#12484));
#12484 = ORIENTED_EDGE('',*,*,#12485,.T.);
#12485 = EDGE_CURVE('',#12486,#12486,#12488,.T.);
#12486 = VERTEX_POINT('',#12487);
#12487 = CARTESIAN_POINT('',(28.657392,-12.44,1.56));
#12488 = CIRCLE('',#12489,0.487392);
#12489 = AXIS2_PLACEMENT_3D('',#12490,#12491,#12492);
#12490 = CARTESIAN_POINT('',(28.17,-12.44,1.56));
#12491 = DIRECTION('',(0.,0.,1.));
#12492 = DIRECTION('',(1.,0.,-0.));
#12493 = FACE_BOUND('',#12494,.F.);
#12494 = EDGE_LOOP('',(#12495));
#12495 = ORIENTED_EDGE('',*,*,#12496,.T.);
#12496 = EDGE_CURVE('',#12497,#12497,#12499,.T.);
#12497 = VERTEX_POINT('',#12498);
#12498 = CARTESIAN_POINT('',(4.657392,-9.9,1.56));
#12499 = CIRCLE('',#12500,0.487392);
#12500 = AXIS2_PLACEMENT_3D('',#12501,#12502,#12503);
#12501 = CARTESIAN_POINT('',(4.17,-9.9,1.56));
#12502 = DIRECTION('',(0.,0.,1.));
#12503 = DIRECTION('',(1.,0.,-0.));
#12504 = FACE_BOUND('',#12505,.F.);
#12505 = EDGE_LOOP('',(#12506));
#12506 = ORIENTED_EDGE('',*,*,#12507,.T.);
#12507 = EDGE_CURVE('',#12508,#12508,#12510,.T.);
#12508 = VERTEX_POINT('',#12509);
#12509 = CARTESIAN_POINT('',(28.657392,-9.9,1.56));
#12510 = CIRCLE('',#12511,0.487392);
#12511 = AXIS2_PLACEMENT_3D('',#12512,#12513,#12514);
#12512 = CARTESIAN_POINT('',(28.17,-9.9,1.56));
#12513 = DIRECTION('',(0.,0.,1.));
#12514 = DIRECTION('',(1.,0.,-0.));
#12515 = FACE_BOUND('',#12516,.F.);
#12516 = EDGE_LOOP('',(#12517));
#12517 = ORIENTED_EDGE('',*,*,#12518,.T.);
#12518 = EDGE_CURVE('',#12519,#12519,#12521,.T.);
#12519 = VERTEX_POINT('',#12520);
#12520 = CARTESIAN_POINT('',(4.657392,-7.36,1.56));
#12521 = CIRCLE('',#12522,0.487392);
#12522 = AXIS2_PLACEMENT_3D('',#12523,#12524,#12525);
#12523 = CARTESIAN_POINT('',(4.17,-7.36,1.56));
#12524 = DIRECTION('',(0.,0.,1.));
#12525 = DIRECTION('',(1.,0.,-0.));
#12526 = FACE_BOUND('',#12527,.F.);
#12527 = EDGE_LOOP('',(#12528));
#12528 = ORIENTED_EDGE('',*,*,#12529,.T.);
#12529 = EDGE_CURVE('',#12530,#12530,#12532,.T.);
#12530 = VERTEX_POINT('',#12531);
#12531 = CARTESIAN_POINT('',(28.657392,-7.36,1.56));
#12532 = CIRCLE('',#12533,0.487392);
#12533 = AXIS2_PLACEMENT_3D('',#12534,#12535,#12536);
#12534 = CARTESIAN_POINT('',(28.17,-7.36,1.56));
#12535 = DIRECTION('',(0.,0.,1.));
#12536 = DIRECTION('',(1.,0.,-0.));
#12537 = PLANE('',#12538);
#12538 = AXIS2_PLACEMENT_3D('',#12539,#12540,#12541);
#12539 = CARTESIAN_POINT('',(0.,0.,1.56));
#12540 = DIRECTION('',(0.,0.,1.));
#12541 = DIRECTION('',(1.,0.,-0.));
#12542 = ( GEOMETRIC_REPRESENTATION_CONTEXT(3) 
GLOBAL_UNCERTAINTY_ASSIGNED_CONTEXT((#12546)) 
GLOBAL_UNIT_ASSIGNED_CONTEXT((#12543,#12544,#12545)) 
REPRESENTATION_CONTEXT('Context #1',
  '3D Context with UNIT and UNCERTAINTY') );
#12543 = ( LENGTH_UNIT() NAMED_UNIT(*) SI_UNIT(.MILLI.,.METRE.) );
#12544 = ( NAMED_UNIT(*) PLANE_ANGLE_UNIT() SI_UNIT($,.RADIAN.) );
#12545 = ( NAMED_UNIT(*) SI_UNIT($,.STERADIAN.) SOLID_ANGLE_UNIT() );
#12546 = UNCERTAINTY_MEASURE_WITH_UNIT(LENGTH_MEASURE(1.E-07),#12543,
  'distance_accuracy_value','confusion accuracy');
#12547 = CONTEXT_DEPENDENT_SHAPE_REPRESENTATION(#12548,#12550);
#12548 = ( REPRESENTATION_RELATIONSHIP('','',#12323,#10) 
REPRESENTATION_RELATIONSHIP_WITH_TRANSFORMATION(#12549) 
SHAPE_REPRESENTATION_RELATIONSHIP() );
#12549 = ITEM_DEFINED_TRANSFORMATION('','',#11,#23);
#12550 = PRODUCT_DEFINITION_SHAPE('Placement','Placement of an item',
  #12551);
#12551 = NEXT_ASSEMBLY_USAGE_OCCURRENCE('22','=>[0:1:1:4]','',#5,#12318,
  $);
#12552 = PRODUCT_RELATED_PRODUCT_CATEGORY('part',$,(#12320));
#12553 = SHAPE_DEFINITION_REPRESENTATION(#12554,#12560);
#12554 = PRODUCT_DEFINITION_SHAPE('','',#12555);
#12555 = PRODUCT_DEFINITION('design','',#12556,#12559);
#12556 = PRODUCT_DEFINITION_FORMATION('','',#12557);
#12557 = PRODUCT('Racing_Hub_soldermask','Racing_Hub_soldermask','',(
    #12558));
#12558 = PRODUCT_CONTEXT('',#2,'mechanical');
#12559 = PRODUCT_DEFINITION_CONTEXT('part definition',#2,'design');
#12560 = MANIFOLD_SURFACE_SHAPE_REPRESENTATION('',(#11,#12561),#12779);
#12561 = SHELL_BASED_SURFACE_MODEL('',(#12562));
#12562 = OPEN_SHELL('',(#12563));
#12563 = ADVANCED_FACE('',(#12564,#12598,#12609,#12620,#12631,#12642,
    #12653,#12664,#12675,#12686,#12697,#12708,#12719,#12730,#12741,
    #12752,#12763),#12774,.T.);
#12564 = FACE_BOUND('',#12565,.T.);
#12565 = EDGE_LOOP('',(#12566,#12576,#12584,#12592));
#12566 = ORIENTED_EDGE('',*,*,#12567,.T.);
#12567 = EDGE_CURVE('',#12568,#12570,#12572,.T.);
#12568 = VERTEX_POINT('',#12569);
#12569 = CARTESIAN_POINT('',(0.25,-32.25,-5.E-02));
#12570 = VERTEX_POINT('',#12571);
#12571 = CARTESIAN_POINT('',(0.25,-0.25,-5.E-02));
#12572 = LINE('',#12573,#12574);
#12573 = CARTESIAN_POINT('',(0.25,-32.25,-5.E-02));
#12574 = VECTOR('',#12575,1.);
#12575 = DIRECTION('',(0.,1.,0.));
#12576 = ORIENTED_EDGE('',*,*,#12577,.T.);
#12577 = EDGE_CURVE('',#12570,#12578,#12580,.T.);
#12578 = VERTEX_POINT('',#12579);
#12579 = CARTESIAN_POINT('',(32.25,-0.25,-5.E-02));
#12580 = LINE('',#12581,#12582);
#12581 = CARTESIAN_POINT('',(0.25,-0.25,-5.E-02));
#12582 = VECTOR('',#12583,1.);
#12583 = DIRECTION('',(1.,0.,0.));
#12584 = ORIENTED_EDGE('',*,*,#12585,.T.);
#12585 = EDGE_CURVE('',#12578,#12586,#12588,.T.);
#12586 = VERTEX_POINT('',#12587);
#12587 = CARTESIAN_POINT('',(32.25,-32.25,-5.E-02));
#12588 = LINE('',#12589,#12590);
#12589 = CARTESIAN_POINT('',(32.25,-0.25,-5.E-02));
#12590 = VECTOR('',#12591,1.);
#12591 = DIRECTION('',(0.,-1.,0.));
#12592 = ORIENTED_EDGE('',*,*,#12593,.T.);
#12593 = EDGE_CURVE('',#12586,#12568,#12594,.T.);
#12594 = LINE('',#12595,#12596);
#12595 = CARTESIAN_POINT('',(32.25,-32.25,-5.E-02));
#12596 = VECTOR('',#12597,1.);
#12597 = DIRECTION('',(-1.,0.,0.));
#12598 = FACE_BOUND('',#12599,.T.);
#12599 = EDGE_LOOP('',(#12600));
#12600 = ORIENTED_EDGE('',*,*,#12601,.T.);
#12601 = EDGE_CURVE('',#12602,#12602,#12604,.T.);
#12602 = VERTEX_POINT('',#12603);
#12603 = CARTESIAN_POINT('',(4.657392,-25.14,-5.E-02));
#12604 = CIRCLE('',#12605,0.487392);
#12605 = AXIS2_PLACEMENT_3D('',#12606,#12607,#12608);
#12606 = CARTESIAN_POINT('',(4.17,-25.14,-5.E-02));
#12607 = DIRECTION('',(0.,0.,1.));
#12608 = DIRECTION('',(1.,0.,-0.));
#12609 = FACE_BOUND('',#12610,.T.);
#12610 = EDGE_LOOP('',(#12611));
#12611 = ORIENTED_EDGE('',*,*,#12612,.T.);
#12612 = EDGE_CURVE('',#12613,#12613,#12615,.T.);
#12613 = VERTEX_POINT('',#12614);
#12614 = CARTESIAN_POINT('',(28.657392,-25.14,-5.E-02));
#12615 = CIRCLE('',#12616,0.487392);
#12616 = AXIS2_PLACEMENT_3D('',#12617,#12618,#12619);
#12617 = CARTESIAN_POINT('',(28.17,-25.14,-5.E-02));
#12618 = DIRECTION('',(0.,0.,1.));
#12619 = DIRECTION('',(1.,0.,-0.));
#12620 = FACE_BOUND('',#12621,.T.);
#12621 = EDGE_LOOP('',(#12622));
#12622 = ORIENTED_EDGE('',*,*,#12623,.T.);
#12623 = EDGE_CURVE('',#12624,#12624,#12626,.T.);
#12624 = VERTEX_POINT('',#12625);
#12625 = CARTESIAN_POINT('',(4.657392,-22.6,-5.E-02));
#12626 = CIRCLE('',#12627,0.487392);
#12627 = AXIS2_PLACEMENT_3D('',#12628,#12629,#12630);
#12628 = CARTESIAN_POINT('',(4.17,-22.6,-5.E-02));
#12629 = DIRECTION('',(0.,0.,1.));
#12630 = DIRECTION('',(1.,0.,-0.));
#12631 = FACE_BOUND('',#12632,.T.);
#12632 = EDGE_LOOP('',(#12633));
#12633 = ORIENTED_EDGE('',*,*,#12634,.T.);
#12634 = EDGE_CURVE('',#12635,#12635,#12637,.T.);
#12635 = VERTEX_POINT('',#12636);
#12636 = CARTESIAN_POINT('',(28.657392,-22.6,-5.E-02));
#12637 = CIRCLE('',#12638,0.487392);
#12638 = AXIS2_PLACEMENT_3D('',#12639,#12640,#12641);
#12639 = CARTESIAN_POINT('',(28.17,-22.6,-5.E-02));
#12640 = DIRECTION('',(0.,0.,1.));
#12641 = DIRECTION('',(1.,0.,-0.));
#12642 = FACE_BOUND('',#12643,.T.);
#12643 = EDGE_LOOP('',(#12644));
#12644 = ORIENTED_EDGE('',*,*,#12645,.T.);
#12645 = EDGE_CURVE('',#12646,#12646,#12648,.T.);
#12646 = VERTEX_POINT('',#12647);
#12647 = CARTESIAN_POINT('',(4.657392,-20.06,-5.E-02));
#12648 = CIRCLE('',#12649,0.487392);
#12649 = AXIS2_PLACEMENT_3D('',#12650,#12651,#12652);
#12650 = CARTESIAN_POINT('',(4.17,-20.06,-5.E-02));
#12651 = DIRECTION('',(0.,0.,1.));
#12652 = DIRECTION('',(1.,0.,-0.));
#12653 = FACE_BOUND('',#12654,.T.);
#12654 = EDGE_LOOP('',(#12655));
#12655 = ORIENTED_EDGE('',*,*,#12656,.T.);
#12656 = EDGE_CURVE('',#12657,#12657,#12659,.T.);
#12657 = VERTEX_POINT('',#12658);
#12658 = CARTESIAN_POINT('',(28.657392,-20.06,-5.E-02));
#12659 = CIRCLE('',#12660,0.487392);
#12660 = AXIS2_PLACEMENT_3D('',#12661,#12662,#12663);
#12661 = CARTESIAN_POINT('',(28.17,-20.06,-5.E-02));
#12662 = DIRECTION('',(0.,0.,1.));
#12663 = DIRECTION('',(1.,0.,-0.));
#12664 = FACE_BOUND('',#12665,.T.);
#12665 = EDGE_LOOP('',(#12666));
#12666 = ORIENTED_EDGE('',*,*,#12667,.T.);
#12667 = EDGE_CURVE('',#12668,#12668,#12670,.T.);
#12668 = VERTEX_POINT('',#12669);
#12669 = CARTESIAN_POINT('',(4.657392,-17.52,-5.E-02));
#12670 = CIRCLE('',#12671,0.487392);
#12671 = AXIS2_PLACEMENT_3D('',#12672,#12673,#12674);
#12672 = CARTESIAN_POINT('',(4.17,-17.52,-5.E-02));
#12673 = DIRECTION('',(0.,0.,1.));
#12674 = DIRECTION('',(1.,0.,-0.));
#12675 = FACE_BOUND('',#12676,.T.);
#12676 = EDGE_LOOP('',(#12677));
#12677 = ORIENTED_EDGE('',*,*,#12678,.T.);
#12678 = EDGE_CURVE('',#12679,#12679,#12681,.T.);
#12679 = VERTEX_POINT('',#12680);
#12680 = CARTESIAN_POINT('',(28.657392,-17.52,-5.E-02));
#12681 = CIRCLE('',#12682,0.487392);
#12682 = AXIS2_PLACEMENT_3D('',#12683,#12684,#12685);
#12683 = CARTESIAN_POINT('',(28.17,-17.52,-5.E-02));
#12684 = DIRECTION('',(0.,0.,1.));
#12685 = DIRECTION('',(1.,0.,-0.));
#12686 = FACE_BOUND('',#12687,.T.);
#12687 = EDGE_LOOP('',(#12688));
#12688 = ORIENTED_EDGE('',*,*,#12689,.T.);
#12689 = EDGE_CURVE('',#12690,#12690,#12692,.T.);
#12690 = VERTEX_POINT('',#12691);
#12691 = CARTESIAN_POINT('',(4.657392,-14.98,-5.E-02));
#12692 = CIRCLE('',#12693,0.487392);
#12693 = AXIS2_PLACEMENT_3D('',#12694,#12695,#12696);
#12694 = CARTESIAN_POINT('',(4.17,-14.98,-5.E-02));
#12695 = DIRECTION('',(0.,0.,1.));
#12696 = DIRECTION('',(1.,0.,-0.));
#12697 = FACE_BOUND('',#12698,.T.);
#12698 = EDGE_LOOP('',(#12699));
#12699 = ORIENTED_EDGE('',*,*,#12700,.T.);
#12700 = EDGE_CURVE('',#12701,#12701,#12703,.T.);
#12701 = VERTEX_POINT('',#12702);
#12702 = CARTESIAN_POINT('',(28.657392,-14.98,-5.E-02));
#12703 = CIRCLE('',#12704,0.487392);
#12704 = AXIS2_PLACEMENT_3D('',#12705,#12706,#12707);
#12705 = CARTESIAN_POINT('',(28.17,-14.98,-5.E-02));
#12706 = DIRECTION('',(0.,0.,1.));
#12707 = DIRECTION('',(1.,0.,-0.));
#12708 = FACE_BOUND('',#12709,.T.);
#12709 = EDGE_LOOP('',(#12710));
#12710 = ORIENTED_EDGE('',*,*,#12711,.T.);
#12711 = EDGE_CURVE('',#12712,#12712,#12714,.T.);
#12712 = VERTEX_POINT('',#12713);
#12713 = CARTESIAN_POINT('',(4.657392,-12.44,-5.E-02));
#12714 = CIRCLE('',#12715,0.487392);
#12715 = AXIS2_PLACEMENT_3D('',#12716,#12717,#12718);
#12716 = CARTESIAN_POINT('',(4.17,-12.44,-5.E-02));
#12717 = DIRECTION('',(0.,0.,1.));
#12718 = DIRECTION('',(1.,0.,-0.));
#12719 = FACE_BOUND('',#12720,.T.);
#12720 = EDGE_LOOP('',(#12721));
#12721 = ORIENTED_EDGE('',*,*,#12722,.T.);
#12722 = EDGE_CURVE('',#12723,#12723,#12725,.T.);
#12723 = VERTEX_POINT('',#12724);
#12724 = CARTESIAN_POINT('',(28.657392,-12.44,-5.E-02));
#12725 = CIRCLE('',#12726,0.487392);
#12726 = AXIS2_PLACEMENT_3D('',#12727,#12728,#12729);
#12727 = CARTESIAN_POINT('',(28.17,-12.44,-5.E-02));
#12728 = DIRECTION('',(0.,0.,1.));
#12729 = DIRECTION('',(1.,0.,-0.));
#12730 = FACE_BOUND('',#12731,.T.);
#12731 = EDGE_LOOP('',(#12732));
#12732 = ORIENTED_EDGE('',*,*,#12733,.T.);
#12733 = EDGE_CURVE('',#12734,#12734,#12736,.T.);
#12734 = VERTEX_POINT('',#12735);
#12735 = CARTESIAN_POINT('',(4.657392,-9.9,-5.E-02));
#12736 = CIRCLE('',#12737,0.487392);
#12737 = AXIS2_PLACEMENT_3D('',#12738,#12739,#12740);
#12738 = CARTESIAN_POINT('',(4.17,-9.9,-5.E-02));
#12739 = DIRECTION('',(0.,0.,1.));
#12740 = DIRECTION('',(1.,0.,-0.));
#12741 = FACE_BOUND('',#12742,.T.);
#12742 = EDGE_LOOP('',(#12743));
#12743 = ORIENTED_EDGE('',*,*,#12744,.T.);
#12744 = EDGE_CURVE('',#12745,#12745,#12747,.T.);
#12745 = VERTEX_POINT('',#12746);
#12746 = CARTESIAN_POINT('',(28.657392,-9.9,-5.E-02));
#12747 = CIRCLE('',#12748,0.487392);
#12748 = AXIS2_PLACEMENT_3D('',#12749,#12750,#12751);
#12749 = CARTESIAN_POINT('',(28.17,-9.9,-5.E-02));
#12750 = DIRECTION('',(0.,0.,1.));
#12751 = DIRECTION('',(1.,0.,-0.));
#12752 = FACE_BOUND('',#12753,.T.);
#12753 = EDGE_LOOP('',(#12754));
#12754 = ORIENTED_EDGE('',*,*,#12755,.T.);
#12755 = EDGE_CURVE('',#12756,#12756,#12758,.T.);
#12756 = VERTEX_POINT('',#12757);
#12757 = CARTESIAN_POINT('',(4.657392,-7.36,-5.E-02));
#12758 = CIRCLE('',#12759,0.487392);
#12759 = AXIS2_PLACEMENT_3D('',#12760,#12761,#12762);
#12760 = CARTESIAN_POINT('',(4.17,-7.36,-5.E-02));
#12761 = DIRECTION('',(0.,0.,1.));
#12762 = DIRECTION('',(1.,0.,-0.));
#12763 = FACE_BOUND('',#12764,.T.);
#12764 = EDGE_LOOP('',(#12765));
#12765 = ORIENTED_EDGE('',*,*,#12766,.T.);
#12766 = EDGE_CURVE('',#12767,#12767,#12769,.T.);
#12767 = VERTEX_POINT('',#12768);
#12768 = CARTESIAN_POINT('',(28.657392,-7.36,-5.E-02));
#12769 = CIRCLE('',#12770,0.487392);
#12770 = AXIS2_PLACEMENT_3D('',#12771,#12772,#12773);
#12771 = CARTESIAN_POINT('',(28.17,-7.36,-5.E-02));
#12772 = DIRECTION('',(0.,0.,1.));
#12773 = DIRECTION('',(1.,0.,-0.));
#12774 = PLANE('',#12775);
#12775 = AXIS2_PLACEMENT_3D('',#12776,#12777,#12778);
#12776 = CARTESIAN_POINT('',(0.,0.,-5.E-02));
#12777 = DIRECTION('',(-0.,-0.,-1.));
#12778 = DIRECTION('',(-1.,0.,0.));
#12779 = ( GEOMETRIC_REPRESENTATION_CONTEXT(3) 
GLOBAL_UNCERTAINTY_ASSIGNED_CONTEXT((#12783)) 
GLOBAL_UNIT_ASSIGNED_CONTEXT((#12780,#12781,#12782)) 
REPRESENTATION_CONTEXT('Context #1',
  '3D Context with UNIT and UNCERTAINTY') );
#12780 = ( LENGTH_UNIT() NAMED_UNIT(*) SI_UNIT(.MILLI.,.METRE.) );
#12781 = ( NAMED_UNIT(*) PLANE_ANGLE_UNIT() SI_UNIT($,.RADIAN.) );
#12782 = ( NAMED_UNIT(*) SI_UNIT($,.STERADIAN.) SOLID_ANGLE_UNIT() );
#12783 = UNCERTAINTY_MEASURE_WITH_UNIT(LENGTH_MEASURE(1.E-07),#12780,
  'distance_accuracy_value','confusion accuracy');
#12784 = CONTEXT_DEPENDENT_SHAPE_REPRESENTATION(#12785,#12787);
#12785 = ( REPRESENTATION_RELATIONSHIP('','',#12560,#10) 
REPRESENTATION_RELATIONSHIP_WITH_TRANSFORMATION(#12786) 
SHAPE_REPRESENTATION_RELATIONSHIP() );
#12786 = ITEM_DEFINED_TRANSFORMATION('','',#11,#27);
#12787 = PRODUCT_DEFINITION_SHAPE('Placement','Placement of an item',
  #12788);
#12788 = NEXT_ASSEMBLY_USAGE_OCCURRENCE('23','=>[0:1:1:5]','',#5,#12555,
  $);
#12789 = PRODUCT_RELATED_PRODUCT_CATEGORY('part',$,(#12557));
#12790 = SHAPE_DEFINITION_REPRESENTATION(#12791,#12797);
#12791 = PRODUCT_DEFINITION_SHAPE('','',#12792);
#12792 = PRODUCT_DEFINITION('design','',#12793,#12796);
#12793 = PRODUCT_DEFINITION_FORMATION('','',#12794);
#12794 = PRODUCT('Racing_Hub_PCB','Racing_Hub_PCB','',(#12795));
#12795 = PRODUCT_CONTEXT('',#2,'mechanical');
#12796 = PRODUCT_DEFINITION_CONTEXT('part definition',#2,'design');
#12797 = ADVANCED_BREP_SHAPE_REPRESENTATION('',(#11,#12798),#13572);
#12798 = MANIFOLD_SOLID_BREP('',#12799);
#12799 = CLOSED_SHELL('',(#12800,#12840,#12871,#12902,#13095,#13288,
    #13300,#13317,#13334,#13351,#13368,#13385,#13402,#13419,#13436,
    #13453,#13470,#13487,#13504,#13521,#13538,#13555));
#12800 = ADVANCED_FACE('',(#12801),#12835,.T.);
#12801 = FACE_BOUND('',#12802,.T.);
#12802 = EDGE_LOOP('',(#12803,#12813,#12821,#12829));
#12803 = ORIENTED_EDGE('',*,*,#12804,.T.);
#12804 = EDGE_CURVE('',#12805,#12807,#12809,.T.);
#12805 = VERTEX_POINT('',#12806);
#12806 = CARTESIAN_POINT('',(32.25,-32.25,0.));
#12807 = VERTEX_POINT('',#12808);
#12808 = CARTESIAN_POINT('',(32.25,-32.25,1.51));
#12809 = LINE('',#12810,#12811);
#12810 = CARTESIAN_POINT('',(32.25,-32.25,0.));
#12811 = VECTOR('',#12812,1.);
#12812 = DIRECTION('',(0.,0.,1.));
#12813 = ORIENTED_EDGE('',*,*,#12814,.T.);
#12814 = EDGE_CURVE('',#12807,#12815,#12817,.T.);
#12815 = VERTEX_POINT('',#12816);
#12816 = CARTESIAN_POINT('',(0.25,-32.25,1.51));
#12817 = LINE('',#12818,#12819);
#12818 = CARTESIAN_POINT('',(32.25,-32.25,1.51));
#12819 = VECTOR('',#12820,1.);
#12820 = DIRECTION('',(-1.,0.,0.));
#12821 = ORIENTED_EDGE('',*,*,#12822,.F.);
#12822 = EDGE_CURVE('',#12823,#12815,#12825,.T.);
#12823 = VERTEX_POINT('',#12824);
#12824 = CARTESIAN_POINT('',(0.25,-32.25,0.));
#12825 = LINE('',#12826,#12827);
#12826 = CARTESIAN_POINT('',(0.25,-32.25,0.));
#12827 = VECTOR('',#12828,1.);
#12828 = DIRECTION('',(0.,0.,1.));
#12829 = ORIENTED_EDGE('',*,*,#12830,.F.);
#12830 = EDGE_CURVE('',#12805,#12823,#12831,.T.);
#12831 = LINE('',#12832,#12833);
#12832 = CARTESIAN_POINT('',(32.25,-32.25,0.));
#12833 = VECTOR('',#12834,1.);
#12834 = DIRECTION('',(-1.,0.,0.));
#12835 = PLANE('',#12836);
#12836 = AXIS2_PLACEMENT_3D('',#12837,#12838,#12839);
#12837 = CARTESIAN_POINT('',(32.25,-32.25,0.));
#12838 = DIRECTION('',(0.,-1.,0.));
#12839 = DIRECTION('',(-1.,0.,0.));
#12840 = ADVANCED_FACE('',(#12841),#12866,.T.);
#12841 = FACE_BOUND('',#12842,.T.);
#12842 = EDGE_LOOP('',(#12843,#12853,#12859,#12860));
#12843 = ORIENTED_EDGE('',*,*,#12844,.T.);
#12844 = EDGE_CURVE('',#12845,#12847,#12849,.T.);
#12845 = VERTEX_POINT('',#12846);
#12846 = CARTESIAN_POINT('',(32.25,-0.25,0.));
#12847 = VERTEX_POINT('',#12848);
#12848 = CARTESIAN_POINT('',(32.25,-0.25,1.51));
#12849 = LINE('',#12850,#12851);
#12850 = CARTESIAN_POINT('',(32.25,-0.25,0.));
#12851 = VECTOR('',#12852,1.);
#12852 = DIRECTION('',(0.,0.,1.));
#12853 = ORIENTED_EDGE('',*,*,#12854,.T.);
#12854 = EDGE_CURVE('',#12847,#12807,#12855,.T.);
#12855 = LINE('',#12856,#12857);
#12856 = CARTESIAN_POINT('',(32.25,-0.25,1.51));
#12857 = VECTOR('',#12858,1.);
#12858 = DIRECTION('',(0.,-1.,0.));
#12859 = ORIENTED_EDGE('',*,*,#12804,.F.);
#12860 = ORIENTED_EDGE('',*,*,#12861,.F.);
#12861 = EDGE_CURVE('',#12845,#12805,#12862,.T.);
#12862 = LINE('',#12863,#12864);
#12863 = CARTESIAN_POINT('',(32.25,-0.25,0.));
#12864 = VECTOR('',#12865,1.);
#12865 = DIRECTION('',(0.,-1.,0.));
#12866 = PLANE('',#12867);
#12867 = AXIS2_PLACEMENT_3D('',#12868,#12869,#12870);
#12868 = CARTESIAN_POINT('',(32.25,-0.25,0.));
#12869 = DIRECTION('',(1.,0.,-0.));
#12870 = DIRECTION('',(0.,-1.,0.));
#12871 = ADVANCED_FACE('',(#12872),#12897,.T.);
#12872 = FACE_BOUND('',#12873,.T.);
#12873 = EDGE_LOOP('',(#12874,#12875,#12883,#12891));
#12874 = ORIENTED_EDGE('',*,*,#12822,.T.);
#12875 = ORIENTED_EDGE('',*,*,#12876,.T.);
#12876 = EDGE_CURVE('',#12815,#12877,#12879,.T.);
#12877 = VERTEX_POINT('',#12878);
#12878 = CARTESIAN_POINT('',(0.25,-0.25,1.51));
#12879 = LINE('',#12880,#12881);
#12880 = CARTESIAN_POINT('',(0.25,-32.25,1.51));
#12881 = VECTOR('',#12882,1.);
#12882 = DIRECTION('',(0.,1.,0.));
#12883 = ORIENTED_EDGE('',*,*,#12884,.F.);
#12884 = EDGE_CURVE('',#12885,#12877,#12887,.T.);
#12885 = VERTEX_POINT('',#12886);
#12886 = CARTESIAN_POINT('',(0.25,-0.25,0.));
#12887 = LINE('',#12888,#12889);
#12888 = CARTESIAN_POINT('',(0.25,-0.25,0.));
#12889 = VECTOR('',#12890,1.);
#12890 = DIRECTION('',(0.,0.,1.));
#12891 = ORIENTED_EDGE('',*,*,#12892,.F.);
#12892 = EDGE_CURVE('',#12823,#12885,#12893,.T.);
#12893 = LINE('',#12894,#12895);
#12894 = CARTESIAN_POINT('',(0.25,-32.25,0.));
#12895 = VECTOR('',#12896,1.);
#12896 = DIRECTION('',(0.,1.,0.));
#12897 = PLANE('',#12898);
#12898 = AXIS2_PLACEMENT_3D('',#12899,#12900,#12901);
#12899 = CARTESIAN_POINT('',(0.25,-32.25,0.));
#12900 = DIRECTION('',(-1.,0.,0.));
#12901 = DIRECTION('',(0.,1.,0.));
#12902 = ADVANCED_FACE('',(#12903,#12914,#12925,#12936,#12947,#12958,
    #12969,#12980,#12991,#13002,#13013,#13024,#13035,#13046,#13057,
    #13068,#13079),#13090,.F.);
#12903 = FACE_BOUND('',#12904,.F.);
#12904 = EDGE_LOOP('',(#12905,#12906,#12907,#12913));
#12905 = ORIENTED_EDGE('',*,*,#12830,.F.);
#12906 = ORIENTED_EDGE('',*,*,#12861,.F.);
#12907 = ORIENTED_EDGE('',*,*,#12908,.F.);
#12908 = EDGE_CURVE('',#12885,#12845,#12909,.T.);
#12909 = LINE('',#12910,#12911);
#12910 = CARTESIAN_POINT('',(0.25,-0.25,0.));
#12911 = VECTOR('',#12912,1.);
#12912 = DIRECTION('',(1.,0.,0.));
#12913 = ORIENTED_EDGE('',*,*,#12892,.F.);
#12914 = FACE_BOUND('',#12915,.F.);
#12915 = EDGE_LOOP('',(#12916));
#12916 = ORIENTED_EDGE('',*,*,#12917,.T.);
#12917 = EDGE_CURVE('',#12918,#12918,#12920,.T.);
#12918 = VERTEX_POINT('',#12919);
#12919 = CARTESIAN_POINT('',(4.17,-25.64,0.));
#12920 = CIRCLE('',#12921,0.5);
#12921 = AXIS2_PLACEMENT_3D('',#12922,#12923,#12924);
#12922 = CARTESIAN_POINT('',(4.17,-25.14,0.));
#12923 = DIRECTION('',(-0.,0.,-1.));
#12924 = DIRECTION('',(-0.,-1.,0.));
#12925 = FACE_BOUND('',#12926,.F.);
#12926 = EDGE_LOOP('',(#12927));
#12927 = ORIENTED_EDGE('',*,*,#12928,.T.);
#12928 = EDGE_CURVE('',#12929,#12929,#12931,.T.);
#12929 = VERTEX_POINT('',#12930);
#12930 = CARTESIAN_POINT('',(4.17,-23.1,0.));
#12931 = CIRCLE('',#12932,0.5);
#12932 = AXIS2_PLACEMENT_3D('',#12933,#12934,#12935);
#12933 = CARTESIAN_POINT('',(4.17,-22.6,0.));
#12934 = DIRECTION('',(-0.,0.,-1.));
#12935 = DIRECTION('',(-0.,-1.,0.));
#12936 = FACE_BOUND('',#12937,.F.);
#12937 = EDGE_LOOP('',(#12938));
#12938 = ORIENTED_EDGE('',*,*,#12939,.T.);
#12939 = EDGE_CURVE('',#12940,#12940,#12942,.T.);
#12940 = VERTEX_POINT('',#12941);
#12941 = CARTESIAN_POINT('',(4.17,-20.56,0.));
#12942 = CIRCLE('',#12943,0.5);
#12943 = AXIS2_PLACEMENT_3D('',#12944,#12945,#12946);
#12944 = CARTESIAN_POINT('',(4.17,-20.06,0.));
#12945 = DIRECTION('',(-0.,0.,-1.));
#12946 = DIRECTION('',(-0.,-1.,0.));
#12947 = FACE_BOUND('',#12948,.F.);
#12948 = EDGE_LOOP('',(#12949));
#12949 = ORIENTED_EDGE('',*,*,#12950,.T.);
#12950 = EDGE_CURVE('',#12951,#12951,#12953,.T.);
#12951 = VERTEX_POINT('',#12952);
#12952 = CARTESIAN_POINT('',(4.17,-18.02,0.));
#12953 = CIRCLE('',#12954,0.5);
#12954 = AXIS2_PLACEMENT_3D('',#12955,#12956,#12957);
#12955 = CARTESIAN_POINT('',(4.17,-17.52,0.));
#12956 = DIRECTION('',(-0.,0.,-1.));
#12957 = DIRECTION('',(-0.,-1.,0.));
#12958 = FACE_BOUND('',#12959,.F.);
#12959 = EDGE_LOOP('',(#12960));
#12960 = ORIENTED_EDGE('',*,*,#12961,.T.);
#12961 = EDGE_CURVE('',#12962,#12962,#12964,.T.);
#12962 = VERTEX_POINT('',#12963);
#12963 = CARTESIAN_POINT('',(28.17,-25.64,0.));
#12964 = CIRCLE('',#12965,0.5);
#12965 = AXIS2_PLACEMENT_3D('',#12966,#12967,#12968);
#12966 = CARTESIAN_POINT('',(28.17,-25.14,0.));
#12967 = DIRECTION('',(-0.,0.,-1.));
#12968 = DIRECTION('',(-0.,-1.,0.));
#12969 = FACE_BOUND('',#12970,.F.);
#12970 = EDGE_LOOP('',(#12971));
#12971 = ORIENTED_EDGE('',*,*,#12972,.T.);
#12972 = EDGE_CURVE('',#12973,#12973,#12975,.T.);
#12973 = VERTEX_POINT('',#12974);
#12974 = CARTESIAN_POINT('',(28.17,-23.1,0.));
#12975 = CIRCLE('',#12976,0.5);
#12976 = AXIS2_PLACEMENT_3D('',#12977,#12978,#12979);
#12977 = CARTESIAN_POINT('',(28.17,-22.6,0.));
#12978 = DIRECTION('',(-0.,0.,-1.));
#12979 = DIRECTION('',(-0.,-1.,0.));
#12980 = FACE_BOUND('',#12981,.F.);
#12981 = EDGE_LOOP('',(#12982));
#12982 = ORIENTED_EDGE('',*,*,#12983,.T.);
#12983 = EDGE_CURVE('',#12984,#12984,#12986,.T.);
#12984 = VERTEX_POINT('',#12985);
#12985 = CARTESIAN_POINT('',(28.17,-20.56,0.));
#12986 = CIRCLE('',#12987,0.5);
#12987 = AXIS2_PLACEMENT_3D('',#12988,#12989,#12990);
#12988 = CARTESIAN_POINT('',(28.17,-20.06,0.));
#12989 = DIRECTION('',(-0.,0.,-1.));
#12990 = DIRECTION('',(-0.,-1.,0.));
#12991 = FACE_BOUND('',#12992,.F.);
#12992 = EDGE_LOOP('',(#12993));
#12993 = ORIENTED_EDGE('',*,*,#12994,.T.);
#12994 = EDGE_CURVE('',#12995,#12995,#12997,.T.);
#12995 = VERTEX_POINT('',#12996);
#12996 = CARTESIAN_POINT('',(28.17,-18.02,0.));
#12997 = CIRCLE('',#12998,0.5);
#12998 = AXIS2_PLACEMENT_3D('',#12999,#13000,#13001);
#12999 = CARTESIAN_POINT('',(28.17,-17.52,0.));
#13000 = DIRECTION('',(-0.,0.,-1.));
#13001 = DIRECTION('',(-0.,-1.,0.));
#13002 = FACE_BOUND('',#13003,.F.);
#13003 = EDGE_LOOP('',(#13004));
#13004 = ORIENTED_EDGE('',*,*,#13005,.T.);
#13005 = EDGE_CURVE('',#13006,#13006,#13008,.T.);
#13006 = VERTEX_POINT('',#13007);
#13007 = CARTESIAN_POINT('',(4.17,-15.48,0.));
#13008 = CIRCLE('',#13009,0.5);
#13009 = AXIS2_PLACEMENT_3D('',#13010,#13011,#13012);
#13010 = CARTESIAN_POINT('',(4.17,-14.98,0.));
#13011 = DIRECTION('',(-0.,0.,-1.));
#13012 = DIRECTION('',(-0.,-1.,0.));
#13013 = FACE_BOUND('',#13014,.F.);
#13014 = EDGE_LOOP('',(#13015));
#13015 = ORIENTED_EDGE('',*,*,#13016,.T.);
#13016 = EDGE_CURVE('',#13017,#13017,#13019,.T.);
#13017 = VERTEX_POINT('',#13018);
#13018 = CARTESIAN_POINT('',(4.17,-12.94,0.));
#13019 = CIRCLE('',#13020,0.5);
#13020 = AXIS2_PLACEMENT_3D('',#13021,#13022,#13023);
#13021 = CARTESIAN_POINT('',(4.17,-12.44,0.));
#13022 = DIRECTION('',(-0.,0.,-1.));
#13023 = DIRECTION('',(-0.,-1.,0.));
#13024 = FACE_BOUND('',#13025,.F.);
#13025 = EDGE_LOOP('',(#13026));
#13026 = ORIENTED_EDGE('',*,*,#13027,.T.);
#13027 = EDGE_CURVE('',#13028,#13028,#13030,.T.);
#13028 = VERTEX_POINT('',#13029);
#13029 = CARTESIAN_POINT('',(4.17,-10.4,0.));
#13030 = CIRCLE('',#13031,0.5);
#13031 = AXIS2_PLACEMENT_3D('',#13032,#13033,#13034);
#13032 = CARTESIAN_POINT('',(4.17,-9.9,0.));
#13033 = DIRECTION('',(-0.,0.,-1.));
#13034 = DIRECTION('',(-0.,-1.,0.));
#13035 = FACE_BOUND('',#13036,.F.);
#13036 = EDGE_LOOP('',(#13037));
#13037 = ORIENTED_EDGE('',*,*,#13038,.T.);
#13038 = EDGE_CURVE('',#13039,#13039,#13041,.T.);
#13039 = VERTEX_POINT('',#13040);
#13040 = CARTESIAN_POINT('',(4.17,-7.86,0.));
#13041 = CIRCLE('',#13042,0.5);
#13042 = AXIS2_PLACEMENT_3D('',#13043,#13044,#13045);
#13043 = CARTESIAN_POINT('',(4.17,-7.36,0.));
#13044 = DIRECTION('',(-0.,0.,-1.));
#13045 = DIRECTION('',(-0.,-1.,0.));
#13046 = FACE_BOUND('',#13047,.F.);
#13047 = EDGE_LOOP('',(#13048));
#13048 = ORIENTED_EDGE('',*,*,#13049,.T.);
#13049 = EDGE_CURVE('',#13050,#13050,#13052,.T.);
#13050 = VERTEX_POINT('',#13051);
#13051 = CARTESIAN_POINT('',(28.17,-15.48,0.));
#13052 = CIRCLE('',#13053,0.5);
#13053 = AXIS2_PLACEMENT_3D('',#13054,#13055,#13056);
#13054 = CARTESIAN_POINT('',(28.17,-14.98,0.));
#13055 = DIRECTION('',(-0.,0.,-1.));
#13056 = DIRECTION('',(-0.,-1.,0.));
#13057 = FACE_BOUND('',#13058,.F.);
#13058 = EDGE_LOOP('',(#13059));
#13059 = ORIENTED_EDGE('',*,*,#13060,.T.);
#13060 = EDGE_CURVE('',#13061,#13061,#13063,.T.);
#13061 = VERTEX_POINT('',#13062);
#13062 = CARTESIAN_POINT('',(28.17,-12.94,0.));
#13063 = CIRCLE('',#13064,0.5);
#13064 = AXIS2_PLACEMENT_3D('',#13065,#13066,#13067);
#13065 = CARTESIAN_POINT('',(28.17,-12.44,0.));
#13066 = DIRECTION('',(-0.,0.,-1.));
#13067 = DIRECTION('',(-0.,-1.,0.));
#13068 = FACE_BOUND('',#13069,.F.);
#13069 = EDGE_LOOP('',(#13070));
#13070 = ORIENTED_EDGE('',*,*,#13071,.T.);
#13071 = EDGE_CURVE('',#13072,#13072,#13074,.T.);
#13072 = VERTEX_POINT('',#13073);
#13073 = CARTESIAN_POINT('',(28.17,-10.4,0.));
#13074 = CIRCLE('',#13075,0.5);
#13075 = AXIS2_PLACEMENT_3D('',#13076,#13077,#13078);
#13076 = CARTESIAN_POINT('',(28.17,-9.9,0.));
#13077 = DIRECTION('',(-0.,0.,-1.));
#13078 = DIRECTION('',(-0.,-1.,0.));
#13079 = FACE_BOUND('',#13080,.F.);
#13080 = EDGE_LOOP('',(#13081));
#13081 = ORIENTED_EDGE('',*,*,#13082,.T.);
#13082 = EDGE_CURVE('',#13083,#13083,#13085,.T.);
#13083 = VERTEX_POINT('',#13084);
#13084 = CARTESIAN_POINT('',(28.17,-7.86,0.));
#13085 = CIRCLE('',#13086,0.5);
#13086 = AXIS2_PLACEMENT_3D('',#13087,#13088,#13089);
#13087 = CARTESIAN_POINT('',(28.17,-7.36,0.));
#13088 = DIRECTION('',(-0.,0.,-1.));
#13089 = DIRECTION('',(-0.,-1.,0.));
#13090 = PLANE('',#13091);
#13091 = AXIS2_PLACEMENT_3D('',#13092,#13093,#13094);
#13092 = CARTESIAN_POINT('',(0.,0.,0.));
#13093 = DIRECTION('',(0.,0.,1.));
#13094 = DIRECTION('',(1.,0.,-0.));
#13095 = ADVANCED_FACE('',(#13096,#13107,#13118,#13129,#13140,#13151,
    #13162,#13173,#13184,#13195,#13206,#13217,#13228,#13239,#13250,
    #13261,#13272),#13283,.T.);
#13096 = FACE_BOUND('',#13097,.T.);
#13097 = EDGE_LOOP('',(#13098,#13099,#13100,#13106));
#13098 = ORIENTED_EDGE('',*,*,#12814,.F.);
#13099 = ORIENTED_EDGE('',*,*,#12854,.F.);
#13100 = ORIENTED_EDGE('',*,*,#13101,.F.);
#13101 = EDGE_CURVE('',#12877,#12847,#13102,.T.);
#13102 = LINE('',#13103,#13104);
#13103 = CARTESIAN_POINT('',(0.25,-0.25,1.51));
#13104 = VECTOR('',#13105,1.);
#13105 = DIRECTION('',(1.,0.,0.));
#13106 = ORIENTED_EDGE('',*,*,#12876,.F.);
#13107 = FACE_BOUND('',#13108,.T.);
#13108 = EDGE_LOOP('',(#13109));
#13109 = ORIENTED_EDGE('',*,*,#13110,.T.);
#13110 = EDGE_CURVE('',#13111,#13111,#13113,.T.);
#13111 = VERTEX_POINT('',#13112);
#13112 = CARTESIAN_POINT('',(4.17,-25.64,1.51));
#13113 = CIRCLE('',#13114,0.5);
#13114 = AXIS2_PLACEMENT_3D('',#13115,#13116,#13117);
#13115 = CARTESIAN_POINT('',(4.17,-25.14,1.51));
#13116 = DIRECTION('',(-0.,0.,-1.));
#13117 = DIRECTION('',(-0.,-1.,0.));
#13118 = FACE_BOUND('',#13119,.T.);
#13119 = EDGE_LOOP('',(#13120));
#13120 = ORIENTED_EDGE('',*,*,#13121,.T.);
#13121 = EDGE_CURVE('',#13122,#13122,#13124,.T.);
#13122 = VERTEX_POINT('',#13123);
#13123 = CARTESIAN_POINT('',(4.17,-23.1,1.51));
#13124 = CIRCLE('',#13125,0.5);
#13125 = AXIS2_PLACEMENT_3D('',#13126,#13127,#13128);
#13126 = CARTESIAN_POINT('',(4.17,-22.6,1.51));
#13127 = DIRECTION('',(-0.,0.,-1.));
#13128 = DIRECTION('',(-0.,-1.,0.));
#13129 = FACE_BOUND('',#13130,.T.);
#13130 = EDGE_LOOP('',(#13131));
#13131 = ORIENTED_EDGE('',*,*,#13132,.T.);
#13132 = EDGE_CURVE('',#13133,#13133,#13135,.T.);
#13133 = VERTEX_POINT('',#13134);
#13134 = CARTESIAN_POINT('',(4.17,-20.56,1.51));
#13135 = CIRCLE('',#13136,0.5);
#13136 = AXIS2_PLACEMENT_3D('',#13137,#13138,#13139);
#13137 = CARTESIAN_POINT('',(4.17,-20.06,1.51));
#13138 = DIRECTION('',(-0.,0.,-1.));
#13139 = DIRECTION('',(-0.,-1.,0.));
#13140 = FACE_BOUND('',#13141,.T.);
#13141 = EDGE_LOOP('',(#13142));
#13142 = ORIENTED_EDGE('',*,*,#13143,.T.);
#13143 = EDGE_CURVE('',#13144,#13144,#13146,.T.);
#13144 = VERTEX_POINT('',#13145);
#13145 = CARTESIAN_POINT('',(4.17,-18.02,1.51));
#13146 = CIRCLE('',#13147,0.5);
#13147 = AXIS2_PLACEMENT_3D('',#13148,#13149,#13150);
#13148 = CARTESIAN_POINT('',(4.17,-17.52,1.51));
#13149 = DIRECTION('',(-0.,0.,-1.));
#13150 = DIRECTION('',(-0.,-1.,0.));
#13151 = FACE_BOUND('',#13152,.T.);
#13152 = EDGE_LOOP('',(#13153));
#13153 = ORIENTED_EDGE('',*,*,#13154,.T.);
#13154 = EDGE_CURVE('',#13155,#13155,#13157,.T.);
#13155 = VERTEX_POINT('',#13156);
#13156 = CARTESIAN_POINT('',(28.17,-25.64,1.51));
#13157 = CIRCLE('',#13158,0.5);
#13158 = AXIS2_PLACEMENT_3D('',#13159,#13160,#13161);
#13159 = CARTESIAN_POINT('',(28.17,-25.14,1.51));
#13160 = DIRECTION('',(-0.,0.,-1.));
#13161 = DIRECTION('',(-0.,-1.,0.));
#13162 = FACE_BOUND('',#13163,.T.);
#13163 = EDGE_LOOP('',(#13164));
#13164 = ORIENTED_EDGE('',*,*,#13165,.T.);
#13165 = EDGE_CURVE('',#13166,#13166,#13168,.T.);
#13166 = VERTEX_POINT('',#13167);
#13167 = CARTESIAN_POINT('',(28.17,-23.1,1.51));
#13168 = CIRCLE('',#13169,0.5);
#13169 = AXIS2_PLACEMENT_3D('',#13170,#13171,#13172);
#13170 = CARTESIAN_POINT('',(28.17,-22.6,1.51));
#13171 = DIRECTION('',(-0.,0.,-1.));
#13172 = DIRECTION('',(-0.,-1.,0.));
#13173 = FACE_BOUND('',#13174,.T.);
#13174 = EDGE_LOOP('',(#13175));
#13175 = ORIENTED_EDGE('',*,*,#13176,.T.);
#13176 = EDGE_CURVE('',#13177,#13177,#13179,.T.);
#13177 = VERTEX_POINT('',#13178);
#13178 = CARTESIAN_POINT('',(28.17,-20.56,1.51));
#13179 = CIRCLE('',#13180,0.5);
#13180 = AXIS2_PLACEMENT_3D('',#13181,#13182,#13183);
#13181 = CARTESIAN_POINT('',(28.17,-20.06,1.51));
#13182 = DIRECTION('',(-0.,0.,-1.));
#13183 = DIRECTION('',(-0.,-1.,0.));
#13184 = FACE_BOUND('',#13185,.T.);
#13185 = EDGE_LOOP('',(#13186));
#13186 = ORIENTED_EDGE('',*,*,#13187,.T.);
#13187 = EDGE_CURVE('',#13188,#13188,#13190,.T.);
#13188 = VERTEX_POINT('',#13189);
#13189 = CARTESIAN_POINT('',(28.17,-18.02,1.51));
#13190 = CIRCLE('',#13191,0.5);
#13191 = AXIS2_PLACEMENT_3D('',#13192,#13193,#13194);
#13192 = CARTESIAN_POINT('',(28.17,-17.52,1.51));
#13193 = DIRECTION('',(-0.,0.,-1.));
#13194 = DIRECTION('',(-0.,-1.,0.));
#13195 = FACE_BOUND('',#13196,.T.);
#13196 = EDGE_LOOP('',(#13197));
#13197 = ORIENTED_EDGE('',*,*,#13198,.T.);
#13198 = EDGE_CURVE('',#13199,#13199,#13201,.T.);
#13199 = VERTEX_POINT('',#13200);
#13200 = CARTESIAN_POINT('',(4.17,-15.48,1.51));
#13201 = CIRCLE('',#13202,0.5);
#13202 = AXIS2_PLACEMENT_3D('',#13203,#13204,#13205);
#13203 = CARTESIAN_POINT('',(4.17,-14.98,1.51));
#13204 = DIRECTION('',(-0.,0.,-1.));
#13205 = DIRECTION('',(-0.,-1.,0.));
#13206 = FACE_BOUND('',#13207,.T.);
#13207 = EDGE_LOOP('',(#13208));
#13208 = ORIENTED_EDGE('',*,*,#13209,.T.);
#13209 = EDGE_CURVE('',#13210,#13210,#13212,.T.);
#13210 = VERTEX_POINT('',#13211);
#13211 = CARTESIAN_POINT('',(4.17,-12.94,1.51));
#13212 = CIRCLE('',#13213,0.5);
#13213 = AXIS2_PLACEMENT_3D('',#13214,#13215,#13216);
#13214 = CARTESIAN_POINT('',(4.17,-12.44,1.51));
#13215 = DIRECTION('',(-0.,0.,-1.));
#13216 = DIRECTION('',(-0.,-1.,0.));
#13217 = FACE_BOUND('',#13218,.T.);
#13218 = EDGE_LOOP('',(#13219));
#13219 = ORIENTED_EDGE('',*,*,#13220,.T.);
#13220 = EDGE_CURVE('',#13221,#13221,#13223,.T.);
#13221 = VERTEX_POINT('',#13222);
#13222 = CARTESIAN_POINT('',(4.17,-10.4,1.51));
#13223 = CIRCLE('',#13224,0.5);
#13224 = AXIS2_PLACEMENT_3D('',#13225,#13226,#13227);
#13225 = CARTESIAN_POINT('',(4.17,-9.9,1.51));
#13226 = DIRECTION('',(-0.,0.,-1.));
#13227 = DIRECTION('',(-0.,-1.,0.));
#13228 = FACE_BOUND('',#13229,.T.);
#13229 = EDGE_LOOP('',(#13230));
#13230 = ORIENTED_EDGE('',*,*,#13231,.T.);
#13231 = EDGE_CURVE('',#13232,#13232,#13234,.T.);
#13232 = VERTEX_POINT('',#13233);
#13233 = CARTESIAN_POINT('',(4.17,-7.86,1.51));
#13234 = CIRCLE('',#13235,0.5);
#13235 = AXIS2_PLACEMENT_3D('',#13236,#13237,#13238);
#13236 = CARTESIAN_POINT('',(4.17,-7.36,1.51));
#13237 = DIRECTION('',(-0.,0.,-1.));
#13238 = DIRECTION('',(-0.,-1.,0.));
#13239 = FACE_BOUND('',#13240,.T.);
#13240 = EDGE_LOOP('',(#13241));
#13241 = ORIENTED_EDGE('',*,*,#13242,.T.);
#13242 = EDGE_CURVE('',#13243,#13243,#13245,.T.);
#13243 = VERTEX_POINT('',#13244);
#13244 = CARTESIAN_POINT('',(28.17,-15.48,1.51));
#13245 = CIRCLE('',#13246,0.5);
#13246 = AXIS2_PLACEMENT_3D('',#13247,#13248,#13249);
#13247 = CARTESIAN_POINT('',(28.17,-14.98,1.51));
#13248 = DIRECTION('',(-0.,0.,-1.));
#13249 = DIRECTION('',(-0.,-1.,0.));
#13250 = FACE_BOUND('',#13251,.T.);
#13251 = EDGE_LOOP('',(#13252));
#13252 = ORIENTED_EDGE('',*,*,#13253,.T.);
#13253 = EDGE_CURVE('',#13254,#13254,#13256,.T.);
#13254 = VERTEX_POINT('',#13255);
#13255 = CARTESIAN_POINT('',(28.17,-12.94,1.51));
#13256 = CIRCLE('',#13257,0.5);
#13257 = AXIS2_PLACEMENT_3D('',#13258,#13259,#13260);
#13258 = CARTESIAN_POINT('',(28.17,-12.44,1.51));
#13259 = DIRECTION('',(-0.,0.,-1.));
#13260 = DIRECTION('',(-0.,-1.,0.));
#13261 = FACE_BOUND('',#13262,.T.);
#13262 = EDGE_LOOP('',(#13263));
#13263 = ORIENTED_EDGE('',*,*,#13264,.T.);
#13264 = EDGE_CURVE('',#13265,#13265,#13267,.T.);
#13265 = VERTEX_POINT('',#13266);
#13266 = CARTESIAN_POINT('',(28.17,-10.4,1.51));
#13267 = CIRCLE('',#13268,0.5);
#13268 = AXIS2_PLACEMENT_3D('',#13269,#13270,#13271);
#13269 = CARTESIAN_POINT('',(28.17,-9.9,1.51));
#13270 = DIRECTION('',(-0.,0.,-1.));
#13271 = DIRECTION('',(-0.,-1.,0.));
#13272 = FACE_BOUND('',#13273,.T.);
#13273 = EDGE_LOOP('',(#13274));
#13274 = ORIENTED_EDGE('',*,*,#13275,.T.);
#13275 = EDGE_CURVE('',#13276,#13276,#13278,.T.);
#13276 = VERTEX_POINT('',#13277);
#13277 = CARTESIAN_POINT('',(28.17,-7.86,1.51));
#13278 = CIRCLE('',#13279,0.5);
#13279 = AXIS2_PLACEMENT_3D('',#13280,#13281,#13282);
#13280 = CARTESIAN_POINT('',(28.17,-7.36,1.51));
#13281 = DIRECTION('',(-0.,0.,-1.));
#13282 = DIRECTION('',(-0.,-1.,0.));
#13283 = PLANE('',#13284);
#13284 = AXIS2_PLACEMENT_3D('',#13285,#13286,#13287);
#13285 = CARTESIAN_POINT('',(0.,0.,1.51));
#13286 = DIRECTION('',(0.,0.,1.));
#13287 = DIRECTION('',(1.,0.,-0.));
#13288 = ADVANCED_FACE('',(#13289),#13295,.T.);
#13289 = FACE_BOUND('',#13290,.T.);
#13290 = EDGE_LOOP('',(#13291,#13292,#13293,#13294));
#13291 = ORIENTED_EDGE('',*,*,#12884,.T.);
#13292 = ORIENTED_EDGE('',*,*,#13101,.T.);
#13293 = ORIENTED_EDGE('',*,*,#12844,.F.);
#13294 = ORIENTED_EDGE('',*,*,#12908,.F.);
#13295 = PLANE('',#13296);
#13296 = AXIS2_PLACEMENT_3D('',#13297,#13298,#13299);
#13297 = CARTESIAN_POINT('',(0.25,-0.25,0.));
#13298 = DIRECTION('',(0.,1.,0.));
#13299 = DIRECTION('',(1.,0.,0.));
#13300 = ADVANCED_FACE('',(#13301),#13312,.F.);
#13301 = FACE_BOUND('',#13302,.T.);
#13302 = EDGE_LOOP('',(#13303,#13304,#13310,#13311));
#13303 = ORIENTED_EDGE('',*,*,#12917,.T.);
#13304 = ORIENTED_EDGE('',*,*,#13305,.T.);
#13305 = EDGE_CURVE('',#12918,#13111,#13306,.T.);
#13306 = LINE('',#13307,#13308);
#13307 = CARTESIAN_POINT('',(4.17,-25.64,-4.6E-02));
#13308 = VECTOR('',#13309,1.);
#13309 = DIRECTION('',(0.,0.,1.));
#13310 = ORIENTED_EDGE('',*,*,#13110,.F.);
#13311 = ORIENTED_EDGE('',*,*,#13305,.F.);
#13312 = CYLINDRICAL_SURFACE('',#13313,0.5);
#13313 = AXIS2_PLACEMENT_3D('',#13314,#13315,#13316);
#13314 = CARTESIAN_POINT('',(4.17,-25.14,-4.6E-02));
#13315 = DIRECTION('',(-0.,-0.,-1.));
#13316 = DIRECTION('',(-0.,-1.,0.));
#13317 = ADVANCED_FACE('',(#13318),#13329,.F.);
#13318 = FACE_BOUND('',#13319,.T.);
#13319 = EDGE_LOOP('',(#13320,#13321,#13327,#13328));
#13320 = ORIENTED_EDGE('',*,*,#12928,.T.);
#13321 = ORIENTED_EDGE('',*,*,#13322,.T.);
#13322 = EDGE_CURVE('',#12929,#13122,#13323,.T.);
#13323 = LINE('',#13324,#13325);
#13324 = CARTESIAN_POINT('',(4.17,-23.1,-4.6E-02));
#13325 = VECTOR('',#13326,1.);
#13326 = DIRECTION('',(0.,0.,1.));
#13327 = ORIENTED_EDGE('',*,*,#13121,.F.);
#13328 = ORIENTED_EDGE('',*,*,#13322,.F.);
#13329 = CYLINDRICAL_SURFACE('',#13330,0.5);
#13330 = AXIS2_PLACEMENT_3D('',#13331,#13332,#13333);
#13331 = CARTESIAN_POINT('',(4.17,-22.6,-4.6E-02));
#13332 = DIRECTION('',(-0.,-0.,-1.));
#13333 = DIRECTION('',(-0.,-1.,0.));
#13334 = ADVANCED_FACE('',(#13335),#13346,.F.);
#13335 = FACE_BOUND('',#13336,.T.);
#13336 = EDGE_LOOP('',(#13337,#13338,#13344,#13345));
#13337 = ORIENTED_EDGE('',*,*,#12939,.T.);
#13338 = ORIENTED_EDGE('',*,*,#13339,.T.);
#13339 = EDGE_CURVE('',#12940,#13133,#13340,.T.);
#13340 = LINE('',#13341,#13342);
#13341 = CARTESIAN_POINT('',(4.17,-20.56,-4.6E-02));
#13342 = VECTOR('',#13343,1.);
#13343 = DIRECTION('',(0.,0.,1.));
#13344 = ORIENTED_EDGE('',*,*,#13132,.F.);
#13345 = ORIENTED_EDGE('',*,*,#13339,.F.);
#13346 = CYLINDRICAL_SURFACE('',#13347,0.5);
#13347 = AXIS2_PLACEMENT_3D('',#13348,#13349,#13350);
#13348 = CARTESIAN_POINT('',(4.17,-20.06,-4.6E-02));
#13349 = DIRECTION('',(-0.,-0.,-1.));
#13350 = DIRECTION('',(-0.,-1.,0.));
#13351 = ADVANCED_FACE('',(#13352),#13363,.F.);
#13352 = FACE_BOUND('',#13353,.T.);
#13353 = EDGE_LOOP('',(#13354,#13355,#13361,#13362));
#13354 = ORIENTED_EDGE('',*,*,#12950,.T.);
#13355 = ORIENTED_EDGE('',*,*,#13356,.T.);
#13356 = EDGE_CURVE('',#12951,#13144,#13357,.T.);
#13357 = LINE('',#13358,#13359);
#13358 = CARTESIAN_POINT('',(4.17,-18.02,-4.6E-02));
#13359 = VECTOR('',#13360,1.);
#13360 = DIRECTION('',(0.,0.,1.));
#13361 = ORIENTED_EDGE('',*,*,#13143,.F.);
#13362 = ORIENTED_EDGE('',*,*,#13356,.F.);
#13363 = CYLINDRICAL_SURFACE('',#13364,0.5);
#13364 = AXIS2_PLACEMENT_3D('',#13365,#13366,#13367);
#13365 = CARTESIAN_POINT('',(4.17,-17.52,-4.6E-02));
#13366 = DIRECTION('',(-0.,-0.,-1.));
#13367 = DIRECTION('',(-0.,-1.,0.));
#13368 = ADVANCED_FACE('',(#13369),#13380,.F.);
#13369 = FACE_BOUND('',#13370,.T.);
#13370 = EDGE_LOOP('',(#13371,#13372,#13378,#13379));
#13371 = ORIENTED_EDGE('',*,*,#12961,.T.);
#13372 = ORIENTED_EDGE('',*,*,#13373,.T.);
#13373 = EDGE_CURVE('',#12962,#13155,#13374,.T.);
#13374 = LINE('',#13375,#13376);
#13375 = CARTESIAN_POINT('',(28.17,-25.64,-4.6E-02));
#13376 = VECTOR('',#13377,1.);
#13377 = DIRECTION('',(0.,0.,1.));
#13378 = ORIENTED_EDGE('',*,*,#13154,.F.);
#13379 = ORIENTED_EDGE('',*,*,#13373,.F.);
#13380 = CYLINDRICAL_SURFACE('',#13381,0.5);
#13381 = AXIS2_PLACEMENT_3D('',#13382,#13383,#13384);
#13382 = CARTESIAN_POINT('',(28.17,-25.14,-4.6E-02));
#13383 = DIRECTION('',(-0.,-0.,-1.));
#13384 = DIRECTION('',(-0.,-1.,0.));
#13385 = ADVANCED_FACE('',(#13386),#13397,.F.);
#13386 = FACE_BOUND('',#13387,.T.);
#13387 = EDGE_LOOP('',(#13388,#13389,#13395,#13396));
#13388 = ORIENTED_EDGE('',*,*,#12972,.T.);
#13389 = ORIENTED_EDGE('',*,*,#13390,.T.);
#13390 = EDGE_CURVE('',#12973,#13166,#13391,.T.);
#13391 = LINE('',#13392,#13393);
#13392 = CARTESIAN_POINT('',(28.17,-23.1,-4.6E-02));
#13393 = VECTOR('',#13394,1.);
#13394 = DIRECTION('',(0.,0.,1.));
#13395 = ORIENTED_EDGE('',*,*,#13165,.F.);
#13396 = ORIENTED_EDGE('',*,*,#13390,.F.);
#13397 = CYLINDRICAL_SURFACE('',#13398,0.5);
#13398 = AXIS2_PLACEMENT_3D('',#13399,#13400,#13401);
#13399 = CARTESIAN_POINT('',(28.17,-22.6,-4.6E-02));
#13400 = DIRECTION('',(-0.,-0.,-1.));
#13401 = DIRECTION('',(-0.,-1.,0.));
#13402 = ADVANCED_FACE('',(#13403),#13414,.F.);
#13403 = FACE_BOUND('',#13404,.T.);
#13404 = EDGE_LOOP('',(#13405,#13406,#13412,#13413));
#13405 = ORIENTED_EDGE('',*,*,#12983,.T.);
#13406 = ORIENTED_EDGE('',*,*,#13407,.T.);
#13407 = EDGE_CURVE('',#12984,#13177,#13408,.T.);
#13408 = LINE('',#13409,#13410);
#13409 = CARTESIAN_POINT('',(28.17,-20.56,-4.6E-02));
#13410 = VECTOR('',#13411,1.);
#13411 = DIRECTION('',(0.,0.,1.));
#13412 = ORIENTED_EDGE('',*,*,#13176,.F.);
#13413 = ORIENTED_EDGE('',*,*,#13407,.F.);
#13414 = CYLINDRICAL_SURFACE('',#13415,0.5);
#13415 = AXIS2_PLACEMENT_3D('',#13416,#13417,#13418);
#13416 = CARTESIAN_POINT('',(28.17,-20.06,-4.6E-02));
#13417 = DIRECTION('',(-0.,-0.,-1.));
#13418 = DIRECTION('',(-0.,-1.,0.));
#13419 = ADVANCED_FACE('',(#13420),#13431,.F.);
#13420 = FACE_BOUND('',#13421,.T.);
#13421 = EDGE_LOOP('',(#13422,#13423,#13429,#13430));
#13422 = ORIENTED_EDGE('',*,*,#12994,.T.);
#13423 = ORIENTED_EDGE('',*,*,#13424,.T.);
#13424 = EDGE_CURVE('',#12995,#13188,#13425,.T.);
#13425 = LINE('',#13426,#13427);
#13426 = CARTESIAN_POINT('',(28.17,-18.02,-4.6E-02));
#13427 = VECTOR('',#13428,1.);
#13428 = DIRECTION('',(0.,0.,1.));
#13429 = ORIENTED_EDGE('',*,*,#13187,.F.);
#13430 = ORIENTED_EDGE('',*,*,#13424,.F.);
#13431 = CYLINDRICAL_SURFACE('',#13432,0.5);
#13432 = AXIS2_PLACEMENT_3D('',#13433,#13434,#13435);
#13433 = CARTESIAN_POINT('',(28.17,-17.52,-4.6E-02));
#13434 = DIRECTION('',(-0.,-0.,-1.));
#13435 = DIRECTION('',(-0.,-1.,0.));
#13436 = ADVANCED_FACE('',(#13437),#13448,.F.);
#13437 = FACE_BOUND('',#13438,.T.);
#13438 = EDGE_LOOP('',(#13439,#13440,#13446,#13447));
#13439 = ORIENTED_EDGE('',*,*,#13005,.T.);
#13440 = ORIENTED_EDGE('',*,*,#13441,.T.);
#13441 = EDGE_CURVE('',#13006,#13199,#13442,.T.);
#13442 = LINE('',#13443,#13444);
#13443 = CARTESIAN_POINT('',(4.17,-15.48,-4.6E-02));
#13444 = VECTOR('',#13445,1.);
#13445 = DIRECTION('',(0.,0.,1.));
#13446 = ORIENTED_EDGE('',*,*,#13198,.F.);
#13447 = ORIENTED_EDGE('',*,*,#13441,.F.);
#13448 = CYLINDRICAL_SURFACE('',#13449,0.5);
#13449 = AXIS2_PLACEMENT_3D('',#13450,#13451,#13452);
#13450 = CARTESIAN_POINT('',(4.17,-14.98,-4.6E-02));
#13451 = DIRECTION('',(-0.,-0.,-1.));
#13452 = DIRECTION('',(-0.,-1.,0.));
#13453 = ADVANCED_FACE('',(#13454),#13465,.F.);
#13454 = FACE_BOUND('',#13455,.T.);
#13455 = EDGE_LOOP('',(#13456,#13457,#13463,#13464));
#13456 = ORIENTED_EDGE('',*,*,#13016,.T.);
#13457 = ORIENTED_EDGE('',*,*,#13458,.T.);
#13458 = EDGE_CURVE('',#13017,#13210,#13459,.T.);
#13459 = LINE('',#13460,#13461);
#13460 = CARTESIAN_POINT('',(4.17,-12.94,-4.6E-02));
#13461 = VECTOR('',#13462,1.);
#13462 = DIRECTION('',(0.,0.,1.));
#13463 = ORIENTED_EDGE('',*,*,#13209,.F.);
#13464 = ORIENTED_EDGE('',*,*,#13458,.F.);
#13465 = CYLINDRICAL_SURFACE('',#13466,0.5);
#13466 = AXIS2_PLACEMENT_3D('',#13467,#13468,#13469);
#13467 = CARTESIAN_POINT('',(4.17,-12.44,-4.6E-02));
#13468 = DIRECTION('',(-0.,-0.,-1.));
#13469 = DIRECTION('',(-0.,-1.,0.));
#13470 = ADVANCED_FACE('',(#13471),#13482,.F.);
#13471 = FACE_BOUND('',#13472,.T.);
#13472 = EDGE_LOOP('',(#13473,#13474,#13480,#13481));
#13473 = ORIENTED_EDGE('',*,*,#13027,.T.);
#13474 = ORIENTED_EDGE('',*,*,#13475,.T.);
#13475 = EDGE_CURVE('',#13028,#13221,#13476,.T.);
#13476 = LINE('',#13477,#13478);
#13477 = CARTESIAN_POINT('',(4.17,-10.4,-4.6E-02));
#13478 = VECTOR('',#13479,1.);
#13479 = DIRECTION('',(0.,0.,1.));
#13480 = ORIENTED_EDGE('',*,*,#13220,.F.);
#13481 = ORIENTED_EDGE('',*,*,#13475,.F.);
#13482 = CYLINDRICAL_SURFACE('',#13483,0.5);
#13483 = AXIS2_PLACEMENT_3D('',#13484,#13485,#13486);
#13484 = CARTESIAN_POINT('',(4.17,-9.9,-4.6E-02));
#13485 = DIRECTION('',(-0.,-0.,-1.));
#13486 = DIRECTION('',(-0.,-1.,0.));
#13487 = ADVANCED_FACE('',(#13488),#13499,.F.);
#13488 = FACE_BOUND('',#13489,.T.);
#13489 = EDGE_LOOP('',(#13490,#13491,#13497,#13498));
#13490 = ORIENTED_EDGE('',*,*,#13038,.T.);
#13491 = ORIENTED_EDGE('',*,*,#13492,.T.);
#13492 = EDGE_CURVE('',#13039,#13232,#13493,.T.);
#13493 = LINE('',#13494,#13495);
#13494 = CARTESIAN_POINT('',(4.17,-7.86,-4.6E-02));
#13495 = VECTOR('',#13496,1.);
#13496 = DIRECTION('',(0.,0.,1.));
#13497 = ORIENTED_EDGE('',*,*,#13231,.F.);
#13498 = ORIENTED_EDGE('',*,*,#13492,.F.);
#13499 = CYLINDRICAL_SURFACE('',#13500,0.5);
#13500 = AXIS2_PLACEMENT_3D('',#13501,#13502,#13503);
#13501 = CARTESIAN_POINT('',(4.17,-7.36,-4.6E-02));
#13502 = DIRECTION('',(-0.,-0.,-1.));
#13503 = DIRECTION('',(-0.,-1.,0.));
#13504 = ADVANCED_FACE('',(#13505),#13516,.F.);
#13505 = FACE_BOUND('',#13506,.T.);
#13506 = EDGE_LOOP('',(#13507,#13508,#13514,#13515));
#13507 = ORIENTED_EDGE('',*,*,#13049,.T.);
#13508 = ORIENTED_EDGE('',*,*,#13509,.T.);
#13509 = EDGE_CURVE('',#13050,#13243,#13510,.T.);
#13510 = LINE('',#13511,#13512);
#13511 = CARTESIAN_POINT('',(28.17,-15.48,-4.6E-02));
#13512 = VECTOR('',#13513,1.);
#13513 = DIRECTION('',(0.,0.,1.));
#13514 = ORIENTED_EDGE('',*,*,#13242,.F.);
#13515 = ORIENTED_EDGE('',*,*,#13509,.F.);
#13516 = CYLINDRICAL_SURFACE('',#13517,0.5);
#13517 = AXIS2_PLACEMENT_3D('',#13518,#13519,#13520);
#13518 = CARTESIAN_POINT('',(28.17,-14.98,-4.6E-02));
#13519 = DIRECTION('',(-0.,-0.,-1.));
#13520 = DIRECTION('',(-0.,-1.,0.));
#13521 = ADVANCED_FACE('',(#13522),#13533,.F.);
#13522 = FACE_BOUND('',#13523,.T.);
#13523 = EDGE_LOOP('',(#13524,#13525,#13531,#13532));
#13524 = ORIENTED_EDGE('',*,*,#13060,.T.);
#13525 = ORIENTED_EDGE('',*,*,#13526,.T.);
#13526 = EDGE_CURVE('',#13061,#13254,#13527,.T.);
#13527 = LINE('',#13528,#13529);
#13528 = CARTESIAN_POINT('',(28.17,-12.94,-4.6E-02));
#13529 = VECTOR('',#13530,1.);
#13530 = DIRECTION('',(0.,0.,1.));
#13531 = ORIENTED_EDGE('',*,*,#13253,.F.);
#13532 = ORIENTED_EDGE('',*,*,#13526,.F.);
#13533 = CYLINDRICAL_SURFACE('',#13534,0.5);
#13534 = AXIS2_PLACEMENT_3D('',#13535,#13536,#13537);
#13535 = CARTESIAN_POINT('',(28.17,-12.44,-4.6E-02));
#13536 = DIRECTION('',(-0.,-0.,-1.));
#13537 = DIRECTION('',(-0.,-1.,0.));
#13538 = ADVANCED_FACE('',(#13539),#13550,.F.);
#13539 = FACE_BOUND('',#13540,.T.);
#13540 = EDGE_LOOP('',(#13541,#13542,#13548,#13549));
#13541 = ORIENTED_EDGE('',*,*,#13071,.T.);
#13542 = ORIENTED_EDGE('',*,*,#13543,.T.);
#13543 = EDGE_CURVE('',#13072,#13265,#13544,.T.);
#13544 = LINE('',#13545,#13546);
#13545 = CARTESIAN_POINT('',(28.17,-10.4,-4.6E-02));
#13546 = VECTOR('',#13547,1.);
#13547 = DIRECTION('',(0.,0.,1.));
#13548 = ORIENTED_EDGE('',*,*,#13264,.F.);
#13549 = ORIENTED_EDGE('',*,*,#13543,.F.);
#13550 = CYLINDRICAL_SURFACE('',#13551,0.5);
#13551 = AXIS2_PLACEMENT_3D('',#13552,#13553,#13554);
#13552 = CARTESIAN_POINT('',(28.17,-9.9,-4.6E-02));
#13553 = DIRECTION('',(-0.,-0.,-1.));
#13554 = DIRECTION('',(-0.,-1.,0.));
#13555 = ADVANCED_FACE('',(#13556),#13567,.F.);
#13556 = FACE_BOUND('',#13557,.T.);
#13557 = EDGE_LOOP('',(#13558,#13559,#13565,#13566));
#13558 = ORIENTED_EDGE('',*,*,#13082,.T.);
#13559 = ORIENTED_EDGE('',*,*,#13560,.T.);
#13560 = EDGE_CURVE('',#13083,#13276,#13561,.T.);
#13561 = LINE('',#13562,#13563);
#13562 = CARTESIAN_POINT('',(28.17,-7.86,-4.6E-02));
#13563 = VECTOR('',#13564,1.);
#13564 = DIRECTION('',(0.,0.,1.));
#13565 = ORIENTED_EDGE('',*,*,#13275,.F.);
#13566 = ORIENTED_EDGE('',*,*,#13560,.F.);
#13567 = CYLINDRICAL_SURFACE('',#13568,0.5);
#13568 = AXIS2_PLACEMENT_3D('',#13569,#13570,#13571);
#13569 = CARTESIAN_POINT('',(28.17,-7.36,-4.6E-02));
#13570 = DIRECTION('',(-0.,-0.,-1.));
#13571 = DIRECTION('',(-0.,-1.,0.));
#13572 = ( GEOMETRIC_REPRESENTATION_CONTEXT(3) 
GLOBAL_UNCERTAINTY_ASSIGNED_CONTEXT((#13576)) 
GLOBAL_UNIT_ASSIGNED_CONTEXT((#13573,#13574,#13575)) 
REPRESENTATION_CONTEXT('Context #1',
  '3D Context with UNIT and UNCERTAINTY') );
#13573 = ( LENGTH_UNIT() NAMED_UNIT(*) SI_UNIT(.MILLI.,.METRE.) );
#13574 = ( NAMED_UNIT(*) PLANE_ANGLE_UNIT() SI_UNIT($,.RADIAN.) );
#13575 = ( NAMED_UNIT(*) SI_UNIT($,.STERADIAN.) SOLID_ANGLE_UNIT() );
#13576 = UNCERTAINTY_MEASURE_WITH_UNIT(LENGTH_MEASURE(1.E-07),#13573,
  'distance_accuracy_value','confusion accuracy');
#13577 = CONTEXT_DEPENDENT_SHAPE_REPRESENTATION(#13578,#13580);
#13578 = ( REPRESENTATION_RELATIONSHIP('','',#12797,#10) 
REPRESENTATION_RELATIONSHIP_WITH_TRANSFORMATION(#13579) 
SHAPE_REPRESENTATION_RELATIONSHIP() );
#13579 = ITEM_DEFINED_TRANSFORMATION('','',#11,#31);
#13580 = PRODUCT_DEFINITION_SHAPE('Placement','Placement of an item',
  #13581);
#13581 = NEXT_ASSEMBLY_USAGE_OCCURRENCE('24','=>[0:1:1:6]','',#5,#12792,
  $);
#13582 = PRODUCT_RELATED_PRODUCT_CATEGORY('part',$,(#12794));
#13583 = MECHANICAL_DESIGN_GEOMETRIC_PRESENTATION_REPRESENTATION('',(
    #13584,#13594,#13603,#13612),#12305);
#13584 = STYLED_ITEM('color',(#13585),#11781);
#13585 = PRESENTATION_STYLE_ASSIGNMENT((#13586));
#13586 = SURFACE_STYLE_USAGE(.BOTH.,#13587);
#13587 = SURFACE_SIDE_STYLE('',(#13588,#13592));
#13588 = SURFACE_STYLE_FILL_AREA(#13589);
#13589 = FILL_AREA_STYLE('',(#13590));
#13590 = FILL_AREA_STYLE_COLOUR('',#13591);
#13591 = DRAUGHTING_PRE_DEFINED_COLOUR('white');
#13592 = SURFACE_STYLE_RENDERING_WITH_PROPERTIES(.NORMAL_SHADING.,#13591
  ,(#13593));
#13593 = SURFACE_STYLE_TRANSPARENT(0.100000023842);
#13594 = STYLED_ITEM('color',(#13595),#11909);
#13595 = PRESENTATION_STYLE_ASSIGNMENT((#13596));
#13596 = SURFACE_STYLE_USAGE(.BOTH.,#13597);
#13597 = SURFACE_SIDE_STYLE('',(#13598,#13601));
#13598 = SURFACE_STYLE_FILL_AREA(#13599);
#13599 = FILL_AREA_STYLE('',(#13600));
#13600 = FILL_AREA_STYLE_COLOUR('',#13591);
#13601 = SURFACE_STYLE_RENDERING_WITH_PROPERTIES(.NORMAL_SHADING.,#13591
  ,(#13602));
#13602 = SURFACE_STYLE_TRANSPARENT(0.100000023842);
#13603 = STYLED_ITEM('color',(#13604),#12103);
#13604 = PRESENTATION_STYLE_ASSIGNMENT((#13605));
#13605 = SURFACE_STYLE_USAGE(.BOTH.,#13606);
#13606 = SURFACE_SIDE_STYLE('',(#13607,#13610));
#13607 = SURFACE_STYLE_FILL_AREA(#13608);
#13608 = FILL_AREA_STYLE('',(#13609));
#13609 = FILL_AREA_STYLE_COLOUR('',#13591);
#13610 = SURFACE_STYLE_RENDERING_WITH_PROPERTIES(.NORMAL_SHADING.,#13591
  ,(#13611));
#13611 = SURFACE_STYLE_TRANSPARENT(0.100000023842);
#13612 = STYLED_ITEM('color',(#13613),#12133);
#13613 = PRESENTATION_STYLE_ASSIGNMENT((#13614));
#13614 = SURFACE_STYLE_USAGE(.BOTH.,#13615);
#13615 = SURFACE_SIDE_STYLE('',(#13616,#13619));
#13616 = SURFACE_STYLE_FILL_AREA(#13617);
#13617 = FILL_AREA_STYLE('',(#13618));
#13618 = FILL_AREA_STYLE_COLOUR('',#13591);
#13619 = SURFACE_STYLE_RENDERING_WITH_PROPERTIES(.NORMAL_SHADING.,#13591
  ,(#13620));
#13620 = SURFACE_STYLE_TRANSPARENT(0.100000023842);
#13621 = MECHANICAL_DESIGN_GEOMETRIC_PRESENTATION_REPRESENTATION('',(
    #13622),#11516);
#13622 = STYLED_ITEM('color',(#13623),#11428);
#13623 = PRESENTATION_STYLE_ASSIGNMENT((#13624));
#13624 = SURFACE_STYLE_USAGE(.BOTH.,#13625);
#13625 = SURFACE_SIDE_STYLE('',(#13626));
#13626 = SURFACE_STYLE_FILL_AREA(#13627);
#13627 = FILL_AREA_STYLE('',(#13628));
#13628 = FILL_AREA_STYLE_COLOUR('',#13629);
#13629 = COLOUR_RGB('',0.690196085623,0.611764694186,0.529411766244);
#13630 = MECHANICAL_DESIGN_GEOMETRIC_PRESENTATION_REPRESENTATION('',(
    #13631,#13639,#13646,#13653,#13660,#13667,#13674,#13681,#13688,
    #13695,#13702,#13709,#13716,#13723,#13730,#13737,#13744,#13751,
    #13758,#13765,#13772,#13779,#13786,#13793,#13800,#13807,#13814,
    #13821,#13828,#13835,#13842,#13849,#13856,#13863,#13870,#13877,
    #13884,#13891,#13898,#13905,#13912,#13919,#13926,#13933,#13940,
    #13947,#13954,#13961,#13968,#13975,#13982,#13989,#13996,#14003,
    #14010,#14017,#14024,#14031,#14038,#14045,#14052,#14059,#14066,
    #14073),#5776);
#13631 = STYLED_ITEM('color',(#13632),#144);
#13632 = PRESENTATION_STYLE_ASSIGNMENT((#13633));
#13633 = SURFACE_STYLE_USAGE(.BOTH.,#13634);
#13634 = SURFACE_SIDE_STYLE('',(#13635));
#13635 = SURFACE_STYLE_FILL_AREA(#13636);
#13636 = FILL_AREA_STYLE('',(#13637));
#13637 = FILL_AREA_STYLE_COLOUR('',#13638);
#13638 = COLOUR_RGB('',0.866666664203,0.866666664203,0.866666664203);
#13639 = STYLED_ITEM('color',(#13640),#232);
#13640 = PRESENTATION_STYLE_ASSIGNMENT((#13641));
#13641 = SURFACE_STYLE_USAGE(.BOTH.,#13642);
#13642 = SURFACE_SIDE_STYLE('',(#13643));
#13643 = SURFACE_STYLE_FILL_AREA(#13644);
#13644 = FILL_AREA_STYLE('',(#13645));
#13645 = FILL_AREA_STYLE_COLOUR('',#13638);
#13646 = STYLED_ITEM('color',(#13647),#320);
#13647 = PRESENTATION_STYLE_ASSIGNMENT((#13648));
#13648 = SURFACE_STYLE_USAGE(.BOTH.,#13649);
#13649 = SURFACE_SIDE_STYLE('',(#13650));
#13650 = SURFACE_STYLE_FILL_AREA(#13651);
#13651 = FILL_AREA_STYLE('',(#13652));
#13652 = FILL_AREA_STYLE_COLOUR('',#13638);
#13653 = STYLED_ITEM('color',(#13654),#408);
#13654 = PRESENTATION_STYLE_ASSIGNMENT((#13655));
#13655 = SURFACE_STYLE_USAGE(.BOTH.,#13656);
#13656 = SURFACE_SIDE_STYLE('',(#13657));
#13657 = SURFACE_STYLE_FILL_AREA(#13658);
#13658 = FILL_AREA_STYLE('',(#13659));
#13659 = FILL_AREA_STYLE_COLOUR('',#13638);
#13660 = STYLED_ITEM('color',(#13661),#496);
#13661 = PRESENTATION_STYLE_ASSIGNMENT((#13662));
#13662 = SURFACE_STYLE_USAGE(.BOTH.,#13663);
#13663 = SURFACE_SIDE_STYLE('',(#13664));
#13664 = SURFACE_STYLE_FILL_AREA(#13665);
#13665 = FILL_AREA_STYLE('',(#13666));
#13666 = FILL_AREA_STYLE_COLOUR('',#13638);
#13667 = STYLED_ITEM('color',(#13668),#584);
#13668 = PRESENTATION_STYLE_ASSIGNMENT((#13669));
#13669 = SURFACE_STYLE_USAGE(.BOTH.,#13670);
#13670 = SURFACE_SIDE_STYLE('',(#13671));
#13671 = SURFACE_STYLE_FILL_AREA(#13672);
#13672 = FILL_AREA_STYLE('',(#13673));
#13673 = FILL_AREA_STYLE_COLOUR('',#13638);
#13674 = STYLED_ITEM('color',(#13675),#672);
#13675 = PRESENTATION_STYLE_ASSIGNMENT((#13676));
#13676 = SURFACE_STYLE_USAGE(.BOTH.,#13677);
#13677 = SURFACE_SIDE_STYLE('',(#13678));
#13678 = SURFACE_STYLE_FILL_AREA(#13679);
#13679 = FILL_AREA_STYLE('',(#13680));
#13680 = FILL_AREA_STYLE_COLOUR('',#13638);
#13681 = STYLED_ITEM('color',(#13682),#760);
#13682 = PRESENTATION_STYLE_ASSIGNMENT((#13683));
#13683 = SURFACE_STYLE_USAGE(.BOTH.,#13684);
#13684 = SURFACE_SIDE_STYLE('',(#13685));
#13685 = SURFACE_STYLE_FILL_AREA(#13686);
#13686 = FILL_AREA_STYLE('',(#13687));
#13687 = FILL_AREA_STYLE_COLOUR('',#13638);
#13688 = STYLED_ITEM('color',(#13689),#848);
#13689 = PRESENTATION_STYLE_ASSIGNMENT((#13690));
#13690 = SURFACE_STYLE_USAGE(.BOTH.,#13691);
#13691 = SURFACE_SIDE_STYLE('',(#13692));
#13692 = SURFACE_STYLE_FILL_AREA(#13693);
#13693 = FILL_AREA_STYLE('',(#13694));
#13694 = FILL_AREA_STYLE_COLOUR('',#13638);
#13695 = STYLED_ITEM('color',(#13696),#936);
#13696 = PRESENTATION_STYLE_ASSIGNMENT((#13697));
#13697 = SURFACE_STYLE_USAGE(.BOTH.,#13698);
#13698 = SURFACE_SIDE_STYLE('',(#13699));
#13699 = SURFACE_STYLE_FILL_AREA(#13700);
#13700 = FILL_AREA_STYLE('',(#13701));
#13701 = FILL_AREA_STYLE_COLOUR('',#13638);
#13702 = STYLED_ITEM('color',(#13703),#1024);
#13703 = PRESENTATION_STYLE_ASSIGNMENT((#13704));
#13704 = SURFACE_STYLE_USAGE(.BOTH.,#13705);
#13705 = SURFACE_SIDE_STYLE('',(#13706));
#13706 = SURFACE_STYLE_FILL_AREA(#13707);
#13707 = FILL_AREA_STYLE('',(#13708));
#13708 = FILL_AREA_STYLE_COLOUR('',#13638);
#13709 = STYLED_ITEM('color',(#13710),#1112);
#13710 = PRESENTATION_STYLE_ASSIGNMENT((#13711));
#13711 = SURFACE_STYLE_USAGE(.BOTH.,#13712);
#13712 = SURFACE_SIDE_STYLE('',(#13713));
#13713 = SURFACE_STYLE_FILL_AREA(#13714);
#13714 = FILL_AREA_STYLE('',(#13715));
#13715 = FILL_AREA_STYLE_COLOUR('',#13638);
#13716 = STYLED_ITEM('color',(#13717),#1200);
#13717 = PRESENTATION_STYLE_ASSIGNMENT((#13718));
#13718 = SURFACE_STYLE_USAGE(.BOTH.,#13719);
#13719 = SURFACE_SIDE_STYLE('',(#13720));
#13720 = SURFACE_STYLE_FILL_AREA(#13721);
#13721 = FILL_AREA_STYLE('',(#13722));
#13722 = FILL_AREA_STYLE_COLOUR('',#13638);
#13723 = STYLED_ITEM('color',(#13724),#1288);
#13724 = PRESENTATION_STYLE_ASSIGNMENT((#13725));
#13725 = SURFACE_STYLE_USAGE(.BOTH.,#13726);
#13726 = SURFACE_SIDE_STYLE('',(#13727));
#13727 = SURFACE_STYLE_FILL_AREA(#13728);
#13728 = FILL_AREA_STYLE('',(#13729));
#13729 = FILL_AREA_STYLE_COLOUR('',#13638);
#13730 = STYLED_ITEM('color',(#13731),#1376);
#13731 = PRESENTATION_STYLE_ASSIGNMENT((#13732));
#13732 = SURFACE_STYLE_USAGE(.BOTH.,#13733);
#13733 = SURFACE_SIDE_STYLE('',(#13734));
#13734 = SURFACE_STYLE_FILL_AREA(#13735);
#13735 = FILL_AREA_STYLE('',(#13736));
#13736 = FILL_AREA_STYLE_COLOUR('',#13638);
#13737 = STYLED_ITEM('color',(#13738),#1464);
#13738 = PRESENTATION_STYLE_ASSIGNMENT((#13739));
#13739 = SURFACE_STYLE_USAGE(.BOTH.,#13740);
#13740 = SURFACE_SIDE_STYLE('',(#13741));
#13741 = SURFACE_STYLE_FILL_AREA(#13742);
#13742 = FILL_AREA_STYLE('',(#13743));
#13743 = FILL_AREA_STYLE_COLOUR('',#13638);
#13744 = STYLED_ITEM('color',(#13745),#1552);
#13745 = PRESENTATION_STYLE_ASSIGNMENT((#13746));
#13746 = SURFACE_STYLE_USAGE(.BOTH.,#13747);
#13747 = SURFACE_SIDE_STYLE('',(#13748));
#13748 = SURFACE_STYLE_FILL_AREA(#13749);
#13749 = FILL_AREA_STYLE('',(#13750));
#13750 = FILL_AREA_STYLE_COLOUR('',#13638);
#13751 = STYLED_ITEM('color',(#13752),#1640);
#13752 = PRESENTATION_STYLE_ASSIGNMENT((#13753));
#13753 = SURFACE_STYLE_USAGE(.BOTH.,#13754);
#13754 = SURFACE_SIDE_STYLE('',(#13755));
#13755 = SURFACE_STYLE_FILL_AREA(#13756);
#13756 = FILL_AREA_STYLE('',(#13757));
#13757 = FILL_AREA_STYLE_COLOUR('',#13638);
#13758 = STYLED_ITEM('color',(#13759),#1728);
#13759 = PRESENTATION_STYLE_ASSIGNMENT((#13760));
#13760 = SURFACE_STYLE_USAGE(.BOTH.,#13761);
#13761 = SURFACE_SIDE_STYLE('',(#13762));
#13762 = SURFACE_STYLE_FILL_AREA(#13763);
#13763 = FILL_AREA_STYLE('',(#13764));
#13764 = FILL_AREA_STYLE_COLOUR('',#13638);
#13765 = STYLED_ITEM('color',(#13766),#1816);
#13766 = PRESENTATION_STYLE_ASSIGNMENT((#13767));
#13767 = SURFACE_STYLE_USAGE(.BOTH.,#13768);
#13768 = SURFACE_SIDE_STYLE('',(#13769));
#13769 = SURFACE_STYLE_FILL_AREA(#13770);
#13770 = FILL_AREA_STYLE('',(#13771));
#13771 = FILL_AREA_STYLE_COLOUR('',#13638);
#13772 = STYLED_ITEM('color',(#13773),#1904);
#13773 = PRESENTATION_STYLE_ASSIGNMENT((#13774));
#13774 = SURFACE_STYLE_USAGE(.BOTH.,#13775);
#13775 = SURFACE_SIDE_STYLE('',(#13776));
#13776 = SURFACE_STYLE_FILL_AREA(#13777);
#13777 = FILL_AREA_STYLE('',(#13778));
#13778 = FILL_AREA_STYLE_COLOUR('',#13638);
#13779 = STYLED_ITEM('color',(#13780),#1992);
#13780 = PRESENTATION_STYLE_ASSIGNMENT((#13781));
#13781 = SURFACE_STYLE_USAGE(.BOTH.,#13782);
#13782 = SURFACE_SIDE_STYLE('',(#13783));
#13783 = SURFACE_STYLE_FILL_AREA(#13784);
#13784 = FILL_AREA_STYLE('',(#13785));
#13785 = FILL_AREA_STYLE_COLOUR('',#13638);
#13786 = STYLED_ITEM('color',(#13787),#2080);
#13787 = PRESENTATION_STYLE_ASSIGNMENT((#13788));
#13788 = SURFACE_STYLE_USAGE(.BOTH.,#13789);
#13789 = SURFACE_SIDE_STYLE('',(#13790));
#13790 = SURFACE_STYLE_FILL_AREA(#13791);
#13791 = FILL_AREA_STYLE('',(#13792));
#13792 = FILL_AREA_STYLE_COLOUR('',#13638);
#13793 = STYLED_ITEM('color',(#13794),#2168);
#13794 = PRESENTATION_STYLE_ASSIGNMENT((#13795));
#13795 = SURFACE_STYLE_USAGE(.BOTH.,#13796);
#13796 = SURFACE_SIDE_STYLE('',(#13797));
#13797 = SURFACE_STYLE_FILL_AREA(#13798);
#13798 = FILL_AREA_STYLE('',(#13799));
#13799 = FILL_AREA_STYLE_COLOUR('',#13638);
#13800 = STYLED_ITEM('color',(#13801),#2256);
#13801 = PRESENTATION_STYLE_ASSIGNMENT((#13802));
#13802 = SURFACE_STYLE_USAGE(.BOTH.,#13803);
#13803 = SURFACE_SIDE_STYLE('',(#13804));
#13804 = SURFACE_STYLE_FILL_AREA(#13805);
#13805 = FILL_AREA_STYLE('',(#13806));
#13806 = FILL_AREA_STYLE_COLOUR('',#13638);
#13807 = STYLED_ITEM('color',(#13808),#2344);
#13808 = PRESENTATION_STYLE_ASSIGNMENT((#13809));
#13809 = SURFACE_STYLE_USAGE(.BOTH.,#13810);
#13810 = SURFACE_SIDE_STYLE('',(#13811));
#13811 = SURFACE_STYLE_FILL_AREA(#13812);
#13812 = FILL_AREA_STYLE('',(#13813));
#13813 = FILL_AREA_STYLE_COLOUR('',#13638);
#13814 = STYLED_ITEM('color',(#13815),#2432);
#13815 = PRESENTATION_STYLE_ASSIGNMENT((#13816));
#13816 = SURFACE_STYLE_USAGE(.BOTH.,#13817);
#13817 = SURFACE_SIDE_STYLE('',(#13818));
#13818 = SURFACE_STYLE_FILL_AREA(#13819);
#13819 = FILL_AREA_STYLE('',(#13820));
#13820 = FILL_AREA_STYLE_COLOUR('',#13638);
#13821 = STYLED_ITEM('color',(#13822),#2520);
#13822 = PRESENTATION_STYLE_ASSIGNMENT((#13823));
#13823 = SURFACE_STYLE_USAGE(.BOTH.,#13824);
#13824 = SURFACE_SIDE_STYLE('',(#13825));
#13825 = SURFACE_STYLE_FILL_AREA(#13826);
#13826 = FILL_AREA_STYLE('',(#13827));
#13827 = FILL_AREA_STYLE_COLOUR('',#13638);
#13828 = STYLED_ITEM('color',(#13829),#2608);
#13829 = PRESENTATION_STYLE_ASSIGNMENT((#13830));
#13830 = SURFACE_STYLE_USAGE(.BOTH.,#13831);
#13831 = SURFACE_SIDE_STYLE('',(#13832));
#13832 = SURFACE_STYLE_FILL_AREA(#13833);
#13833 = FILL_AREA_STYLE('',(#13834));
#13834 = FILL_AREA_STYLE_COLOUR('',#13638);
#13835 = STYLED_ITEM('color',(#13836),#2696);
#13836 = PRESENTATION_STYLE_ASSIGNMENT((#13837));
#13837 = SURFACE_STYLE_USAGE(.BOTH.,#13838);
#13838 = SURFACE_SIDE_STYLE('',(#13839));
#13839 = SURFACE_STYLE_FILL_AREA(#13840);
#13840 = FILL_AREA_STYLE('',(#13841));
#13841 = FILL_AREA_STYLE_COLOUR('',#13638);
#13842 = STYLED_ITEM('color',(#13843),#2784);
#13843 = PRESENTATION_STYLE_ASSIGNMENT((#13844));
#13844 = SURFACE_STYLE_USAGE(.BOTH.,#13845);
#13845 = SURFACE_SIDE_STYLE('',(#13846));
#13846 = SURFACE_STYLE_FILL_AREA(#13847);
#13847 = FILL_AREA_STYLE('',(#13848));
#13848 = FILL_AREA_STYLE_COLOUR('',#13638);
#13849 = STYLED_ITEM('color',(#13850),#2872);
#13850 = PRESENTATION_STYLE_ASSIGNMENT((#13851));
#13851 = SURFACE_STYLE_USAGE(.BOTH.,#13852);
#13852 = SURFACE_SIDE_STYLE('',(#13853));
#13853 = SURFACE_STYLE_FILL_AREA(#13854);
#13854 = FILL_AREA_STYLE('',(#13855));
#13855 = FILL_AREA_STYLE_COLOUR('',#13638);
#13856 = STYLED_ITEM('color',(#13857),#2960);
#13857 = PRESENTATION_STYLE_ASSIGNMENT((#13858));
#13858 = SURFACE_STYLE_USAGE(.BOTH.,#13859);
#13859 = SURFACE_SIDE_STYLE('',(#13860));
#13860 = SURFACE_STYLE_FILL_AREA(#13861);
#13861 = FILL_AREA_STYLE('',(#13862));
#13862 = FILL_AREA_STYLE_COLOUR('',#13638);
#13863 = STYLED_ITEM('color',(#13864),#3048);
#13864 = PRESENTATION_STYLE_ASSIGNMENT((#13865));
#13865 = SURFACE_STYLE_USAGE(.BOTH.,#13866);
#13866 = SURFACE_SIDE_STYLE('',(#13867));
#13867 = SURFACE_STYLE_FILL_AREA(#13868);
#13868 = FILL_AREA_STYLE('',(#13869));
#13869 = FILL_AREA_STYLE_COLOUR('',#13638);
#13870 = STYLED_ITEM('color',(#13871),#3136);
#13871 = PRESENTATION_STYLE_ASSIGNMENT((#13872));
#13872 = SURFACE_STYLE_USAGE(.BOTH.,#13873);
#13873 = SURFACE_SIDE_STYLE('',(#13874));
#13874 = SURFACE_STYLE_FILL_AREA(#13875);
#13875 = FILL_AREA_STYLE('',(#13876));
#13876 = FILL_AREA_STYLE_COLOUR('',#13638);
#13877 = STYLED_ITEM('color',(#13878),#3224);
#13878 = PRESENTATION_STYLE_ASSIGNMENT((#13879));
#13879 = SURFACE_STYLE_USAGE(.BOTH.,#13880);
#13880 = SURFACE_SIDE_STYLE('',(#13881));
#13881 = SURFACE_STYLE_FILL_AREA(#13882);
#13882 = FILL_AREA_STYLE('',(#13883));
#13883 = FILL_AREA_STYLE_COLOUR('',#13638);
#13884 = STYLED_ITEM('color',(#13885),#3312);
#13885 = PRESENTATION_STYLE_ASSIGNMENT((#13886));
#13886 = SURFACE_STYLE_USAGE(.BOTH.,#13887);
#13887 = SURFACE_SIDE_STYLE('',(#13888));
#13888 = SURFACE_STYLE_FILL_AREA(#13889);
#13889 = FILL_AREA_STYLE('',(#13890));
#13890 = FILL_AREA_STYLE_COLOUR('',#13638);
#13891 = STYLED_ITEM('color',(#13892),#3400);
#13892 = PRESENTATION_STYLE_ASSIGNMENT((#13893));
#13893 = SURFACE_STYLE_USAGE(.BOTH.,#13894);
#13894 = SURFACE_SIDE_STYLE('',(#13895));
#13895 = SURFACE_STYLE_FILL_AREA(#13896);
#13896 = FILL_AREA_STYLE('',(#13897));
#13897 = FILL_AREA_STYLE_COLOUR('',#13638);
#13898 = STYLED_ITEM('color',(#13899),#3488);
#13899 = PRESENTATION_STYLE_ASSIGNMENT((#13900));
#13900 = SURFACE_STYLE_USAGE(.BOTH.,#13901);
#13901 = SURFACE_SIDE_STYLE('',(#13902));
#13902 = SURFACE_STYLE_FILL_AREA(#13903);
#13903 = FILL_AREA_STYLE('',(#13904));
#13904 = FILL_AREA_STYLE_COLOUR('',#13638);
#13905 = STYLED_ITEM('color',(#13906),#3576);
#13906 = PRESENTATION_STYLE_ASSIGNMENT((#13907));
#13907 = SURFACE_STYLE_USAGE(.BOTH.,#13908);
#13908 = SURFACE_SIDE_STYLE('',(#13909));
#13909 = SURFACE_STYLE_FILL_AREA(#13910);
#13910 = FILL_AREA_STYLE('',(#13911));
#13911 = FILL_AREA_STYLE_COLOUR('',#13638);
#13912 = STYLED_ITEM('color',(#13913),#3664);
#13913 = PRESENTATION_STYLE_ASSIGNMENT((#13914));
#13914 = SURFACE_STYLE_USAGE(.BOTH.,#13915);
#13915 = SURFACE_SIDE_STYLE('',(#13916));
#13916 = SURFACE_STYLE_FILL_AREA(#13917);
#13917 = FILL_AREA_STYLE('',(#13918));
#13918 = FILL_AREA_STYLE_COLOUR('',#13638);
#13919 = STYLED_ITEM('color',(#13920),#3752);
#13920 = PRESENTATION_STYLE_ASSIGNMENT((#13921));
#13921 = SURFACE_STYLE_USAGE(.BOTH.,#13922);
#13922 = SURFACE_SIDE_STYLE('',(#13923));
#13923 = SURFACE_STYLE_FILL_AREA(#13924);
#13924 = FILL_AREA_STYLE('',(#13925));
#13925 = FILL_AREA_STYLE_COLOUR('',#13638);
#13926 = STYLED_ITEM('color',(#13927),#3840);
#13927 = PRESENTATION_STYLE_ASSIGNMENT((#13928));
#13928 = SURFACE_STYLE_USAGE(.BOTH.,#13929);
#13929 = SURFACE_SIDE_STYLE('',(#13930));
#13930 = SURFACE_STYLE_FILL_AREA(#13931);
#13931 = FILL_AREA_STYLE('',(#13932));
#13932 = FILL_AREA_STYLE_COLOUR('',#13638);
#13933 = STYLED_ITEM('color',(#13934),#3928);
#13934 = PRESENTATION_STYLE_ASSIGNMENT((#13935));
#13935 = SURFACE_STYLE_USAGE(.BOTH.,#13936);
#13936 = SURFACE_SIDE_STYLE('',(#13937));
#13937 = SURFACE_STYLE_FILL_AREA(#13938);
#13938 = FILL_AREA_STYLE('',(#13939));
#13939 = FILL_AREA_STYLE_COLOUR('',#13638);
#13940 = STYLED_ITEM('color',(#13941),#4016);
#13941 = PRESENTATION_STYLE_ASSIGNMENT((#13942));
#13942 = SURFACE_STYLE_USAGE(.BOTH.,#13943);
#13943 = SURFACE_SIDE_STYLE('',(#13944));
#13944 = SURFACE_STYLE_FILL_AREA(#13945);
#13945 = FILL_AREA_STYLE('',(#13946));
#13946 = FILL_AREA_STYLE_COLOUR('',#13638);
#13947 = STYLED_ITEM('color',(#13948),#4104);
#13948 = PRESENTATION_STYLE_ASSIGNMENT((#13949));
#13949 = SURFACE_STYLE_USAGE(.BOTH.,#13950);
#13950 = SURFACE_SIDE_STYLE('',(#13951));
#13951 = SURFACE_STYLE_FILL_AREA(#13952);
#13952 = FILL_AREA_STYLE('',(#13953));
#13953 = FILL_AREA_STYLE_COLOUR('',#13638);
#13954 = STYLED_ITEM('color',(#13955),#4192);
#13955 = PRESENTATION_STYLE_ASSIGNMENT((#13956));
#13956 = SURFACE_STYLE_USAGE(.BOTH.,#13957);
#13957 = SURFACE_SIDE_STYLE('',(#13958));
#13958 = SURFACE_STYLE_FILL_AREA(#13959);
#13959 = FILL_AREA_STYLE('',(#13960));
#13960 = FILL_AREA_STYLE_COLOUR('',#13638);
#13961 = STYLED_ITEM('color',(#13962),#4280);
#13962 = PRESENTATION_STYLE_ASSIGNMENT((#13963));
#13963 = SURFACE_STYLE_USAGE(.BOTH.,#13964);
#13964 = SURFACE_SIDE_STYLE('',(#13965));
#13965 = SURFACE_STYLE_FILL_AREA(#13966);
#13966 = FILL_AREA_STYLE('',(#13967));
#13967 = FILL_AREA_STYLE_COLOUR('',#13638);
#13968 = STYLED_ITEM('color',(#13969),#4368);
#13969 = PRESENTATION_STYLE_ASSIGNMENT((#13970));
#13970 = SURFACE_STYLE_USAGE(.BOTH.,#13971);
#13971 = SURFACE_SIDE_STYLE('',(#13972));
#13972 = SURFACE_STYLE_FILL_AREA(#13973);
#13973 = FILL_AREA_STYLE('',(#13974));
#13974 = FILL_AREA_STYLE_COLOUR('',#13638);
#13975 = STYLED_ITEM('color',(#13976),#4456);
#13976 = PRESENTATION_STYLE_ASSIGNMENT((#13977));
#13977 = SURFACE_STYLE_USAGE(.BOTH.,#13978);
#13978 = SURFACE_SIDE_STYLE('',(#13979));
#13979 = SURFACE_STYLE_FILL_AREA(#13980);
#13980 = FILL_AREA_STYLE('',(#13981));
#13981 = FILL_AREA_STYLE_COLOUR('',#13638);
#13982 = STYLED_ITEM('color',(#13983),#4544);
#13983 = PRESENTATION_STYLE_ASSIGNMENT((#13984));
#13984 = SURFACE_STYLE_USAGE(.BOTH.,#13985);
#13985 = SURFACE_SIDE_STYLE('',(#13986));
#13986 = SURFACE_STYLE_FILL_AREA(#13987);
#13987 = FILL_AREA_STYLE('',(#13988));
#13988 = FILL_AREA_STYLE_COLOUR('',#13638);
#13989 = STYLED_ITEM('color',(#13990),#4632);
#13990 = PRESENTATION_STYLE_ASSIGNMENT((#13991));
#13991 = SURFACE_STYLE_USAGE(.BOTH.,#13992);
#13992 = SURFACE_SIDE_STYLE('',(#13993));
#13993 = SURFACE_STYLE_FILL_AREA(#13994);
#13994 = FILL_AREA_STYLE('',(#13995));
#13995 = FILL_AREA_STYLE_COLOUR('',#13638);
#13996 = STYLED_ITEM('color',(#13997),#4720);
#13997 = PRESENTATION_STYLE_ASSIGNMENT((#13998));
#13998 = SURFACE_STYLE_USAGE(.BOTH.,#13999);
#13999 = SURFACE_SIDE_STYLE('',(#14000));
#14000 = SURFACE_STYLE_FILL_AREA(#14001);
#14001 = FILL_AREA_STYLE('',(#14002));
#14002 = FILL_AREA_STYLE_COLOUR('',#13638);
#14003 = STYLED_ITEM('color',(#14004),#4808);
#14004 = PRESENTATION_STYLE_ASSIGNMENT((#14005));
#14005 = SURFACE_STYLE_USAGE(.BOTH.,#14006);
#14006 = SURFACE_SIDE_STYLE('',(#14007));
#14007 = SURFACE_STYLE_FILL_AREA(#14008);
#14008 = FILL_AREA_STYLE('',(#14009));
#14009 = FILL_AREA_STYLE_COLOUR('',#13638);
#14010 = STYLED_ITEM('color',(#14011),#4896);
#14011 = PRESENTATION_STYLE_ASSIGNMENT((#14012));
#14012 = SURFACE_STYLE_USAGE(.BOTH.,#14013);
#14013 = SURFACE_SIDE_STYLE('',(#14014));
#14014 = SURFACE_STYLE_FILL_AREA(#14015);
#14015 = FILL_AREA_STYLE('',(#14016));
#14016 = FILL_AREA_STYLE_COLOUR('',#13638);
#14017 = STYLED_ITEM('color',(#14018),#4984);
#14018 = PRESENTATION_STYLE_ASSIGNMENT((#14019));
#14019 = SURFACE_STYLE_USAGE(.BOTH.,#14020);
#14020 = SURFACE_SIDE_STYLE('',(#14021));
#14021 = SURFACE_STYLE_FILL_AREA(#14022);
#14022 = FILL_AREA_STYLE('',(#14023));
#14023 = FILL_AREA_STYLE_COLOUR('',#13638);
#14024 = STYLED_ITEM('color',(#14025),#5072);
#14025 = PRESENTATION_STYLE_ASSIGNMENT((#14026));
#14026 = SURFACE_STYLE_USAGE(.BOTH.,#14027);
#14027 = SURFACE_SIDE_STYLE('',(#14028));
#14028 = SURFACE_STYLE_FILL_AREA(#14029);
#14029 = FILL_AREA_STYLE('',(#14030));
#14030 = FILL_AREA_STYLE_COLOUR('',#13638);
#14031 = STYLED_ITEM('color',(#14032),#5160);
#14032 = PRESENTATION_STYLE_ASSIGNMENT((#14033));
#14033 = SURFACE_STYLE_USAGE(.BOTH.,#14034);
#14034 = SURFACE_SIDE_STYLE('',(#14035));
#14035 = SURFACE_STYLE_FILL_AREA(#14036);
#14036 = FILL_AREA_STYLE('',(#14037));
#14037 = FILL_AREA_STYLE_COLOUR('',#13638);
#14038 = STYLED_ITEM('color',(#14039),#5248);
#14039 = PRESENTATION_STYLE_ASSIGNMENT((#14040));
#14040 = SURFACE_STYLE_USAGE(.BOTH.,#14041);
#14041 = SURFACE_SIDE_STYLE('',(#14042));
#14042 = SURFACE_STYLE_FILL_AREA(#14043);
#14043 = FILL_AREA_STYLE('',(#14044));
#14044 = FILL_AREA_STYLE_COLOUR('',#13638);
#14045 = STYLED_ITEM('color',(#14046),#5336);
#14046 = PRESENTATION_STYLE_ASSIGNMENT((#14047));
#14047 = SURFACE_STYLE_USAGE(.BOTH.,#14048);
#14048 = SURFACE_SIDE_STYLE('',(#14049));
#14049 = SURFACE_STYLE_FILL_AREA(#14050);
#14050 = FILL_AREA_STYLE('',(#14051));
#14051 = FILL_AREA_STYLE_COLOUR('',#13638);
#14052 = STYLED_ITEM('color',(#14053),#5424);
#14053 = PRESENTATION_STYLE_ASSIGNMENT((#14054));
#14054 = SURFACE_STYLE_USAGE(.BOTH.,#14055);
#14055 = SURFACE_SIDE_STYLE('',(#14056));
#14056 = SURFACE_STYLE_FILL_AREA(#14057);
#14057 = FILL_AREA_STYLE('',(#14058));
#14058 = FILL_AREA_STYLE_COLOUR('',#13638);
#14059 = STYLED_ITEM('color',(#14060),#5512);
#14060 = PRESENTATION_STYLE_ASSIGNMENT((#14061));
#14061 = SURFACE_STYLE_USAGE(.BOTH.,#14062);
#14062 = SURFACE_SIDE_STYLE('',(#14063));
#14063 = SURFACE_STYLE_FILL_AREA(#14064);
#14064 = FILL_AREA_STYLE('',(#14065));
#14065 = FILL_AREA_STYLE_COLOUR('',#13638);
#14066 = STYLED_ITEM('color',(#14067),#5600);
#14067 = PRESENTATION_STYLE_ASSIGNMENT((#14068));
#14068 = SURFACE_STYLE_USAGE(.BOTH.,#14069);
#14069 = SURFACE_SIDE_STYLE('',(#14070));
#14070 = SURFACE_STYLE_FILL_AREA(#14071);
#14071 = FILL_AREA_STYLE('',(#14072));
#14072 = FILL_AREA_STYLE_COLOUR('',#13638);
#14073 = STYLED_ITEM('color',(#14074),#5688);
#14074 = PRESENTATION_STYLE_ASSIGNMENT((#14075));
#14075 = SURFACE_STYLE_USAGE(.BOTH.,#14076);
#14076 = SURFACE_SIDE_STYLE('',(#14077));
#14077 = SURFACE_STYLE_FILL_AREA(#14078);
#14078 = FILL_AREA_STYLE('',(#14079));
#14079 = FILL_AREA_STYLE_COLOUR('',#13638);
#14080 = MECHANICAL_DESIGN_GEOMETRIC_PRESENTATION_REPRESENTATION('',(
    #14081),#12779);
#14081 = STYLED_ITEM('color',(#14082),#12563);
#14082 = PRESENTATION_STYLE_ASSIGNMENT((#14083));
#14083 = SURFACE_STYLE_USAGE(.BOTH.,#14084);
#14084 = SURFACE_SIDE_STYLE('',(#14085,#14089));
#14085 = SURFACE_STYLE_FILL_AREA(#14086);
#14086 = FILL_AREA_STYLE('',(#14087));
#14087 = FILL_AREA_STYLE_COLOUR('',#14088);
#14088 = COLOUR_RGB('',0.313304153717,0.484529207832,0.410020903123);
#14089 = SURFACE_STYLE_RENDERING_WITH_PROPERTIES(.NORMAL_SHADING.,#14088
  ,(#14090));
#14090 = SURFACE_STYLE_TRANSPARENT(0.170000016689);
#14091 = MECHANICAL_DESIGN_GEOMETRIC_PRESENTATION_REPRESENTATION('',(
    #14092,#14100),#11409);
#14092 = STYLED_ITEM('color',(#14093),#5795);
#14093 = PRESENTATION_STYLE_ASSIGNMENT((#14094));
#14094 = SURFACE_STYLE_USAGE(.BOTH.,#14095);
#14095 = SURFACE_SIDE_STYLE('',(#14096));
#14096 = SURFACE_STYLE_FILL_AREA(#14097);
#14097 = FILL_AREA_STYLE('',(#14098));
#14098 = FILL_AREA_STYLE_COLOUR('',#14099);
#14099 = COLOUR_RGB('',0.968627457133,0.968627457133,0.968627457133);
#14100 = OVER_RIDING_STYLED_ITEM('overriding color',(#14101),#9594,
  #14092);
#14101 = PRESENTATION_STYLE_ASSIGNMENT((#14102));
#14102 = SURFACE_STYLE_USAGE(.BOTH.,#14103);
#14103 = SURFACE_SIDE_STYLE('',(#14104));
#14104 = SURFACE_STYLE_FILL_AREA(#14105);
#14105 = FILL_AREA_STYLE('',(#14106));
#14106 = FILL_AREA_STYLE_COLOUR('',#14107);
#14107 = COLOUR_RGB('',0.258823530754,0.258823530754,0.258823530754);
#14108 = MECHANICAL_DESIGN_GEOMETRIC_PRESENTATION_REPRESENTATION('',(
    #14109),#13572);
#14109 = STYLED_ITEM('color',(#14110),#12798);
#14110 = PRESENTATION_STYLE_ASSIGNMENT((#14111));
#14111 = SURFACE_STYLE_USAGE(.BOTH.,#14112);
#14112 = SURFACE_SIDE_STYLE('',(#14113));
#14113 = SURFACE_STYLE_FILL_AREA(#14114);
#14114 = FILL_AREA_STYLE('',(#14115));
#14115 = FILL_AREA_STYLE_COLOUR('',#14116);
#14116 = COLOUR_RGB('',0.583831500637,0.583831500637,0.583831500637);
#14117 = MECHANICAL_DESIGN_GEOMETRIC_PRESENTATION_REPRESENTATION('',(
    #14118),#11760);
#14118 = STYLED_ITEM('color',(#14119),#11610);
#14119 = PRESENTATION_STYLE_ASSIGNMENT((#14120));
#14120 = SURFACE_STYLE_USAGE(.BOTH.,#14121);
#14121 = SURFACE_SIDE_STYLE('',(#14122));
#14122 = SURFACE_STYLE_FILL_AREA(#14123);
#14123 = FILL_AREA_STYLE('',(#14124));
#14124 = FILL_AREA_STYLE_COLOUR('',#14125);
#14125 = COLOUR_RGB('',0.498039215105,0.498039215105,0.498039215105);
#14126 = MECHANICAL_DESIGN_GEOMETRIC_PRESENTATION_REPRESENTATION('',(
    #14127),#12542);
#14127 = STYLED_ITEM('color',(#14128),#12326);
#14128 = PRESENTATION_STYLE_ASSIGNMENT((#14129));
#14129 = SURFACE_STYLE_USAGE(.BOTH.,#14130);
#14130 = SURFACE_SIDE_STYLE('',(#14131,#14134));
#14131 = SURFACE_STYLE_FILL_AREA(#14132);
#14132 = FILL_AREA_STYLE('',(#14133));
#14133 = FILL_AREA_STYLE_COLOUR('',#14088);
#14134 = SURFACE_STYLE_RENDERING_WITH_PROPERTIES(.NORMAL_SHADING.,#14088
  ,(#14135));
#14135 = SURFACE_STYLE_TRANSPARENT(0.170000016689);
ENDSEC;
END-ISO-10303-21;
